"r_sq","mape","att","cf","intercept","att2","intercept2","sample_size","county_id","iterations","ban_year","donor_number","chosen_donor"
0.696151249291539,0.112624093659275,-0.0469840292508474,0.822362704576354,-0.177476342546523,0.00413453988697374,-0.185849325070356,9,"MA",90000,2014,"donor_1","IA"
0.696151249291539,0.112624093659275,-0.0469840292508474,0.822362704576354,-0.177476342546523,0.00413453988697374,-0.185849325070356,9,"MA",90000,2014,"donor_2","MO"
0.696151249291539,0.112624093659275,-0.0469840292508474,0.822362704576354,-0.177476342546523,0.00413453988697374,-0.185849325070356,9,"MA",90000,2014,"donor_3","TX"
0.696151249291539,0.112624093659275,-0.0469840292508474,0.822362704576354,-0.177476342546523,0.00413453988697374,-0.185849325070356,9,"MA",90000,2014,"donor_4","MN"
0.696151249291539,0.112624093659275,-0.0469840292508474,0.822362704576354,-0.177476342546523,0.00413453988697374,-0.185849325070356,9,"MA",90000,2014,"donor_5","TN"
0.696151249291539,0.112624093659275,-0.0469840292508474,0.822362704576354,-0.177476342546523,0.00413453988697374,-0.185849325070356,9,"MA",90000,2014,"donor_6","AL"
0.696151249291539,0.112624093659275,-0.0469840292508474,0.822362704576354,-0.177476342546523,0.00413453988697374,-0.185849325070356,9,"MA",90000,2014,"donor_7","IL"
0.696151249291539,0.112624093659275,-0.0469840292508474,0.822362704576354,-0.177476342546523,0.00413453988697374,-0.185849325070356,9,"MA",90000,2014,"donor_8","CO"
0.696151249291539,0.112624093659275,-0.0469840292508474,0.822362704576354,-0.177476342546523,0.00413453988697374,-0.185849325070356,9,"MA",90000,2014,"donor_9","MI"
0.176717595067495,0.113410852190837,-0.0685268813330725,0.841382081247128,-0.144399186103377,-0.0253853153897959,-0.15184798430328,9,"MA",90000,2014,"donor_1","NC"
0.176717595067495,0.113410852190837,-0.0685268813330725,0.841382081247128,-0.144399186103377,-0.0253853153897959,-0.15184798430328,9,"MA",90000,2014,"donor_2","OR"
0.176717595067495,0.113410852190837,-0.0685268813330725,0.841382081247128,-0.144399186103377,-0.0253853153897959,-0.15184798430328,9,"MA",90000,2014,"donor_3","WA"
0.176717595067495,0.113410852190837,-0.0685268813330725,0.841382081247128,-0.144399186103377,-0.0253853153897959,-0.15184798430328,9,"MA",90000,2014,"donor_4","TX"
0.176717595067495,0.113410852190837,-0.0685268813330725,0.841382081247128,-0.144399186103377,-0.0253853153897959,-0.15184798430328,9,"MA",90000,2014,"donor_5","MI"
0.176717595067495,0.113410852190837,-0.0685268813330725,0.841382081247128,-0.144399186103377,-0.0253853153897959,-0.15184798430328,9,"MA",90000,2014,"donor_6","IA"
0.176717595067495,0.113410852190837,-0.0685268813330725,0.841382081247128,-0.144399186103377,-0.0253853153897959,-0.15184798430328,9,"MA",90000,2014,"donor_7","CO"
0.176717595067495,0.113410852190837,-0.0685268813330725,0.841382081247128,-0.144399186103377,-0.0253853153897959,-0.15184798430328,9,"MA",90000,2014,"donor_8","IL"
0.176717595067495,0.113410852190837,-0.0685268813330725,0.841382081247128,-0.144399186103377,-0.0253853153897959,-0.15184798430328,9,"MA",90000,2014,"donor_9","AL"
0.460297040497977,0.113952065439934,-0.0667402397677433,0.839771331204391,-0.132765939050492,-0.0106946376066366,-0.142280794973465,9,"MA",90000,2014,"donor_1","PA"
0.460297040497977,0.113952065439934,-0.0667402397677433,0.839771331204391,-0.132765939050492,-0.0106946376066366,-0.142280794973465,9,"MA",90000,2014,"donor_2","CO"
0.460297040497977,0.113952065439934,-0.0667402397677433,0.839771331204391,-0.132765939050492,-0.0106946376066366,-0.142280794973465,9,"MA",90000,2014,"donor_3","TX"
0.460297040497977,0.113952065439934,-0.0667402397677433,0.839771331204391,-0.132765939050492,-0.0106946376066366,-0.142280794973465,9,"MA",90000,2014,"donor_4","IA"
0.460297040497977,0.113952065439934,-0.0667402397677433,0.839771331204391,-0.132765939050492,-0.0106946376066366,-0.142280794973465,9,"MA",90000,2014,"donor_5","MI"
0.460297040497977,0.113952065439934,-0.0667402397677433,0.839771331204391,-0.132765939050492,-0.0106946376066366,-0.142280794973465,9,"MA",90000,2014,"donor_6","AL"
0.460297040497977,0.113952065439934,-0.0667402397677433,0.839771331204391,-0.132765939050492,-0.0106946376066366,-0.142280794973465,9,"MA",90000,2014,"donor_7","OR"
0.460297040497977,0.113952065439934,-0.0667402397677433,0.839771331204391,-0.132765939050492,-0.0106946376066366,-0.142280794973465,9,"MA",90000,2014,"donor_8","WI"
0.460297040497977,0.113952065439934,-0.0667402397677433,0.839771331204391,-0.132765939050492,-0.0106946376066366,-0.142280794973465,9,"MA",90000,2014,"donor_9","MN"
0.346259346836854,0.114037655058962,-0.0627203608013566,0.836169653572975,-0.140723288625866,-0.0146079635928982,-0.148888592387209,9,"MA",90000,2014,"donor_1","CO"
0.346259346836854,0.114037655058962,-0.0627203608013566,0.836169653572975,-0.140723288625866,-0.0146079635928982,-0.148888592387209,9,"MA",90000,2014,"donor_2","MI"
0.346259346836854,0.114037655058962,-0.0627203608013566,0.836169653572975,-0.140723288625866,-0.0146079635928982,-0.148888592387209,9,"MA",90000,2014,"donor_3","PA"
0.346259346836854,0.114037655058962,-0.0627203608013566,0.836169653572975,-0.140723288625866,-0.0146079635928982,-0.148888592387209,9,"MA",90000,2014,"donor_4","MN"
0.346259346836854,0.114037655058962,-0.0627203608013566,0.836169653572975,-0.140723288625866,-0.0146079635928982,-0.148888592387209,9,"MA",90000,2014,"donor_5","AZ"
0.346259346836854,0.114037655058962,-0.0627203608013566,0.836169653572975,-0.140723288625866,-0.0146079635928982,-0.148888592387209,9,"MA",90000,2014,"donor_6","TX"
0.346259346836854,0.114037655058962,-0.0627203608013566,0.836169653572975,-0.140723288625866,-0.0146079635928982,-0.148888592387209,9,"MA",90000,2014,"donor_7","WA"
0.346259346836854,0.114037655058962,-0.0627203608013566,0.836169653572975,-0.140723288625866,-0.0146079635928982,-0.148888592387209,9,"MA",90000,2014,"donor_8","AL"
0.346259346836854,0.114037655058962,-0.0627203608013566,0.836169653572975,-0.140723288625866,-0.0146079635928982,-0.148888592387209,9,"MA",90000,2014,"donor_9","IA"
0.59465249493365,0.114066592356617,-0.0299908166838249,0.807956053086435,-0.174644063736499,0.019969047102931,-0.182559083211361,9,"MA",90000,2014,"donor_1","AL"
0.59465249493365,0.114066592356617,-0.0299908166838249,0.807956053086435,-0.174644063736499,0.019969047102931,-0.182559083211361,9,"MA",90000,2014,"donor_2","CO"
0.59465249493365,0.114066592356617,-0.0299908166838249,0.807956053086435,-0.174644063736499,0.019969047102931,-0.182559083211361,9,"MA",90000,2014,"donor_3","IA"
0.59465249493365,0.114066592356617,-0.0299908166838249,0.807956053086435,-0.174644063736499,0.019969047102931,-0.182559083211361,9,"MA",90000,2014,"donor_4","WI"
0.59465249493365,0.114066592356617,-0.0299908166838249,0.807956053086435,-0.174644063736499,0.019969047102931,-0.182559083211361,9,"MA",90000,2014,"donor_5","MI"
0.59465249493365,0.114066592356617,-0.0299908166838249,0.807956053086435,-0.174644063736499,0.019969047102931,-0.182559083211361,9,"MA",90000,2014,"donor_6","MN"
0.59465249493365,0.114066592356617,-0.0299908166838249,0.807956053086435,-0.174644063736499,0.019969047102931,-0.182559083211361,9,"MA",90000,2014,"donor_7","MO"
0.59465249493365,0.114066592356617,-0.0299908166838249,0.807956053086435,-0.174644063736499,0.019969047102931,-0.182559083211361,9,"MA",90000,2014,"donor_8","TN"
0.59465249493365,0.114066592356617,-0.0299908166838249,0.807956053086435,-0.174644063736499,0.019969047102931,-0.182559083211361,9,"MA",90000,2014,"donor_9","TX"
0.394762203902045,0.114494936215266,-0.074500802930125,0.846813042832453,-0.165216582669806,-0.0204971021204272,-0.174554184080863,9,"MA",90000,2014,"donor_1","IL"
0.394762203902045,0.114494936215266,-0.074500802930125,0.846813042832453,-0.165216582669806,-0.0204971021204272,-0.174554184080863,9,"MA",90000,2014,"donor_2","IA"
0.394762203902045,0.114494936215266,-0.074500802930125,0.846813042832453,-0.165216582669806,-0.0204971021204272,-0.174554184080863,9,"MA",90000,2014,"donor_3","AL"
0.394762203902045,0.114494936215266,-0.074500802930125,0.846813042832453,-0.165216582669806,-0.0204971021204272,-0.174554184080863,9,"MA",90000,2014,"donor_4","NC"
0.394762203902045,0.114494936215266,-0.074500802930125,0.846813042832453,-0.165216582669806,-0.0204971021204272,-0.174554184080863,9,"MA",90000,2014,"donor_5","MO"
0.394762203902045,0.114494936215266,-0.074500802930125,0.846813042832453,-0.165216582669806,-0.0204971021204272,-0.174554184080863,9,"MA",90000,2014,"donor_6","AZ"
0.394762203902045,0.114494936215266,-0.074500802930125,0.846813042832453,-0.165216582669806,-0.0204971021204272,-0.174554184080863,9,"MA",90000,2014,"donor_7","MN"
0.394762203902045,0.114494936215266,-0.074500802930125,0.846813042832453,-0.165216582669806,-0.0204971021204272,-0.174554184080863,9,"MA",90000,2014,"donor_8","CO"
0.394762203902045,0.114494936215266,-0.074500802930125,0.846813042832453,-0.165216582669806,-0.0204971021204272,-0.174554184080863,9,"MA",90000,2014,"donor_9","MI"
0.027339220452732,0.114888732316524,0.0866256448881937,0.721246360139395,-0.197673099724905,0.15858112812257,-0.206631925156312,9,"MA",90000,2014,"donor_1","IN"
0.027339220452732,0.114888732316524,0.0866256448881937,0.721246360139395,-0.197673099724905,0.15858112812257,-0.206631925156312,9,"MA",90000,2014,"donor_2","CO"
0.027339220452732,0.114888732316524,0.0866256448881937,0.721246360139395,-0.197673099724905,0.15858112812257,-0.206631925156312,9,"MA",90000,2014,"donor_3","NY"
0.027339220452732,0.114888732316524,0.0866256448881937,0.721246360139395,-0.197673099724905,0.15858112812257,-0.206631925156312,9,"MA",90000,2014,"donor_4","MD"
0.027339220452732,0.114888732316524,0.0866256448881937,0.721246360139395,-0.197673099724905,0.15858112812257,-0.206631925156312,9,"MA",90000,2014,"donor_5","TX"
0.027339220452732,0.114888732316524,0.0866256448881937,0.721246360139395,-0.197673099724905,0.15858112812257,-0.206631925156312,9,"MA",90000,2014,"donor_6","MN"
0.027339220452732,0.114888732316524,0.0866256448881937,0.721246360139395,-0.197673099724905,0.15858112812257,-0.206631925156312,9,"MA",90000,2014,"donor_7","IA"
0.027339220452732,0.114888732316524,0.0866256448881937,0.721246360139395,-0.197673099724905,0.15858112812257,-0.206631925156312,9,"MA",90000,2014,"donor_8","AL"
0.027339220452732,0.114888732316524,0.0866256448881937,0.721246360139395,-0.197673099724905,0.15858112812257,-0.206631925156312,9,"MA",90000,2014,"donor_9","UT"
0.514490668549153,0.115434197126551,-0.0624796318981743,0.835954948687164,-0.168447261345539,-0.0050621422965894,-0.178095790487737,9,"MA",90000,2014,"donor_1","IL"
0.514490668549153,0.115434197126551,-0.0624796318981743,0.835954948687164,-0.168447261345539,-0.0050621422965894,-0.178095790487737,9,"MA",90000,2014,"donor_2","IA"
0.514490668549153,0.115434197126551,-0.0624796318981743,0.835954948687164,-0.168447261345539,-0.0050621422965894,-0.178095790487737,9,"MA",90000,2014,"donor_3","AL"
0.514490668549153,0.115434197126551,-0.0624796318981743,0.835954948687164,-0.168447261345539,-0.0050621422965894,-0.178095790487737,9,"MA",90000,2014,"donor_4","CO"
0.514490668549153,0.115434197126551,-0.0624796318981743,0.835954948687164,-0.168447261345539,-0.0050621422965894,-0.178095790487737,9,"MA",90000,2014,"donor_5","TX"
0.514490668549153,0.115434197126551,-0.0624796318981743,0.835954948687164,-0.168447261345539,-0.0050621422965894,-0.178095790487737,9,"MA",90000,2014,"donor_6","NC"
0.514490668549153,0.115434197126551,-0.0624796318981743,0.835954948687164,-0.168447261345539,-0.0050621422965894,-0.178095790487737,9,"MA",90000,2014,"donor_7","MN"
0.514490668549153,0.115434197126551,-0.0624796318981743,0.835954948687164,-0.168447261345539,-0.0050621422965894,-0.178095790487737,9,"MA",90000,2014,"donor_8","MO"
0.514490668549153,0.115434197126551,-0.0624796318981743,0.835954948687164,-0.168447261345539,-0.0050621422965894,-0.178095790487737,9,"MA",90000,2014,"donor_9","WA"
0.013040469680152,0.116176298600012,0.0159373265986326,0.771430255283218,-0.188375577277222,0.0682056731798411,-0.195924944399818,9,"MA",90000,2014,"donor_1","IA"
0.013040469680152,0.116176298600012,0.0159373265986326,0.771430255283218,-0.188375577277222,0.0682056731798411,-0.195924944399818,9,"MA",90000,2014,"donor_2","MN"
0.013040469680152,0.116176298600012,0.0159373265986326,0.771430255283218,-0.188375577277222,0.0682056731798411,-0.195924944399818,9,"MA",90000,2014,"donor_3","TX"
0.013040469680152,0.116176298600012,0.0159373265986326,0.771430255283218,-0.188375577277222,0.0682056731798411,-0.195924944399818,9,"MA",90000,2014,"donor_4","MD"
0.013040469680152,0.116176298600012,0.0159373265986326,0.771430255283218,-0.188375577277222,0.0682056731798411,-0.195924944399818,9,"MA",90000,2014,"donor_5","UT"
0.013040469680152,0.116176298600012,0.0159373265986326,0.771430255283218,-0.188375577277222,0.0682056731798411,-0.195924944399818,9,"MA",90000,2014,"donor_6","AL"
0.013040469680152,0.116176298600012,0.0159373265986326,0.771430255283218,-0.188375577277222,0.0682056731798411,-0.195924944399818,9,"MA",90000,2014,"donor_7","OR"
0.013040469680152,0.116176298600012,0.0159373265986326,0.771430255283218,-0.188375577277222,0.0682056731798411,-0.195924944399818,9,"MA",90000,2014,"donor_8","CO"
0.013040469680152,0.116176298600012,0.0159373265986326,0.771430255283218,-0.188375577277222,0.0682056731798411,-0.195924944399818,9,"MA",90000,2014,"donor_9","IL"
0.0299560902928993,0.116368585080426,0.017121874489976,0.770531841725184,-0.207019097789652,0.0794871523987062,-0.215922294523385,9,"MA",90000,2014,"donor_1","IA"
0.0299560902928993,0.116368585080426,0.017121874489976,0.770531841725184,-0.207019097789652,0.0794871523987062,-0.215922294523385,9,"MA",90000,2014,"donor_2","MD"
0.0299560902928993,0.116368585080426,0.017121874489976,0.770531841725184,-0.207019097789652,0.0794871523987062,-0.215922294523385,9,"MA",90000,2014,"donor_3","AL"
0.0299560902928993,0.116368585080426,0.017121874489976,0.770531841725184,-0.207019097789652,0.0794871523987062,-0.215922294523385,9,"MA",90000,2014,"donor_4","GA"
0.0299560902928993,0.116368585080426,0.017121874489976,0.770531841725184,-0.207019097789652,0.0794871523987062,-0.215922294523385,9,"MA",90000,2014,"donor_5","MN"
0.0299560902928993,0.116368585080426,0.017121874489976,0.770531841725184,-0.207019097789652,0.0794871523987062,-0.215922294523385,9,"MA",90000,2014,"donor_6","WA"
0.0299560902928993,0.116368585080426,0.017121874489976,0.770531841725184,-0.207019097789652,0.0794871523987062,-0.215922294523385,9,"MA",90000,2014,"donor_7","UT"
0.0299560902928993,0.116368585080426,0.017121874489976,0.770531841725184,-0.207019097789652,0.0794871523987062,-0.215922294523385,9,"MA",90000,2014,"donor_8","TX"
0.0299560902928993,0.116368585080426,0.017121874489976,0.770531841725184,-0.207019097789652,0.0794871523987062,-0.215922294523385,9,"MA",90000,2014,"donor_9","CO"
0.407665139691715,0.116628701338195,-0.0843890016584171,0.855958253700828,-0.123029326910502,-0.0348896940250202,-0.131809533827571,9,"MA",90000,2014,"donor_1","CO"
0.407665139691715,0.116628701338195,-0.0843890016584171,0.855958253700828,-0.123029326910502,-0.0348896940250202,-0.131809533827571,9,"MA",90000,2014,"donor_2","IA"
0.407665139691715,0.116628701338195,-0.0843890016584171,0.855958253700828,-0.123029326910502,-0.0348896940250202,-0.131809533827571,9,"MA",90000,2014,"donor_3","MN"
0.407665139691715,0.116628701338195,-0.0843890016584171,0.855958253700828,-0.123029326910502,-0.0348896940250202,-0.131809533827571,9,"MA",90000,2014,"donor_4","OR"
0.407665139691715,0.116628701338195,-0.0843890016584171,0.855958253700828,-0.123029326910502,-0.0348896940250202,-0.131809533827571,9,"MA",90000,2014,"donor_5","AL"
0.407665139691715,0.116628701338195,-0.0843890016584171,0.855958253700828,-0.123029326910502,-0.0348896940250202,-0.131809533827571,9,"MA",90000,2014,"donor_6","WA"
0.407665139691715,0.116628701338195,-0.0843890016584171,0.855958253700828,-0.123029326910502,-0.0348896940250202,-0.131809533827571,9,"MA",90000,2014,"donor_7","AZ"
0.407665139691715,0.116628701338195,-0.0843890016584171,0.855958253700828,-0.123029326910502,-0.0348896940250202,-0.131809533827571,9,"MA",90000,2014,"donor_8","MI"
0.407665139691715,0.116628701338195,-0.0843890016584171,0.855958253700828,-0.123029326910502,-0.0348896940250202,-0.131809533827571,9,"MA",90000,2014,"donor_9","PA"
0.116255301983827,0.116731313756436,-0.0748970534532215,0.847175759341399,-0.131356674894556,-0.0190649002910028,-0.141000462085961,9,"MA",90000,2014,"donor_1","CO"
0.116255301983827,0.116731313756436,-0.0748970534532215,0.847175759341399,-0.131356674894556,-0.0190649002910028,-0.141000462085961,9,"MA",90000,2014,"donor_2","MI"
0.116255301983827,0.116731313756436,-0.0748970534532215,0.847175759341399,-0.131356674894556,-0.0190649002910028,-0.141000462085961,9,"MA",90000,2014,"donor_3","OR"
0.116255301983827,0.116731313756436,-0.0748970534532215,0.847175759341399,-0.131356674894556,-0.0190649002910028,-0.141000462085961,9,"MA",90000,2014,"donor_4","NY"
0.116255301983827,0.116731313756436,-0.0748970534532215,0.847175759341399,-0.131356674894556,-0.0190649002910028,-0.141000462085961,9,"MA",90000,2014,"donor_5","GA"
0.116255301983827,0.116731313756436,-0.0748970534532215,0.847175759341399,-0.131356674894556,-0.0190649002910028,-0.141000462085961,9,"MA",90000,2014,"donor_6","MN"
0.116255301983827,0.116731313756436,-0.0748970534532215,0.847175759341399,-0.131356674894556,-0.0190649002910028,-0.141000462085961,9,"MA",90000,2014,"donor_7","AL"
0.116255301983827,0.116731313756436,-0.0748970534532215,0.847175759341399,-0.131356674894556,-0.0190649002910028,-0.141000462085961,9,"MA",90000,2014,"donor_8","WA"
0.116255301983827,0.116731313756436,-0.0748970534532215,0.847175759341399,-0.131356674894556,-0.0190649002910028,-0.141000462085961,9,"MA",90000,2014,"donor_9","NC"
0.739206207773498,0.116900476116672,-0.0568981105989962,0.831007550740359,-0.164618243451469,-0.00796658806224841,-0.172816044898062,9,"MA",90000,2014,"donor_1","CO"
0.739206207773498,0.116900476116672,-0.0568981105989962,0.831007550740359,-0.164618243451469,-0.00796658806224841,-0.172816044898062,9,"MA",90000,2014,"donor_2","PA"
0.739206207773498,0.116900476116672,-0.0568981105989962,0.831007550740359,-0.164618243451469,-0.00796658806224841,-0.172816044898062,9,"MA",90000,2014,"donor_3","TN"
0.739206207773498,0.116900476116672,-0.0568981105989962,0.831007550740359,-0.164618243451469,-0.00796658806224841,-0.172816044898062,9,"MA",90000,2014,"donor_4","IA"
0.739206207773498,0.116900476116672,-0.0568981105989962,0.831007550740359,-0.164618243451469,-0.00796658806224841,-0.172816044898062,9,"MA",90000,2014,"donor_5","MI"
0.739206207773498,0.116900476116672,-0.0568981105989962,0.831007550740359,-0.164618243451469,-0.00796658806224841,-0.172816044898062,9,"MA",90000,2014,"donor_6","WA"
0.739206207773498,0.116900476116672,-0.0568981105989962,0.831007550740359,-0.164618243451469,-0.00796658806224841,-0.172816044898062,9,"MA",90000,2014,"donor_7","MN"
0.739206207773498,0.116900476116672,-0.0568981105989962,0.831007550740359,-0.164618243451469,-0.00796658806224841,-0.172816044898062,9,"MA",90000,2014,"donor_8","NC"
0.739206207773498,0.116900476116672,-0.0568981105989962,0.831007550740359,-0.164618243451469,-0.00796658806224841,-0.172816044898062,9,"MA",90000,2014,"donor_9","AL"
0.0287030088519877,0.116906478225461,-0.00480435051108029,0.78750825690628,-0.160633213093749,0.0615401921000912,-0.170476811196918,9,"MA",90000,2014,"donor_1","IA"
0.0287030088519877,0.116906478225461,-0.00480435051108029,0.78750825690628,-0.160633213093749,0.0615401921000912,-0.170476811196918,9,"MA",90000,2014,"donor_2","TX"
0.0287030088519877,0.116906478225461,-0.00480435051108029,0.78750825690628,-0.160633213093749,0.0615401921000912,-0.170476811196918,9,"MA",90000,2014,"donor_3","NC"
0.0287030088519877,0.116906478225461,-0.00480435051108029,0.78750825690628,-0.160633213093749,0.0615401921000912,-0.170476811196918,9,"MA",90000,2014,"donor_4","MO"
0.0287030088519877,0.116906478225461,-0.00480435051108029,0.78750825690628,-0.160633213093749,0.0615401921000912,-0.170476811196918,9,"MA",90000,2014,"donor_5","NY"
0.0287030088519877,0.116906478225461,-0.00480435051108029,0.78750825690628,-0.160633213093749,0.0615401921000912,-0.170476811196918,9,"MA",90000,2014,"donor_6","IN"
0.0287030088519877,0.116906478225461,-0.00480435051108029,0.78750825690628,-0.160633213093749,0.0615401921000912,-0.170476811196918,9,"MA",90000,2014,"donor_7","CO"
0.0287030088519877,0.116906478225461,-0.00480435051108029,0.78750825690628,-0.160633213093749,0.0615401921000912,-0.170476811196918,9,"MA",90000,2014,"donor_8","WA"
0.0287030088519877,0.116906478225461,-0.00480435051108029,0.78750825690628,-0.160633213093749,0.0615401921000912,-0.170476811196918,9,"MA",90000,2014,"donor_9","AL"
0.0954627324622984,0.117052236542292,-0.106437230750751,0.877078609562259,-0.142406849799596,-0.0556310054237973,-0.151844062101736,9,"MA",90000,2014,"donor_1","NY"
0.0954627324622984,0.117052236542292,-0.106437230750751,0.877078609562259,-0.142406849799596,-0.0556310054237973,-0.151844062101736,9,"MA",90000,2014,"donor_2","IL"
0.0954627324622984,0.117052236542292,-0.106437230750751,0.877078609562259,-0.142406849799596,-0.0556310054237973,-0.151844062101736,9,"MA",90000,2014,"donor_3","NC"
0.0954627324622984,0.117052236542292,-0.106437230750751,0.877078609562259,-0.142406849799596,-0.0556310054237973,-0.151844062101736,9,"MA",90000,2014,"donor_4","MN"
0.0954627324622984,0.117052236542292,-0.106437230750751,0.877078609562259,-0.142406849799596,-0.0556310054237973,-0.151844062101736,9,"MA",90000,2014,"donor_5","CO"
0.0954627324622984,0.117052236542292,-0.106437230750751,0.877078609562259,-0.142406849799596,-0.0556310054237973,-0.151844062101736,9,"MA",90000,2014,"donor_6","TX"
0.0954627324622984,0.117052236542292,-0.106437230750751,0.877078609562259,-0.142406849799596,-0.0556310054237973,-0.151844062101736,9,"MA",90000,2014,"donor_7","AL"
0.0954627324622984,0.117052236542292,-0.106437230750751,0.877078609562259,-0.142406849799596,-0.0556310054237973,-0.151844062101736,9,"MA",90000,2014,"donor_8","MI"
0.0954627324622984,0.117052236542292,-0.106437230750751,0.877078609562259,-0.142406849799596,-0.0556310054237973,-0.151844062101736,9,"MA",90000,2014,"donor_9","KY"
0.0501428726708272,0.117580731316037,-0.047837212727051,0.823099580959646,-0.121793201413437,0.0133531556333832,-0.131733618784468,9,"MA",90000,2014,"donor_1","IL"
0.0501428726708272,0.117580731316037,-0.047837212727051,0.823099580959646,-0.121793201413437,0.0133531556333832,-0.131733618784468,9,"MA",90000,2014,"donor_2","WA"
0.0501428726708272,0.117580731316037,-0.047837212727051,0.823099580959646,-0.121793201413437,0.0133531556333832,-0.131733618784468,9,"MA",90000,2014,"donor_3","WI"
0.0501428726708272,0.117580731316037,-0.047837212727051,0.823099580959646,-0.121793201413437,0.0133531556333832,-0.131733618784468,9,"MA",90000,2014,"donor_4","CO"
0.0501428726708272,0.117580731316037,-0.047837212727051,0.823099580959646,-0.121793201413437,0.0133531556333832,-0.131733618784468,9,"MA",90000,2014,"donor_5","NC"
0.0501428726708272,0.117580731316037,-0.047837212727051,0.823099580959646,-0.121793201413437,0.0133531556333832,-0.131733618784468,9,"MA",90000,2014,"donor_6","AL"
0.0501428726708272,0.117580731316037,-0.047837212727051,0.823099580959646,-0.121793201413437,0.0133531556333832,-0.131733618784468,9,"MA",90000,2014,"donor_7","MN"
0.0501428726708272,0.117580731316037,-0.047837212727051,0.823099580959646,-0.121793201413437,0.0133531556333832,-0.131733618784468,9,"MA",90000,2014,"donor_8","MO"
0.0501428726708272,0.117580731316037,-0.047837212727051,0.823099580959646,-0.121793201413437,0.0133531556333832,-0.131733618784468,9,"MA",90000,2014,"donor_9","NY"
0.099207181230579,0.117791063833705,-0.10972807995797,0.880320690304073,-0.129199739000249,-0.0565386011060457,-0.139125698619738,9,"MA",90000,2014,"donor_1","PA"
0.099207181230579,0.117791063833705,-0.10972807995797,0.880320690304073,-0.129199739000249,-0.0565386011060457,-0.139125698619738,9,"MA",90000,2014,"donor_2","KY"
0.099207181230579,0.117791063833705,-0.10972807995797,0.880320690304073,-0.129199739000249,-0.0565386011060457,-0.139125698619738,9,"MA",90000,2014,"donor_3","AL"
0.099207181230579,0.117791063833705,-0.10972807995797,0.880320690304073,-0.129199739000249,-0.0565386011060457,-0.139125698619738,9,"MA",90000,2014,"donor_4","TX"
0.099207181230579,0.117791063833705,-0.10972807995797,0.880320690304073,-0.129199739000249,-0.0565386011060457,-0.139125698619738,9,"MA",90000,2014,"donor_5","CO"
0.099207181230579,0.117791063833705,-0.10972807995797,0.880320690304073,-0.129199739000249,-0.0565386011060457,-0.139125698619738,9,"MA",90000,2014,"donor_6","MI"
0.099207181230579,0.117791063833705,-0.10972807995797,0.880320690304073,-0.129199739000249,-0.0565386011060457,-0.139125698619738,9,"MA",90000,2014,"donor_7","WI"
0.099207181230579,0.117791063833705,-0.10972807995797,0.880320690304073,-0.129199739000249,-0.0565386011060457,-0.139125698619738,9,"MA",90000,2014,"donor_8","IA"
0.099207181230579,0.117791063833705,-0.10972807995797,0.880320690304073,-0.129199739000249,-0.0565386011060457,-0.139125698619738,9,"MA",90000,2014,"donor_9","WA"
0.147197730110735,0.117984658159202,-0.0466092431546156,0.822039426733013,-0.147572448791585,-0.00552793258689889,-0.154364083890271,9,"MA",90000,2014,"donor_1","MN"
0.147197730110735,0.117984658159202,-0.0466092431546156,0.822039426733013,-0.147572448791585,-0.00552793258689889,-0.154364083890271,9,"MA",90000,2014,"donor_2","MI"
0.147197730110735,0.117984658159202,-0.0466092431546156,0.822039426733013,-0.147572448791585,-0.00552793258689889,-0.154364083890271,9,"MA",90000,2014,"donor_3","TN"
0.147197730110735,0.117984658159202,-0.0466092431546156,0.822039426733013,-0.147572448791585,-0.00552793258689889,-0.154364083890271,9,"MA",90000,2014,"donor_4","WA"
0.147197730110735,0.117984658159202,-0.0466092431546156,0.822039426733013,-0.147572448791585,-0.00552793258689889,-0.154364083890271,9,"MA",90000,2014,"donor_5","OR"
0.147197730110735,0.117984658159202,-0.0466092431546156,0.822039426733013,-0.147572448791585,-0.00552793258689889,-0.154364083890271,9,"MA",90000,2014,"donor_6","AL"
0.147197730110735,0.117984658159202,-0.0466092431546156,0.822039426733013,-0.147572448791585,-0.00552793258689889,-0.154364083890271,9,"MA",90000,2014,"donor_7","CO"
0.147197730110735,0.117984658159202,-0.0466092431546156,0.822039426733013,-0.147572448791585,-0.00552793258689889,-0.154364083890271,9,"MA",90000,2014,"donor_8","NC"
0.147197730110735,0.117984658159202,-0.0466092431546156,0.822039426733013,-0.147572448791585,-0.00552793258689889,-0.154364083890271,9,"MA",90000,2014,"donor_9","MO"
0.397584539157175,0.11830795989092,-0.0309447944857162,0.808751438256611,-0.142591788539906,0.0328587119081921,-0.15258370262592,9,"MA",90000,2014,"donor_1","TX"
0.397584539157175,0.11830795989092,-0.0309447944857162,0.808751438256611,-0.142591788539906,0.0328587119081921,-0.15258370262592,9,"MA",90000,2014,"donor_2","IN"
0.397584539157175,0.11830795989092,-0.0309447944857162,0.808751438256611,-0.142591788539906,0.0328587119081921,-0.15258370262592,9,"MA",90000,2014,"donor_3","WA"
0.397584539157175,0.11830795989092,-0.0309447944857162,0.808751438256611,-0.142591788539906,0.0328587119081921,-0.15258370262592,9,"MA",90000,2014,"donor_4","WI"
0.397584539157175,0.11830795989092,-0.0309447944857162,0.808751438256611,-0.142591788539906,0.0328587119081921,-0.15258370262592,9,"MA",90000,2014,"donor_5","OR"
0.397584539157175,0.11830795989092,-0.0309447944857162,0.808751438256611,-0.142591788539906,0.0328587119081921,-0.15258370262592,9,"MA",90000,2014,"donor_6","TN"
0.397584539157175,0.11830795989092,-0.0309447944857162,0.808751438256611,-0.142591788539906,0.0328587119081921,-0.15258370262592,9,"MA",90000,2014,"donor_7","AL"
0.397584539157175,0.11830795989092,-0.0309447944857162,0.808751438256611,-0.142591788539906,0.0328587119081921,-0.15258370262592,9,"MA",90000,2014,"donor_8","CO"
0.397584539157175,0.11830795989092,-0.0309447944857162,0.808751438256611,-0.142591788539906,0.0328587119081921,-0.15258370262592,9,"MA",90000,2014,"donor_9","IA"
0.121670405172459,0.118899045184551,-0.0426089347695415,0.818604663937488,-0.148382872741628,-0.00124089003019622,-0.155164102374192,9,"MA",90000,2014,"donor_1","MI"
0.121670405172459,0.118899045184551,-0.0426089347695415,0.818604663937488,-0.148382872741628,-0.00124089003019622,-0.155164102374192,9,"MA",90000,2014,"donor_2","MN"
0.121670405172459,0.118899045184551,-0.0426089347695415,0.818604663937488,-0.148382872741628,-0.00124089003019622,-0.155164102374192,9,"MA",90000,2014,"donor_3","TX"
0.121670405172459,0.118899045184551,-0.0426089347695415,0.818604663937488,-0.148382872741628,-0.00124089003019622,-0.155164102374192,9,"MA",90000,2014,"donor_4","CO"
0.121670405172459,0.118899045184551,-0.0426089347695415,0.818604663937488,-0.148382872741628,-0.00124089003019622,-0.155164102374192,9,"MA",90000,2014,"donor_5","NC"
0.121670405172459,0.118899045184551,-0.0426089347695415,0.818604663937488,-0.148382872741628,-0.00124089003019622,-0.155164102374192,9,"MA",90000,2014,"donor_6","AL"
0.121670405172459,0.118899045184551,-0.0426089347695415,0.818604663937488,-0.148382872741628,-0.00124089003019622,-0.155164102374192,9,"MA",90000,2014,"donor_7","TN"
0.121670405172459,0.118899045184551,-0.0426089347695415,0.818604663937488,-0.148382872741628,-0.00124089003019622,-0.155164102374192,9,"MA",90000,2014,"donor_8","OR"
0.121670405172459,0.118899045184551,-0.0426089347695415,0.818604663937488,-0.148382872741628,-0.00124089003019622,-0.155164102374192,9,"MA",90000,2014,"donor_9","WI"
0.564187419577611,0.119051560687128,-0.0597902383842167,0.8335637675819,-0.154389415300063,0.00063051065427088,-0.164455977666968,9,"MA",90000,2014,"donor_1","PA"
0.564187419577611,0.119051560687128,-0.0597902383842167,0.8335637675819,-0.154389415300063,0.00063051065427088,-0.164455977666968,9,"MA",90000,2014,"donor_2","MN"
0.564187419577611,0.119051560687128,-0.0597902383842167,0.8335637675819,-0.154389415300063,0.00063051065427088,-0.164455977666968,9,"MA",90000,2014,"donor_3","IA"
0.564187419577611,0.119051560687128,-0.0597902383842167,0.8335637675819,-0.154389415300063,0.00063051065427088,-0.164455977666968,9,"MA",90000,2014,"donor_4","IL"
0.564187419577611,0.119051560687128,-0.0597902383842167,0.8335637675819,-0.154389415300063,0.00063051065427088,-0.164455977666968,9,"MA",90000,2014,"donor_5","NC"
0.564187419577611,0.119051560687128,-0.0597902383842167,0.8335637675819,-0.154389415300063,0.00063051065427088,-0.164455977666968,9,"MA",90000,2014,"donor_6","NY"
0.564187419577611,0.119051560687128,-0.0597902383842167,0.8335637675819,-0.154389415300063,0.00063051065427088,-0.164455977666968,9,"MA",90000,2014,"donor_7","CO"
0.564187419577611,0.119051560687128,-0.0597902383842167,0.8335637675819,-0.154389415300063,0.00063051065427088,-0.164455977666968,9,"MA",90000,2014,"donor_8","TX"
0.564187419577611,0.119051560687128,-0.0597902383842167,0.8335637675819,-0.154389415300063,0.00063051065427088,-0.164455977666968,9,"MA",90000,2014,"donor_9","AL"
0.156233172005853,0.119087425531,-0.0878345326772266,0.859191472694075,-0.136169187640914,-0.030733816036173,-0.146292402426368,9,"MA",90000,2014,"donor_1","WA"
0.156233172005853,0.119087425531,-0.0878345326772266,0.859191472694075,-0.136169187640914,-0.030733816036173,-0.146292402426368,9,"MA",90000,2014,"donor_2","IA"
0.156233172005853,0.119087425531,-0.0878345326772266,0.859191472694075,-0.136169187640914,-0.030733816036173,-0.146292402426368,9,"MA",90000,2014,"donor_3","AL"
0.156233172005853,0.119087425531,-0.0878345326772266,0.859191472694075,-0.136169187640914,-0.030733816036173,-0.146292402426368,9,"MA",90000,2014,"donor_4","UT"
0.156233172005853,0.119087425531,-0.0878345326772266,0.859191472694075,-0.136169187640914,-0.030733816036173,-0.146292402426368,9,"MA",90000,2014,"donor_5","AZ"
0.156233172005853,0.119087425531,-0.0878345326772266,0.859191472694075,-0.136169187640914,-0.030733816036173,-0.146292402426368,9,"MA",90000,2014,"donor_6","NC"
0.156233172005853,0.119087425531,-0.0878345326772266,0.859191472694075,-0.136169187640914,-0.030733816036173,-0.146292402426368,9,"MA",90000,2014,"donor_7","CO"
0.156233172005853,0.119087425531,-0.0878345326772266,0.859191472694075,-0.136169187640914,-0.030733816036173,-0.146292402426368,9,"MA",90000,2014,"donor_8","WI"
0.156233172005853,0.119087425531,-0.0878345326772266,0.859191472694075,-0.136169187640914,-0.030733816036173,-0.146292402426368,9,"MA",90000,2014,"donor_9","MI"
0.0105867359598552,0.119341192422156,0.0534790860499136,0.743939582273397,-0.232950695997537,0.1107769462487,-0.240625710558363,9,"MA",90000,2014,"donor_1","MD"
0.0105867359598552,0.119341192422156,0.0534790860499136,0.743939582273397,-0.232950695997537,0.1107769462487,-0.240625710558363,9,"MA",90000,2014,"donor_2","FL"
0.0105867359598552,0.119341192422156,0.0534790860499136,0.743939582273397,-0.232950695997537,0.1107769462487,-0.240625710558363,9,"MA",90000,2014,"donor_3","IA"
0.0105867359598552,0.119341192422156,0.0534790860499136,0.743939582273397,-0.232950695997537,0.1107769462487,-0.240625710558363,9,"MA",90000,2014,"donor_4","TX"
0.0105867359598552,0.119341192422156,0.0534790860499136,0.743939582273397,-0.232950695997537,0.1107769462487,-0.240625710558363,9,"MA",90000,2014,"donor_5","MN"
0.0105867359598552,0.119341192422156,0.0534790860499136,0.743939582273397,-0.232950695997537,0.1107769462487,-0.240625710558363,9,"MA",90000,2014,"donor_6","AL"
0.0105867359598552,0.119341192422156,0.0534790860499136,0.743939582273397,-0.232950695997537,0.1107769462487,-0.240625710558363,9,"MA",90000,2014,"donor_7","NC"
0.0105867359598552,0.119341192422156,0.0534790860499136,0.743939582273397,-0.232950695997537,0.1107769462487,-0.240625710558363,9,"MA",90000,2014,"donor_8","IN"
0.0105867359598552,0.119341192422156,0.0534790860499136,0.743939582273397,-0.232950695997537,0.1107769462487,-0.240625710558363,9,"MA",90000,2014,"donor_9","CO"
0.0384374388884917,0.119423019590048,-0.0314615900349824,0.809182974207538,-0.119720790009222,0.0233715903556311,-0.128392141923205,9,"MA",90000,2014,"donor_1","MI"
0.0384374388884917,0.119423019590048,-0.0314615900349824,0.809182974207538,-0.119720790009222,0.0233715903556311,-0.128392141923205,9,"MA",90000,2014,"donor_2","CO"
0.0384374388884917,0.119423019590048,-0.0314615900349824,0.809182974207538,-0.119720790009222,0.0233715903556311,-0.128392141923205,9,"MA",90000,2014,"donor_3","AL"
0.0384374388884917,0.119423019590048,-0.0314615900349824,0.809182974207538,-0.119720790009222,0.0233715903556311,-0.128392141923205,9,"MA",90000,2014,"donor_4","WA"
0.0384374388884917,0.119423019590048,-0.0314615900349824,0.809182974207538,-0.119720790009222,0.0233715903556311,-0.128392141923205,9,"MA",90000,2014,"donor_5","WI"
0.0384374388884917,0.119423019590048,-0.0314615900349824,0.809182974207538,-0.119720790009222,0.0233715903556311,-0.128392141923205,9,"MA",90000,2014,"donor_6","PA"
0.0384374388884917,0.119423019590048,-0.0314615900349824,0.809182974207538,-0.119720790009222,0.0233715903556311,-0.128392141923205,9,"MA",90000,2014,"donor_7","MO"
0.0384374388884917,0.119423019590048,-0.0314615900349824,0.809182974207538,-0.119720790009222,0.0233715903556311,-0.128392141923205,9,"MA",90000,2014,"donor_8","IA"
0.0384374388884917,0.119423019590048,-0.0314615900349824,0.809182974207538,-0.119720790009222,0.0233715903556311,-0.128392141923205,9,"MA",90000,2014,"donor_9","NY"
0.176109846954541,0.119792482965877,-0.0256432279676721,0.804350945880971,-0.150015674025812,0.0396375769949426,-0.160117016720893,9,"MA",90000,2014,"donor_1","NC"
0.176109846954541,0.119792482965877,-0.0256432279676721,0.804350945880971,-0.150015674025812,0.0396375769949426,-0.160117016720893,9,"MA",90000,2014,"donor_2","TX"
0.176109846954541,0.119792482965877,-0.0256432279676721,0.804350945880971,-0.150015674025812,0.0396375769949426,-0.160117016720893,9,"MA",90000,2014,"donor_3","CO"
0.176109846954541,0.119792482965877,-0.0256432279676721,0.804350945880971,-0.150015674025812,0.0396375769949426,-0.160117016720893,9,"MA",90000,2014,"donor_4","IN"
0.176109846954541,0.119792482965877,-0.0256432279676721,0.804350945880971,-0.150015674025812,0.0396375769949426,-0.160117016720893,9,"MA",90000,2014,"donor_5","IA"
0.176109846954541,0.119792482965877,-0.0256432279676721,0.804350945880971,-0.150015674025812,0.0396375769949426,-0.160117016720893,9,"MA",90000,2014,"donor_6","AL"
0.176109846954541,0.119792482965877,-0.0256432279676721,0.804350945880971,-0.150015674025812,0.0396375769949426,-0.160117016720893,9,"MA",90000,2014,"donor_7","WI"
0.176109846954541,0.119792482965877,-0.0256432279676721,0.804350945880971,-0.150015674025812,0.0396375769949426,-0.160117016720893,9,"MA",90000,2014,"donor_8","WA"
0.176109846954541,0.119792482965877,-0.0256432279676721,0.804350945880971,-0.150015674025812,0.0396375769949426,-0.160117016720893,9,"MA",90000,2014,"donor_9","MI"
0.295346737218543,0.119920630068676,-0.0942486036546431,0.865275829959531,-0.107793306025268,-0.0423042212781452,-0.117179630904457,9,"MA",90000,2014,"donor_1","MI"
0.295346737218543,0.119920630068676,-0.0942486036546431,0.865275829959531,-0.107793306025268,-0.0423042212781452,-0.117179630904457,9,"MA",90000,2014,"donor_2","MN"
0.295346737218543,0.119920630068676,-0.0942486036546431,0.865275829959531,-0.107793306025268,-0.0423042212781452,-0.117179630904457,9,"MA",90000,2014,"donor_3","OR"
0.295346737218543,0.119920630068676,-0.0942486036546431,0.865275829959531,-0.107793306025268,-0.0423042212781452,-0.117179630904457,9,"MA",90000,2014,"donor_4","AL"
0.295346737218543,0.119920630068676,-0.0942486036546431,0.865275829959531,-0.107793306025268,-0.0423042212781452,-0.117179630904457,9,"MA",90000,2014,"donor_5","FL"
0.295346737218543,0.119920630068676,-0.0942486036546431,0.865275829959531,-0.107793306025268,-0.0423042212781452,-0.117179630904457,9,"MA",90000,2014,"donor_6","NY"
0.295346737218543,0.119920630068676,-0.0942486036546431,0.865275829959531,-0.107793306025268,-0.0423042212781452,-0.117179630904457,9,"MA",90000,2014,"donor_7","CO"
0.295346737218543,0.119920630068676,-0.0942486036546431,0.865275829959531,-0.107793306025268,-0.0423042212781452,-0.117179630904457,9,"MA",90000,2014,"donor_8","WA"
0.295346737218543,0.119920630068676,-0.0942486036546431,0.865275829959531,-0.107793306025268,-0.0423042212781452,-0.117179630904457,9,"MA",90000,2014,"donor_9","PA"
0.322724103699592,0.120038327812008,0.149055713688022,0.682059870442906,-0.168503723582225,0.232233589053562,-0.177711765206721,9,"MA",90000,2014,"donor_1","CO"
0.322724103699592,0.120038327812008,0.149055713688022,0.682059870442906,-0.168503723582225,0.232233589053562,-0.177711765206721,9,"MA",90000,2014,"donor_2","WA"
0.322724103699592,0.120038327812008,0.149055713688022,0.682059870442906,-0.168503723582225,0.232233589053562,-0.177711765206721,9,"MA",90000,2014,"donor_3","MD"
0.322724103699592,0.120038327812008,0.149055713688022,0.682059870442906,-0.168503723582225,0.232233589053562,-0.177711765206721,9,"MA",90000,2014,"donor_4","MN"
0.322724103699592,0.120038327812008,0.149055713688022,0.682059870442906,-0.168503723582225,0.232233589053562,-0.177711765206721,9,"MA",90000,2014,"donor_5","IN"
0.322724103699592,0.120038327812008,0.149055713688022,0.682059870442906,-0.168503723582225,0.232233589053562,-0.177711765206721,9,"MA",90000,2014,"donor_6","IA"
0.322724103699592,0.120038327812008,0.149055713688022,0.682059870442906,-0.168503723582225,0.232233589053562,-0.177711765206721,9,"MA",90000,2014,"donor_7","WI"
0.322724103699592,0.120038327812008,0.149055713688022,0.682059870442906,-0.168503723582225,0.232233589053562,-0.177711765206721,9,"MA",90000,2014,"donor_8","TN"
0.322724103699592,0.120038327812008,0.149055713688022,0.682059870442906,-0.168503723582225,0.232233589053562,-0.177711765206721,9,"MA",90000,2014,"donor_9","MI"
0.491165118795147,0.120119954474598,-0.0733533033279917,0.845764404086724,-0.137521171866565,-0.0139645594160884,-0.147709220599249,9,"MA",90000,2014,"donor_1","WI"
0.491165118795147,0.120119954474598,-0.0733533033279917,0.845764404086724,-0.137521171866565,-0.0139645594160884,-0.147709220599249,9,"MA",90000,2014,"donor_2","NC"
0.491165118795147,0.120119954474598,-0.0733533033279917,0.845764404086724,-0.137521171866565,-0.0139645594160884,-0.147709220599249,9,"MA",90000,2014,"donor_3","AL"
0.491165118795147,0.120119954474598,-0.0733533033279917,0.845764404086724,-0.137521171866565,-0.0139645594160884,-0.147709220599249,9,"MA",90000,2014,"donor_4","CO"
0.491165118795147,0.120119954474598,-0.0733533033279917,0.845764404086724,-0.137521171866565,-0.0139645594160884,-0.147709220599249,9,"MA",90000,2014,"donor_5","TN"
0.491165118795147,0.120119954474598,-0.0733533033279917,0.845764404086724,-0.137521171866565,-0.0139645594160884,-0.147709220599249,9,"MA",90000,2014,"donor_6","WA"
0.491165118795147,0.120119954474598,-0.0733533033279917,0.845764404086724,-0.137521171866565,-0.0139645594160884,-0.147709220599249,9,"MA",90000,2014,"donor_7","MN"
0.491165118795147,0.120119954474598,-0.0733533033279917,0.845764404086724,-0.137521171866565,-0.0139645594160884,-0.147709220599249,9,"MA",90000,2014,"donor_8","UT"
0.491165118795147,0.120119954474598,-0.0733533033279917,0.845764404086724,-0.137521171866565,-0.0139645594160884,-0.147709220599249,9,"MA",90000,2014,"donor_9","MI"
0.335956530654472,0.12052901353627,0.0653990074737804,0.735616220506964,-0.224298732653509,0.134996405751401,-0.233320254628146,9,"MA",90000,2014,"donor_1","CO"
0.335956530654472,0.12052901353627,0.0653990074737804,0.735616220506964,-0.224298732653509,0.134996405751401,-0.233320254628146,9,"MA",90000,2014,"donor_2","TN"
0.335956530654472,0.12052901353627,0.0653990074737804,0.735616220506964,-0.224298732653509,0.134996405751401,-0.233320254628146,9,"MA",90000,2014,"donor_3","NC"
0.335956530654472,0.12052901353627,0.0653990074737804,0.735616220506964,-0.224298732653509,0.134996405751401,-0.233320254628146,9,"MA",90000,2014,"donor_4","IA"
0.335956530654472,0.12052901353627,0.0653990074737804,0.735616220506964,-0.224298732653509,0.134996405751401,-0.233320254628146,9,"MA",90000,2014,"donor_5","IN"
0.335956530654472,0.12052901353627,0.0653990074737804,0.735616220506964,-0.224298732653509,0.134996405751401,-0.233320254628146,9,"MA",90000,2014,"donor_6","UT"
0.335956530654472,0.12052901353627,0.0653990074737804,0.735616220506964,-0.224298732653509,0.134996405751401,-0.233320254628146,9,"MA",90000,2014,"donor_7","MD"
0.335956530654472,0.12052901353627,0.0653990074737804,0.735616220506964,-0.224298732653509,0.134996405751401,-0.233320254628146,9,"MA",90000,2014,"donor_8","AL"
0.335956530654472,0.12052901353627,0.0653990074737804,0.735616220506964,-0.224298732653509,0.134996405751401,-0.233320254628146,9,"MA",90000,2014,"donor_9","MN"
0.113422292196587,0.120598671113434,-0.117523191214405,0.888096756092935,-0.137204526294685,-0.0633807181643657,-0.147472039598138,9,"MA",90000,2014,"donor_1","WA"
0.113422292196587,0.120598671113434,-0.117523191214405,0.888096756092935,-0.137204526294685,-0.0633807181643657,-0.147472039598138,9,"MA",90000,2014,"donor_2","CO"
0.113422292196587,0.120598671113434,-0.117523191214405,0.888096756092935,-0.137204526294685,-0.0633807181643657,-0.147472039598138,9,"MA",90000,2014,"donor_3","IL"
0.113422292196587,0.120598671113434,-0.117523191214405,0.888096756092935,-0.137204526294685,-0.0633807181643657,-0.147472039598138,9,"MA",90000,2014,"donor_4","OR"
0.113422292196587,0.120598671113434,-0.117523191214405,0.888096756092935,-0.137204526294685,-0.0633807181643657,-0.147472039598138,9,"MA",90000,2014,"donor_5","MI"
0.113422292196587,0.120598671113434,-0.117523191214405,0.888096756092935,-0.137204526294685,-0.0633807181643657,-0.147472039598138,9,"MA",90000,2014,"donor_6","MO"
0.113422292196587,0.120598671113434,-0.117523191214405,0.888096756092935,-0.137204526294685,-0.0633807181643657,-0.147472039598138,9,"MA",90000,2014,"donor_7","IA"
0.113422292196587,0.120598671113434,-0.117523191214405,0.888096756092935,-0.137204526294685,-0.0633807181643657,-0.147472039598138,9,"MA",90000,2014,"donor_8","NJ"
0.113422292196587,0.120598671113434,-0.117523191214405,0.888096756092935,-0.137204526294685,-0.0633807181643657,-0.147472039598138,9,"MA",90000,2014,"donor_9","AL"
0.0850568918784841,0.120697117783982,0.028396207924031,0.762084481808618,-0.196467998349639,0.0793693239599193,-0.203665872118714,9,"MA",90000,2014,"donor_1","IA"
0.0850568918784841,0.120697117783982,0.028396207924031,0.762084481808618,-0.196467998349639,0.0793693239599193,-0.203665872118714,9,"MA",90000,2014,"donor_2","MN"
0.0850568918784841,0.120697117783982,0.028396207924031,0.762084481808618,-0.196467998349639,0.0793693239599193,-0.203665872118714,9,"MA",90000,2014,"donor_3","AL"
0.0850568918784841,0.120697117783982,0.028396207924031,0.762084481808618,-0.196467998349639,0.0793693239599193,-0.203665872118714,9,"MA",90000,2014,"donor_4","MI"
0.0850568918784841,0.120697117783982,0.028396207924031,0.762084481808618,-0.196467998349639,0.0793693239599193,-0.203665872118714,9,"MA",90000,2014,"donor_5","CO"
0.0850568918784841,0.120697117783982,0.028396207924031,0.762084481808618,-0.196467998349639,0.0793693239599193,-0.203665872118714,9,"MA",90000,2014,"donor_6","IL"
0.0850568918784841,0.120697117783982,0.028396207924031,0.762084481808618,-0.196467998349639,0.0793693239599193,-0.203665872118714,9,"MA",90000,2014,"donor_7","WA"
0.0850568918784841,0.120697117783982,0.028396207924031,0.762084481808618,-0.196467998349639,0.0793693239599193,-0.203665872118714,9,"MA",90000,2014,"donor_8","MD"
0.0850568918784841,0.120697117783982,0.028396207924031,0.762084481808618,-0.196467998349639,0.0793693239599193,-0.203665872118714,9,"MA",90000,2014,"donor_9","GA"
0.49716021708508,0.120816787161126,-0.0389965108314054,0.815527518935198,-0.165183714381281,0.0234411957255661,-0.175134392178712,9,"MA",90000,2014,"donor_1","IA"
0.49716021708508,0.120816787161126,-0.0389965108314054,0.815527518935198,-0.165183714381281,0.0234411957255661,-0.175134392178712,9,"MA",90000,2014,"donor_2","MO"
0.49716021708508,0.120816787161126,-0.0389965108314054,0.815527518935198,-0.165183714381281,0.0234411957255661,-0.175134392178712,9,"MA",90000,2014,"donor_3","NC"
0.49716021708508,0.120816787161126,-0.0389965108314054,0.815527518935198,-0.165183714381281,0.0234411957255661,-0.175134392178712,9,"MA",90000,2014,"donor_4","WA"
0.49716021708508,0.120816787161126,-0.0389965108314054,0.815527518935198,-0.165183714381281,0.0234411957255661,-0.175134392178712,9,"MA",90000,2014,"donor_5","TX"
0.49716021708508,0.120816787161126,-0.0389965108314054,0.815527518935198,-0.165183714381281,0.0234411957255661,-0.175134392178712,9,"MA",90000,2014,"donor_6","TN"
0.49716021708508,0.120816787161126,-0.0389965108314054,0.815527518935198,-0.165183714381281,0.0234411957255661,-0.175134392178712,9,"MA",90000,2014,"donor_7","FL"
0.49716021708508,0.120816787161126,-0.0389965108314054,0.815527518935198,-0.165183714381281,0.0234411957255661,-0.175134392178712,9,"MA",90000,2014,"donor_8","MI"
0.49716021708508,0.120816787161126,-0.0389965108314054,0.815527518935198,-0.165183714381281,0.0234411957255661,-0.175134392178712,9,"MA",90000,2014,"donor_9","CO"
0.212010235447185,0.121009555402435,-0.0682175516053422,0.841102762302499,-0.128583184702234,-0.016686500878522,-0.137398869455754,9,"MA",90000,2014,"donor_1","OR"
0.212010235447185,0.121009555402435,-0.0682175516053422,0.841102762302499,-0.128583184702234,-0.016686500878522,-0.137398869455754,9,"MA",90000,2014,"donor_2","MI"
0.212010235447185,0.121009555402435,-0.0682175516053422,0.841102762302499,-0.128583184702234,-0.016686500878522,-0.137398869455754,9,"MA",90000,2014,"donor_3","IA"
0.212010235447185,0.121009555402435,-0.0682175516053422,0.841102762302499,-0.128583184702234,-0.016686500878522,-0.137398869455754,9,"MA",90000,2014,"donor_4","CO"
0.212010235447185,0.121009555402435,-0.0682175516053422,0.841102762302499,-0.128583184702234,-0.016686500878522,-0.137398869455754,9,"MA",90000,2014,"donor_5","NC"
0.212010235447185,0.121009555402435,-0.0682175516053422,0.841102762302499,-0.128583184702234,-0.016686500878522,-0.137398869455754,9,"MA",90000,2014,"donor_6","IL"
0.212010235447185,0.121009555402435,-0.0682175516053422,0.841102762302499,-0.128583184702234,-0.016686500878522,-0.137398869455754,9,"MA",90000,2014,"donor_7","NY"
0.212010235447185,0.121009555402435,-0.0682175516053422,0.841102762302499,-0.128583184702234,-0.016686500878522,-0.137398869455754,9,"MA",90000,2014,"donor_8","AL"
0.212010235447185,0.121009555402435,-0.0682175516053422,0.841102762302499,-0.128583184702234,-0.016686500878522,-0.137398869455754,9,"MA",90000,2014,"donor_9","PA"
0.138342577146688,0.121133324263878,-0.0402066053041335,0.816555724951696,-0.144694047581571,0.0247395980719515,-0.155044422307092,9,"MA",90000,2014,"donor_1","NC"
0.138342577146688,0.121133324263878,-0.0402066053041335,0.816555724951696,-0.144694047581571,0.0247395980719515,-0.155044422307092,9,"MA",90000,2014,"donor_2","AL"
0.138342577146688,0.121133324263878,-0.0402066053041335,0.816555724951696,-0.144694047581571,0.0247395980719515,-0.155044422307092,9,"MA",90000,2014,"donor_3","TN"
0.138342577146688,0.121133324263878,-0.0402066053041335,0.816555724951696,-0.144694047581571,0.0247395980719515,-0.155044422307092,9,"MA",90000,2014,"donor_4","IN"
0.138342577146688,0.121133324263878,-0.0402066053041335,0.816555724951696,-0.144694047581571,0.0247395980719515,-0.155044422307092,9,"MA",90000,2014,"donor_5","PA"
0.138342577146688,0.121133324263878,-0.0402066053041335,0.816555724951696,-0.144694047581571,0.0247395980719515,-0.155044422307092,9,"MA",90000,2014,"donor_6","MN"
0.138342577146688,0.121133324263878,-0.0402066053041335,0.816555724951696,-0.144694047581571,0.0247395980719515,-0.155044422307092,9,"MA",90000,2014,"donor_7","MI"
0.138342577146688,0.121133324263878,-0.0402066053041335,0.816555724951696,-0.144694047581571,0.0247395980719515,-0.155044422307092,9,"MA",90000,2014,"donor_8","CO"
0.138342577146688,0.121133324263878,-0.0402066053041335,0.816555724951696,-0.144694047581571,0.0247395980719515,-0.155044422307092,9,"MA",90000,2014,"donor_9","AZ"
0.0361531163625235,0.121266758835755,-0.0658327998405919,0.838955586404657,-0.0968283938767303,-0.00466446763094299,-0.107139994809171,9,"MA",90000,2014,"donor_1","CO"
0.0361531163625235,0.121266758835755,-0.0658327998405919,0.838955586404657,-0.0968283938767303,-0.00466446763094299,-0.107139994809171,9,"MA",90000,2014,"donor_2","PA"
0.0361531163625235,0.121266758835755,-0.0658327998405919,0.838955586404657,-0.0968283938767303,-0.00466446763094299,-0.107139994809171,9,"MA",90000,2014,"donor_3","MN"
0.0361531163625235,0.121266758835755,-0.0658327998405919,0.838955586404657,-0.0968283938767303,-0.00466446763094299,-0.107139994809171,9,"MA",90000,2014,"donor_4","NY"
0.0361531163625235,0.121266758835755,-0.0658327998405919,0.838955586404657,-0.0968283938767303,-0.00466446763094299,-0.107139994809171,9,"MA",90000,2014,"donor_5","IL"
0.0361531163625235,0.121266758835755,-0.0658327998405919,0.838955586404657,-0.0968283938767303,-0.00466446763094299,-0.107139994809171,9,"MA",90000,2014,"donor_6","MO"
0.0361531163625235,0.121266758835755,-0.0658327998405919,0.838955586404657,-0.0968283938767303,-0.00466446763094299,-0.107139994809171,9,"MA",90000,2014,"donor_7","AL"
0.0361531163625235,0.121266758835755,-0.0658327998405919,0.838955586404657,-0.0968283938767303,-0.00466446763094299,-0.107139994809171,9,"MA",90000,2014,"donor_8","WA"
0.0361531163625235,0.121266758835755,-0.0658327998405919,0.838955586404657,-0.0968283938767303,-0.00466446763094299,-0.107139994809171,9,"MA",90000,2014,"donor_9","OR"
0.0811447283739606,0.121423769786669,-0.0331719242330967,0.810614431721038,-0.118645463010235,0.0319781562133352,-0.128880484966794,9,"MA",90000,2014,"donor_1","AL"
0.0811447283739606,0.121423769786669,-0.0331719242330967,0.810614431721038,-0.118645463010235,0.0319781562133352,-0.128880484966794,9,"MA",90000,2014,"donor_2","NY"
0.0811447283739606,0.121423769786669,-0.0331719242330967,0.810614431721038,-0.118645463010235,0.0319781562133352,-0.128880484966794,9,"MA",90000,2014,"donor_3","IN"
0.0811447283739606,0.121423769786669,-0.0331719242330967,0.810614431721038,-0.118645463010235,0.0319781562133352,-0.128880484966794,9,"MA",90000,2014,"donor_4","WA"
0.0811447283739606,0.121423769786669,-0.0331719242330967,0.810614431721038,-0.118645463010235,0.0319781562133352,-0.128880484966794,9,"MA",90000,2014,"donor_5","MI"
0.0811447283739606,0.121423769786669,-0.0331719242330967,0.810614431721038,-0.118645463010235,0.0319781562133352,-0.128880484966794,9,"MA",90000,2014,"donor_6","PA"
0.0811447283739606,0.121423769786669,-0.0331719242330967,0.810614431721038,-0.118645463010235,0.0319781562133352,-0.128880484966794,9,"MA",90000,2014,"donor_7","CO"
0.0811447283739606,0.121423769786669,-0.0331719242330967,0.810614431721038,-0.118645463010235,0.0319781562133352,-0.128880484966794,9,"MA",90000,2014,"donor_8","IA"
0.0811447283739606,0.121423769786669,-0.0331719242330967,0.810614431721038,-0.118645463010235,0.0319781562133352,-0.128880484966794,9,"MA",90000,2014,"donor_9","AZ"
0.155646517979493,0.122209796822816,0.145660030476908,0.68408146427478,-0.173986979778015,0.240384197296977,-0.184435201688886,9,"MA",90000,2014,"donor_1","TN"
0.155646517979493,0.122209796822816,0.145660030476908,0.68408146427478,-0.173986979778015,0.240384197296977,-0.184435201688886,9,"MA",90000,2014,"donor_2","MD"
0.155646517979493,0.122209796822816,0.145660030476908,0.68408146427478,-0.173986979778015,0.240384197296977,-0.184435201688886,9,"MA",90000,2014,"donor_3","PA"
0.155646517979493,0.122209796822816,0.145660030476908,0.68408146427478,-0.173986979778015,0.240384197296977,-0.184435201688886,9,"MA",90000,2014,"donor_4","IA"
0.155646517979493,0.122209796822816,0.145660030476908,0.68408146427478,-0.173986979778015,0.240384197296977,-0.184435201688886,9,"MA",90000,2014,"donor_5","WA"
0.155646517979493,0.122209796822816,0.145660030476908,0.68408146427478,-0.173986979778015,0.240384197296977,-0.184435201688886,9,"MA",90000,2014,"donor_6","IN"
0.155646517979493,0.122209796822816,0.145660030476908,0.68408146427478,-0.173986979778015,0.240384197296977,-0.184435201688886,9,"MA",90000,2014,"donor_7","MO"
0.155646517979493,0.122209796822816,0.145660030476908,0.68408146427478,-0.173986979778015,0.240384197296977,-0.184435201688886,9,"MA",90000,2014,"donor_8","CO"
0.155646517979493,0.122209796822816,0.145660030476908,0.68408146427478,-0.173986979778015,0.240384197296977,-0.184435201688886,9,"MA",90000,2014,"donor_9","MN"
0.24131667729974,0.122553862457629,-0.0464900391466161,0.821936658646235,-0.15766394210952,0.00931986773575829,-0.166753668736058,9,"MA",90000,2014,"donor_1","MO"
0.24131667729974,0.122553862457629,-0.0464900391466161,0.821936658646235,-0.15766394210952,0.00931986773575829,-0.166753668736058,9,"MA",90000,2014,"donor_2","IA"
0.24131667729974,0.122553862457629,-0.0464900391466161,0.821936658646235,-0.15766394210952,0.00931986773575829,-0.166753668736058,9,"MA",90000,2014,"donor_3","AL"
0.24131667729974,0.122553862457629,-0.0464900391466161,0.821936658646235,-0.15766394210952,0.00931986773575829,-0.166753668736058,9,"MA",90000,2014,"donor_4","NY"
0.24131667729974,0.122553862457629,-0.0464900391466161,0.821936658646235,-0.15766394210952,0.00931986773575829,-0.166753668736058,9,"MA",90000,2014,"donor_5","MN"
0.24131667729974,0.122553862457629,-0.0464900391466161,0.821936658646235,-0.15766394210952,0.00931986773575829,-0.166753668736058,9,"MA",90000,2014,"donor_6","WI"
0.24131667729974,0.122553862457629,-0.0464900391466161,0.821936658646235,-0.15766394210952,0.00931986773575829,-0.166753668736058,9,"MA",90000,2014,"donor_7","CO"
0.24131667729974,0.122553862457629,-0.0464900391466161,0.821936658646235,-0.15766394210952,0.00931986773575829,-0.166753668736058,9,"MA",90000,2014,"donor_8","NC"
0.24131667729974,0.122553862457629,-0.0464900391466161,0.821936658646235,-0.15766394210952,0.00931986773575829,-0.166753668736058,9,"MA",90000,2014,"donor_9","AZ"
0.240396157745052,0.122662592638508,-0.0523781551104416,0.827043820735341,-0.193520549732282,0.00245369823944204,-0.202568019071191,9,"MA",90000,2014,"donor_1","AL"
0.240396157745052,0.122662592638508,-0.0523781551104416,0.827043820735341,-0.193520549732282,0.00245369823944204,-0.202568019071191,9,"MA",90000,2014,"donor_2","MO"
0.240396157745052,0.122662592638508,-0.0523781551104416,0.827043820735341,-0.193520549732282,0.00245369823944204,-0.202568019071191,9,"MA",90000,2014,"donor_3","IA"
0.240396157745052,0.122662592638508,-0.0523781551104416,0.827043820735341,-0.193520549732282,0.00245369823944204,-0.202568019071191,9,"MA",90000,2014,"donor_4","WA"
0.240396157745052,0.122662592638508,-0.0523781551104416,0.827043820735341,-0.193520549732282,0.00245369823944204,-0.202568019071191,9,"MA",90000,2014,"donor_5","NC"
0.240396157745052,0.122662592638508,-0.0523781551104416,0.827043820735341,-0.193520549732282,0.00245369823944204,-0.202568019071191,9,"MA",90000,2014,"donor_6","TX"
0.240396157745052,0.122662592638508,-0.0523781551104416,0.827043820735341,-0.193520549732282,0.00245369823944204,-0.202568019071191,9,"MA",90000,2014,"donor_7","GA"
0.240396157745052,0.122662592638508,-0.0523781551104416,0.827043820735341,-0.193520549732282,0.00245369823944204,-0.202568019071191,9,"MA",90000,2014,"donor_8","TN"
0.240396157745052,0.122662592638508,-0.0523781551104416,0.827043820735341,-0.193520549732282,0.00245369823944204,-0.202568019071191,9,"MA",90000,2014,"donor_9","CO"
0.348996604309168,0.123192705095429,-0.14781133011334,0.919661125410136,-0.120648382532774,-0.0983396801916985,-0.130740243568093,9,"MA",90000,2014,"donor_1","KY"
0.348996604309168,0.123192705095429,-0.14781133011334,0.919661125410136,-0.120648382532774,-0.0983396801916985,-0.130740243568093,9,"MA",90000,2014,"donor_2","AL"
0.348996604309168,0.123192705095429,-0.14781133011334,0.919661125410136,-0.120648382532774,-0.0983396801916985,-0.130740243568093,9,"MA",90000,2014,"donor_3","WA"
0.348996604309168,0.123192705095429,-0.14781133011334,0.919661125410136,-0.120648382532774,-0.0983396801916985,-0.130740243568093,9,"MA",90000,2014,"donor_4","FL"
0.348996604309168,0.123192705095429,-0.14781133011334,0.919661125410136,-0.120648382532774,-0.0983396801916985,-0.130740243568093,9,"MA",90000,2014,"donor_5","MI"
0.348996604309168,0.123192705095429,-0.14781133011334,0.919661125410136,-0.120648382532774,-0.0983396801916985,-0.130740243568093,9,"MA",90000,2014,"donor_6","NY"
0.348996604309168,0.123192705095429,-0.14781133011334,0.919661125410136,-0.120648382532774,-0.0983396801916985,-0.130740243568093,9,"MA",90000,2014,"donor_7","OR"
0.348996604309168,0.123192705095429,-0.14781133011334,0.919661125410136,-0.120648382532774,-0.0983396801916985,-0.130740243568093,9,"MA",90000,2014,"donor_8","CO"
0.348996604309168,0.123192705095429,-0.14781133011334,0.919661125410136,-0.120648382532774,-0.0983396801916985,-0.130740243568093,9,"MA",90000,2014,"donor_9","MN"
0.0313166004660574,0.123221105374724,0.0153525486857452,0.771874549607594,-0.230052629466836,0.0801603904309511,-0.239314869426989,9,"MA",90000,2014,"donor_1","MN"
0.0313166004660574,0.123221105374724,0.0153525486857452,0.771874549607594,-0.230052629466836,0.0801603904309511,-0.239314869426989,9,"MA",90000,2014,"donor_2","TX"
0.0313166004660574,0.123221105374724,0.0153525486857452,0.771874549607594,-0.230052629466836,0.0801603904309511,-0.239314869426989,9,"MA",90000,2014,"donor_3","AL"
0.0313166004660574,0.123221105374724,0.0153525486857452,0.771874549607594,-0.230052629466836,0.0801603904309511,-0.239314869426989,9,"MA",90000,2014,"donor_4","KY"
0.0313166004660574,0.123221105374724,0.0153525486857452,0.771874549607594,-0.230052629466836,0.0801603904309511,-0.239314869426989,9,"MA",90000,2014,"donor_5","NC"
0.0313166004660574,0.123221105374724,0.0153525486857452,0.771874549607594,-0.230052629466836,0.0801603904309511,-0.239314869426989,9,"MA",90000,2014,"donor_6","CO"
0.0313166004660574,0.123221105374724,0.0153525486857452,0.771874549607594,-0.230052629466836,0.0801603904309511,-0.239314869426989,9,"MA",90000,2014,"donor_7","OH"
0.0313166004660574,0.123221105374724,0.0153525486857452,0.771874549607594,-0.230052629466836,0.0801603904309511,-0.239314869426989,9,"MA",90000,2014,"donor_8","MD"
0.0313166004660574,0.123221105374724,0.0153525486857452,0.771874549607594,-0.230052629466836,0.0801603904309511,-0.239314869426989,9,"MA",90000,2014,"donor_9","IA"
0.0750638217839492,0.12329358606825,-0.0659686655991321,0.839077622286035,-0.125631228416211,-0.00782260635749812,-0.135465973179879,9,"MA",90000,2014,"donor_1","WA"
0.0750638217839492,0.12329358606825,-0.0659686655991321,0.839077622286035,-0.125631228416211,-0.00782260635749812,-0.135465973179879,9,"MA",90000,2014,"donor_2","UT"
0.0750638217839492,0.12329358606825,-0.0659686655991321,0.839077622286035,-0.125631228416211,-0.00782260635749812,-0.135465973179879,9,"MA",90000,2014,"donor_3","CO"
0.0750638217839492,0.12329358606825,-0.0659686655991321,0.839077622286035,-0.125631228416211,-0.00782260635749812,-0.135465973179879,9,"MA",90000,2014,"donor_4","AL"
0.0750638217839492,0.12329358606825,-0.0659686655991321,0.839077622286035,-0.125631228416211,-0.00782260635749812,-0.135465973179879,9,"MA",90000,2014,"donor_5","TX"
0.0750638217839492,0.12329358606825,-0.0659686655991321,0.839077622286035,-0.125631228416211,-0.00782260635749812,-0.135465973179879,9,"MA",90000,2014,"donor_6","NY"
0.0750638217839492,0.12329358606825,-0.0659686655991321,0.839077622286035,-0.125631228416211,-0.00782260635749812,-0.135465973179879,9,"MA",90000,2014,"donor_7","AZ"
0.0750638217839492,0.12329358606825,-0.0659686655991321,0.839077622286035,-0.125631228416211,-0.00782260635749812,-0.135465973179879,9,"MA",90000,2014,"donor_8","WI"
0.0750638217839492,0.12329358606825,-0.0659686655991321,0.839077622286035,-0.125631228416211,-0.00782260635749812,-0.135465973179879,9,"MA",90000,2014,"donor_9","IA"
0.588504884633127,0.12338946685033,-0.0622886778304249,0.835784716128238,-0.133560677522114,-0.00523545645093223,-0.143147712111171,9,"MA",90000,2014,"donor_1","IA"
0.588504884633127,0.12338946685033,-0.0622886778304249,0.835784716128238,-0.133560677522114,-0.00523545645093223,-0.143147712111171,9,"MA",90000,2014,"donor_2","TN"
0.588504884633127,0.12338946685033,-0.0622886778304249,0.835784716128238,-0.133560677522114,-0.00523545645093223,-0.143147712111171,9,"MA",90000,2014,"donor_3","PA"
0.588504884633127,0.12338946685033,-0.0622886778304249,0.835784716128238,-0.133560677522114,-0.00523545645093223,-0.143147712111171,9,"MA",90000,2014,"donor_4","WA"
0.588504884633127,0.12338946685033,-0.0622886778304249,0.835784716128238,-0.133560677522114,-0.00523545645093223,-0.143147712111171,9,"MA",90000,2014,"donor_5","UT"
0.588504884633127,0.12338946685033,-0.0622886778304249,0.835784716128238,-0.133560677522114,-0.00523545645093223,-0.143147712111171,9,"MA",90000,2014,"donor_6","AL"
0.588504884633127,0.12338946685033,-0.0622886778304249,0.835784716128238,-0.133560677522114,-0.00523545645093223,-0.143147712111171,9,"MA",90000,2014,"donor_7","CO"
0.588504884633127,0.12338946685033,-0.0622886778304249,0.835784716128238,-0.133560677522114,-0.00523545645093223,-0.143147712111171,9,"MA",90000,2014,"donor_8","NY"
0.588504884633127,0.12338946685033,-0.0622886778304249,0.835784716128238,-0.133560677522114,-0.00523545645093223,-0.143147712111171,9,"MA",90000,2014,"donor_9","MI"
0.339699322000942,0.123465870944533,-0.00910189192052169,0.79092369318246,-0.201276594730194,0.0620807864378386,-0.211878437372812,9,"MA",90000,2014,"donor_1","MI"
0.339699322000942,0.123465870944533,-0.00910189192052169,0.79092369318246,-0.201276594730194,0.0620807864378386,-0.211878437372812,9,"MA",90000,2014,"donor_2","IA"
0.339699322000942,0.123465870944533,-0.00910189192052169,0.79092369318246,-0.201276594730194,0.0620807864378386,-0.211878437372812,9,"MA",90000,2014,"donor_3","CO"
0.339699322000942,0.123465870944533,-0.00910189192052169,0.79092369318246,-0.201276594730194,0.0620807864378386,-0.211878437372812,9,"MA",90000,2014,"donor_4","MN"
0.339699322000942,0.123465870944533,-0.00910189192052169,0.79092369318246,-0.201276594730194,0.0620807864378386,-0.211878437372812,9,"MA",90000,2014,"donor_5","MD"
0.339699322000942,0.123465870944533,-0.00910189192052169,0.79092369318246,-0.201276594730194,0.0620807864378386,-0.211878437372812,9,"MA",90000,2014,"donor_6","IL"
0.339699322000942,0.123465870944533,-0.00910189192052169,0.79092369318246,-0.201276594730194,0.0620807864378386,-0.211878437372812,9,"MA",90000,2014,"donor_7","OH"
0.339699322000942,0.123465870944533,-0.00910189192052169,0.79092369318246,-0.201276594730194,0.0620807864378386,-0.211878437372812,9,"MA",90000,2014,"donor_8","KY"
0.339699322000942,0.123465870944533,-0.00910189192052169,0.79092369318246,-0.201276594730194,0.0620807864378386,-0.211878437372812,9,"MA",90000,2014,"donor_9","AL"
0.471810659684882,0.123502117118481,0.0430506736699384,0.751377484328948,-0.200465445656768,0.117525545761857,-0.21048020411135,9,"MA",90000,2014,"donor_1","IA"
0.471810659684882,0.123502117118481,0.0430506736699384,0.751377484328948,-0.200465445656768,0.117525545761857,-0.21048020411135,9,"MA",90000,2014,"donor_2","UT"
0.471810659684882,0.123502117118481,0.0430506736699384,0.751377484328948,-0.200465445656768,0.117525545761857,-0.21048020411135,9,"MA",90000,2014,"donor_3","TN"
0.471810659684882,0.123502117118481,0.0430506736699384,0.751377484328948,-0.200465445656768,0.117525545761857,-0.21048020411135,9,"MA",90000,2014,"donor_4","MD"
0.471810659684882,0.123502117118481,0.0430506736699384,0.751377484328948,-0.200465445656768,0.117525545761857,-0.21048020411135,9,"MA",90000,2014,"donor_5","MN"
0.471810659684882,0.123502117118481,0.0430506736699384,0.751377484328948,-0.200465445656768,0.117525545761857,-0.21048020411135,9,"MA",90000,2014,"donor_6","MI"
0.471810659684882,0.123502117118481,0.0430506736699384,0.751377484328948,-0.200465445656768,0.117525545761857,-0.21048020411135,9,"MA",90000,2014,"donor_7","CO"
0.471810659684882,0.123502117118481,0.0430506736699384,0.751377484328948,-0.200465445656768,0.117525545761857,-0.21048020411135,9,"MA",90000,2014,"donor_8","FL"
0.471810659684882,0.123502117118481,0.0430506736699384,0.751377484328948,-0.200465445656768,0.117525545761857,-0.21048020411135,9,"MA",90000,2014,"donor_9","MO"
0.0767754160408761,0.123694781351216,-0.0801029265138224,0.851970088609603,-0.0987579470454445,-0.0191794581377971,-0.109341936783706,9,"MA",90000,2014,"donor_1","NY"
0.0767754160408761,0.123694781351216,-0.0801029265138224,0.851970088609603,-0.0987579470454445,-0.0191794581377971,-0.109341936783706,9,"MA",90000,2014,"donor_2","WA"
0.0767754160408761,0.123694781351216,-0.0801029265138224,0.851970088609603,-0.0987579470454445,-0.0191794581377971,-0.109341936783706,9,"MA",90000,2014,"donor_3","CO"
0.0767754160408761,0.123694781351216,-0.0801029265138224,0.851970088609603,-0.0987579470454445,-0.0191794581377971,-0.109341936783706,9,"MA",90000,2014,"donor_4","AZ"
0.0767754160408761,0.123694781351216,-0.0801029265138224,0.851970088609603,-0.0987579470454445,-0.0191794581377971,-0.109341936783706,9,"MA",90000,2014,"donor_5","MI"
0.0767754160408761,0.123694781351216,-0.0801029265138224,0.851970088609603,-0.0987579470454445,-0.0191794581377971,-0.109341936783706,9,"MA",90000,2014,"donor_6","MN"
0.0767754160408761,0.123694781351216,-0.0801029265138224,0.851970088609603,-0.0987579470454445,-0.0191794581377971,-0.109341936783706,9,"MA",90000,2014,"donor_7","UT"
0.0767754160408761,0.123694781351216,-0.0801029265138224,0.851970088609603,-0.0987579470454445,-0.0191794581377971,-0.109341936783706,9,"MA",90000,2014,"donor_8","AL"
0.0767754160408761,0.123694781351216,-0.0801029265138224,0.851970088609603,-0.0987579470454445,-0.0191794581377971,-0.109341936783706,9,"MA",90000,2014,"donor_9","PA"
0.187108412430404,0.123766718608891,0.123556319771006,0.697539391144598,-0.180208633759741,0.216421367514036,-0.190859059770206,9,"MA",90000,2014,"donor_1","UT"
0.187108412430404,0.123766718608891,0.123556319771006,0.697539391144598,-0.180208633759741,0.216421367514036,-0.190859059770206,9,"MA",90000,2014,"donor_2","TN"
0.187108412430404,0.123766718608891,0.123556319771006,0.697539391144598,-0.180208633759741,0.216421367514036,-0.190859059770206,9,"MA",90000,2014,"donor_3","TX"
0.187108412430404,0.123766718608891,0.123556319771006,0.697539391144598,-0.180208633759741,0.216421367514036,-0.190859059770206,9,"MA",90000,2014,"donor_4","MI"
0.187108412430404,0.123766718608891,0.123556319771006,0.697539391144598,-0.180208633759741,0.216421367514036,-0.190859059770206,9,"MA",90000,2014,"donor_5","CO"
0.187108412430404,0.123766718608891,0.123556319771006,0.697539391144598,-0.180208633759741,0.216421367514036,-0.190859059770206,9,"MA",90000,2014,"donor_6","IA"
0.187108412430404,0.123766718608891,0.123556319771006,0.697539391144598,-0.180208633759741,0.216421367514036,-0.190859059770206,9,"MA",90000,2014,"donor_7","WA"
0.187108412430404,0.123766718608891,0.123556319771006,0.697539391144598,-0.180208633759741,0.216421367514036,-0.190859059770206,9,"MA",90000,2014,"donor_8","MD"
0.187108412430404,0.123766718608891,0.123556319771006,0.697539391144598,-0.180208633759741,0.216421367514036,-0.190859059770206,9,"MA",90000,2014,"donor_9","OH"
0.563942415574837,0.123767469669651,-0.128197681888352,0.89897075853997,-0.142047890889154,-0.074449937334567,-0.152488741717294,9,"MA",90000,2014,"donor_1","AL"
0.563942415574837,0.123767469669651,-0.128197681888352,0.89897075853997,-0.142047890889154,-0.074449937334567,-0.152488741717294,9,"MA",90000,2014,"donor_2","CO"
0.563942415574837,0.123767469669651,-0.128197681888352,0.89897075853997,-0.142047890889154,-0.074449937334567,-0.152488741717294,9,"MA",90000,2014,"donor_3","MI"
0.563942415574837,0.123767469669651,-0.128197681888352,0.89897075853997,-0.142047890889154,-0.074449937334567,-0.152488741717294,9,"MA",90000,2014,"donor_4","AZ"
0.563942415574837,0.123767469669651,-0.128197681888352,0.89897075853997,-0.142047890889154,-0.074449937334567,-0.152488741717294,9,"MA",90000,2014,"donor_5","NY"
0.563942415574837,0.123767469669651,-0.128197681888352,0.89897075853997,-0.142047890889154,-0.074449937334567,-0.152488741717294,9,"MA",90000,2014,"donor_6","MN"
0.563942415574837,0.123767469669651,-0.128197681888352,0.89897075853997,-0.142047890889154,-0.074449937334567,-0.152488741717294,9,"MA",90000,2014,"donor_7","IL"
0.563942415574837,0.123767469669651,-0.128197681888352,0.89897075853997,-0.142047890889154,-0.074449937334567,-0.152488741717294,9,"MA",90000,2014,"donor_8","IA"
0.563942415574837,0.123767469669651,-0.128197681888352,0.89897075853997,-0.142047890889154,-0.074449937334567,-0.152488741717294,9,"MA",90000,2014,"donor_9","KY"
0.363570775653401,0.123920206087265,-0.0075395557818557,0.789678617193804,-0.106070189694705,0.0593861116595744,-0.116047622462278,9,"MA",90000,2014,"donor_1","OR"
0.363570775653401,0.123920206087265,-0.0075395557818557,0.789678617193804,-0.106070189694705,0.0593861116595744,-0.116047622462278,9,"MA",90000,2014,"donor_2","MI"
0.363570775653401,0.123920206087265,-0.0075395557818557,0.789678617193804,-0.106070189694705,0.0593861116595744,-0.116047622462278,9,"MA",90000,2014,"donor_3","CO"
0.363570775653401,0.123920206087265,-0.0075395557818557,0.789678617193804,-0.106070189694705,0.0593861116595744,-0.116047622462278,9,"MA",90000,2014,"donor_4","TN"
0.363570775653401,0.123920206087265,-0.0075395557818557,0.789678617193804,-0.106070189694705,0.0593861116595744,-0.116047622462278,9,"MA",90000,2014,"donor_5","PA"
0.363570775653401,0.123920206087265,-0.0075395557818557,0.789678617193804,-0.106070189694705,0.0593861116595744,-0.116047622462278,9,"MA",90000,2014,"donor_6","MO"
0.363570775653401,0.123920206087265,-0.0075395557818557,0.789678617193804,-0.106070189694705,0.0593861116595744,-0.116047622462278,9,"MA",90000,2014,"donor_7","NY"
0.363570775653401,0.123920206087265,-0.0075395557818557,0.789678617193804,-0.106070189694705,0.0593861116595744,-0.116047622462278,9,"MA",90000,2014,"donor_8","WA"
0.363570775653401,0.123920206087265,-0.0075395557818557,0.789678617193804,-0.106070189694705,0.0593861116595744,-0.116047622462278,9,"MA",90000,2014,"donor_9","IA"
0.018309965483072,0.123942641494903,-0.0672326723216498,0.840214668711025,-0.117137681144604,-0.00444329277463719,-0.127736084500592,9,"MA",90000,2014,"donor_1","NY"
0.018309965483072,0.123942641494903,-0.0672326723216498,0.840214668711025,-0.117137681144604,-0.00444329277463719,-0.127736084500592,9,"MA",90000,2014,"donor_2","OR"
0.018309965483072,0.123942641494903,-0.0672326723216498,0.840214668711025,-0.117137681144604,-0.00444329277463719,-0.127736084500592,9,"MA",90000,2014,"donor_3","WA"
0.018309965483072,0.123942641494903,-0.0672326723216498,0.840214668711025,-0.117137681144604,-0.00444329277463719,-0.127736084500592,9,"MA",90000,2014,"donor_4","WI"
0.018309965483072,0.123942641494903,-0.0672326723216498,0.840214668711025,-0.117137681144604,-0.00444329277463719,-0.127736084500592,9,"MA",90000,2014,"donor_5","MN"
0.018309965483072,0.123942641494903,-0.0672326723216498,0.840214668711025,-0.117137681144604,-0.00444329277463719,-0.127736084500592,9,"MA",90000,2014,"donor_6","TX"
0.018309965483072,0.123942641494903,-0.0672326723216498,0.840214668711025,-0.117137681144604,-0.00444329277463719,-0.127736084500592,9,"MA",90000,2014,"donor_7","CO"
0.018309965483072,0.123942641494903,-0.0672326723216498,0.840214668711025,-0.117137681144604,-0.00444329277463719,-0.127736084500592,9,"MA",90000,2014,"donor_8","GA"
0.018309965483072,0.123942641494903,-0.0672326723216498,0.840214668711025,-0.117137681144604,-0.00444329277463719,-0.127736084500592,9,"MA",90000,2014,"donor_9","AL"
0.37854314461467,0.00124755624588167,0.0616120396927003,1.48559546543914,0.0361087897829688,0.0613518110262063,0.0361816392421028,2,"CT",20000,2014,"donor_1","IL"
0.37854314461467,0.00124755624588167,0.0616120396927003,1.48559546543914,0.0361087897829688,0.0613518110262063,0.0361816392421028,2,"CT",20000,2014,"donor_2","TX"
0.37854314461467,0.00124755624588167,0.0616120396927003,1.48559546543914,0.0361087897829688,0.0613518110262063,0.0361816392421028,2,"CT",20000,2014,"donor_1","TX"
0.37854314461467,0.00124755624588167,0.0616120396927003,1.48559546543914,0.0361087897829688,0.0613518110262063,0.0361816392421028,2,"CT",20000,2014,"donor_2","IL"
0.37854314461467,0.00124755624588167,0.0616120396927003,1.48559546543914,0.0361087897829688,0.0613518110262063,0.0361816392421028,2,"CT",20000,2014,"donor_1","TX"
0.37854314461467,0.00124755624588167,0.0616120396927003,1.48559546543914,0.0361087897829688,0.0613518110262063,0.0361816392421028,2,"CT",20000,2014,"donor_2","IL"
0.37854314461467,0.00124755624588167,0.0616120396927003,1.48559546543914,0.0361087897829688,0.0613518110262063,0.0361816392421028,2,"CT",20000,2014,"donor_1","TX"
0.37854314461467,0.00124755624588167,0.0616120396927003,1.48559546543914,0.0361087897829688,0.0613518110262063,0.0361816392421028,2,"CT",20000,2014,"donor_2","IL"
0.37854314461467,0.00124755624588167,0.0616120396927003,1.48559546543914,0.0361087897829688,0.0613518110262063,0.0361816392421028,2,"CT",20000,2014,"donor_1","IL"
0.37854314461467,0.00124755624588167,0.0616120396927003,1.48559546543914,0.0361087897829688,0.0613518110262063,0.0361816392421028,2,"CT",20000,2014,"donor_2","TX"
0.37854314461467,0.00124755624588167,0.0616120396927003,1.48559546543914,0.0361087897829688,0.0613518110262063,0.0361816392421028,2,"CT",20000,2014,"donor_1","TX"
0.37854314461467,0.00124755624588167,0.0616120396927003,1.48559546543914,0.0361087897829688,0.0613518110262063,0.0361816392421028,2,"CT",20000,2014,"donor_2","IL"
0.37854314461467,0.00124755624588167,0.0616120396927003,1.48559546543914,0.0361087897829688,0.0613518110262063,0.0361816392421028,2,"CT",20000,2014,"donor_1","TX"
0.37854314461467,0.00124755624588167,0.0616120396927003,1.48559546543914,0.0361087897829688,0.0613518110262063,0.0361816392421028,2,"CT",20000,2014,"donor_2","IL"
0.37854314461467,0.00124755624588167,0.0616120396927003,1.48559546543914,0.0361087897829688,0.0613518110262063,0.0361816392421028,2,"CT",20000,2014,"donor_1","TX"
0.37854314461467,0.00124755624588167,0.0616120396927003,1.48559546543914,0.0361087897829688,0.0613518110262063,0.0361816392421028,2,"CT",20000,2014,"donor_2","IL"
0.37854314461467,0.00124755624588167,0.0616120396927003,1.48559546543914,0.0361087897829688,0.0613518110262063,0.0361816392421028,2,"CT",20000,2014,"donor_1","IL"
0.37854314461467,0.00124755624588167,0.0616120396927003,1.48559546543914,0.0361087897829688,0.0613518110262063,0.0361816392421028,2,"CT",20000,2014,"donor_2","TX"
0.37854314461467,0.00124755624588167,0.0616120396927003,1.48559546543914,0.0361087897829688,0.0613518110262063,0.0361816392421028,2,"CT",20000,2014,"donor_1","TX"
0.37854314461467,0.00124755624588167,0.0616120396927003,1.48559546543914,0.0361087897829688,0.0613518110262063,0.0361816392421028,2,"CT",20000,2014,"donor_2","IL"
0.37854314461467,0.00124755624588167,0.0616120396927003,1.48559546543914,0.0361087897829688,0.0613518110262063,0.0361816392421028,2,"CT",20000,2014,"donor_1","IL"
0.37854314461467,0.00124755624588167,0.0616120396927003,1.48559546543914,0.0361087897829688,0.0613518110262063,0.0361816392421028,2,"CT",20000,2014,"donor_2","TX"
0.37854314461467,0.00124755624588167,0.0616120396927003,1.48559546543914,0.0361087897829688,0.0613518110262063,0.0361816392421028,2,"CT",20000,2014,"donor_1","TX"
0.37854314461467,0.00124755624588167,0.0616120396927003,1.48559546543914,0.0361087897829688,0.0613518110262063,0.0361816392421028,2,"CT",20000,2014,"donor_2","IL"
0.37854314461467,0.00124755624588167,0.0616120396927003,1.48559546543914,0.0361087897829688,0.0613518110262063,0.0361816392421028,2,"CT",20000,2014,"donor_1","IL"
0.37854314461467,0.00124755624588167,0.0616120396927003,1.48559546543914,0.0361087897829688,0.0613518110262063,0.0361816392421028,2,"CT",20000,2014,"donor_2","TX"
0.37854314461467,0.00124755624588167,0.0616120396927003,1.48559546543914,0.0361087897829688,0.0613518110262063,0.0361816392421028,2,"CT",20000,2014,"donor_1","IL"
0.37854314461467,0.00124755624588167,0.0616120396927003,1.48559546543914,0.0361087897829688,0.0613518110262063,0.0361816392421028,2,"CT",20000,2014,"donor_2","TX"
0.37854314461467,0.00124755624588167,0.0616120396927003,1.48559546543914,0.0361087897829688,0.0613518110262063,0.0361816392421028,2,"CT",20000,2014,"donor_1","TX"
0.37854314461467,0.00124755624588167,0.0616120396927003,1.48559546543914,0.0361087897829688,0.0613518110262063,0.0361816392421028,2,"CT",20000,2014,"donor_2","IL"
0.37854314461467,0.00124755624588167,0.0616120396927003,1.48559546543914,0.0361087897829688,0.0613518110262063,0.0361816392421028,2,"CT",20000,2014,"donor_1","IL"
0.37854314461467,0.00124755624588167,0.0616120396927003,1.48559546543914,0.0361087897829688,0.0613518110262063,0.0361816392421028,2,"CT",20000,2014,"donor_2","TX"
0.37854314461467,0.00124755624588167,0.0616120396927003,1.48559546543914,0.0361087897829688,0.0613518110262063,0.0361816392421028,2,"CT",20000,2014,"donor_1","TX"
0.37854314461467,0.00124755624588167,0.0616120396927003,1.48559546543914,0.0361087897829688,0.0613518110262063,0.0361816392421028,2,"CT",20000,2014,"donor_2","IL"
0.37854314461467,0.00124755624588167,0.0616120396927003,1.48559546543914,0.0361087897829688,0.0613518110262063,0.0361816392421028,2,"CT",20000,2014,"donor_1","TX"
0.37854314461467,0.00124755624588167,0.0616120396927003,1.48559546543914,0.0361087897829688,0.0613518110262063,0.0361816392421028,2,"CT",20000,2014,"donor_2","IL"
0.37854314461467,0.00124755624588167,0.0616120396927003,1.48559546543914,0.0361087897829688,0.0613518110262063,0.0361816392421028,2,"CT",20000,2014,"donor_1","TX"
0.37854314461467,0.00124755624588167,0.0616120396927003,1.48559546543914,0.0361087897829688,0.0613518110262063,0.0361816392421028,2,"CT",20000,2014,"donor_2","IL"
0.37854314461467,0.00124755624588167,0.0616120396927003,1.48559546543914,0.0361087897829688,0.0613518110262063,0.0361816392421028,2,"CT",20000,2014,"donor_1","TX"
0.37854314461467,0.00124755624588167,0.0616120396927003,1.48559546543914,0.0361087897829688,0.0613518110262063,0.0361816392421028,2,"CT",20000,2014,"donor_2","IL"
0.37854314461467,0.00124755624588167,0.0616120396927003,1.48559546543914,0.0361087897829688,0.0613518110262063,0.0361816392421028,2,"CT",20000,2014,"donor_1","TX"
0.37854314461467,0.00124755624588167,0.0616120396927003,1.48559546543914,0.0361087897829688,0.0613518110262063,0.0361816392421028,2,"CT",20000,2014,"donor_2","IL"
0.37854314461467,0.00124755624588167,0.0616120396927003,1.48559546543914,0.0361087897829688,0.0613518110262063,0.0361816392421028,2,"CT",20000,2014,"donor_1","TX"
0.37854314461467,0.00124755624588167,0.0616120396927003,1.48559546543914,0.0361087897829688,0.0613518110262063,0.0361816392421028,2,"CT",20000,2014,"donor_2","IL"
0.37854314461467,0.00124755624588167,0.0616120396927003,1.48559546543914,0.0361087897829688,0.0613518110262063,0.0361816392421028,2,"CT",20000,2014,"donor_1","IL"
0.37854314461467,0.00124755624588167,0.0616120396927003,1.48559546543914,0.0361087897829688,0.0613518110262063,0.0361816392421028,2,"CT",20000,2014,"donor_2","TX"
0.37854314461467,0.00124755624588167,0.0616120396927003,1.48559546543914,0.0361087897829688,0.0613518110262063,0.0361816392421028,2,"CT",20000,2014,"donor_1","IL"
0.37854314461467,0.00124755624588167,0.0616120396927003,1.48559546543914,0.0361087897829688,0.0613518110262063,0.0361816392421028,2,"CT",20000,2014,"donor_2","TX"
0.37854314461467,0.00124755624588167,0.0616120396927003,1.48559546543914,0.0361087897829688,0.0613518110262063,0.0361816392421028,2,"CT",20000,2014,"donor_1","IL"
0.37854314461467,0.00124755624588167,0.0616120396927003,1.48559546543914,0.0361087897829688,0.0613518110262063,0.0361816392421028,2,"CT",20000,2014,"donor_2","TX"
0.37854314461467,0.00124755624588167,0.0616120396927003,1.48559546543914,0.0361087897829688,0.0613518110262063,0.0361816392421028,2,"CT",20000,2014,"donor_1","IL"
0.37854314461467,0.00124755624588167,0.0616120396927003,1.48559546543914,0.0361087897829688,0.0613518110262063,0.0361816392421028,2,"CT",20000,2014,"donor_2","TX"
0.37854314461467,0.00124755624588167,0.0616120396927003,1.48559546543914,0.0361087897829688,0.0613518110262063,0.0361816392421028,2,"CT",20000,2014,"donor_1","TX"
0.37854314461467,0.00124755624588167,0.0616120396927003,1.48559546543914,0.0361087897829688,0.0613518110262063,0.0361816392421028,2,"CT",20000,2014,"donor_2","IL"
0.37854314461467,0.00124755624588167,0.0616120396927003,1.48559546543914,0.0361087897829688,0.0613518110262063,0.0361816392421028,2,"CT",20000,2014,"donor_1","IL"
0.37854314461467,0.00124755624588167,0.0616120396927003,1.48559546543914,0.0361087897829688,0.0613518110262063,0.0361816392421028,2,"CT",20000,2014,"donor_2","TX"
0.37854314461467,0.00124755624588167,0.0616120396927003,1.48559546543914,0.0361087897829688,0.0613518110262063,0.0361816392421028,2,"CT",20000,2014,"donor_1","IL"
0.37854314461467,0.00124755624588167,0.0616120396927003,1.48559546543914,0.0361087897829688,0.0613518110262063,0.0361816392421028,2,"CT",20000,2014,"donor_2","TX"
0.37854314461467,0.00124755624588167,0.0616120396927003,1.48559546543914,0.0361087897829688,0.0613518110262063,0.0361816392421028,2,"CT",20000,2014,"donor_1","IL"
0.37854314461467,0.00124755624588167,0.0616120396927003,1.48559546543914,0.0361087897829688,0.0613518110262063,0.0361816392421028,2,"CT",20000,2014,"donor_2","TX"
0.37854314461467,0.00124755624588167,0.0616120396927003,1.48559546543914,0.0361087897829688,0.0613518110262063,0.0361816392421028,2,"CT",20000,2014,"donor_1","TX"
0.37854314461467,0.00124755624588167,0.0616120396927003,1.48559546543914,0.0361087897829688,0.0613518110262063,0.0361816392421028,2,"CT",20000,2014,"donor_2","IL"
0.37854314461467,0.00124755624588167,0.0616120396927003,1.48559546543914,0.0361087897829688,0.0613518110262063,0.0361816392421028,2,"CT",20000,2014,"donor_1","TX"
0.37854314461467,0.00124755624588167,0.0616120396927003,1.48559546543914,0.0361087897829688,0.0613518110262063,0.0361816392421028,2,"CT",20000,2014,"donor_2","IL"
0.37854314461467,0.00124755624588167,0.0616120396927003,1.48559546543914,0.0361087897829688,0.0613518110262063,0.0361816392421028,2,"CT",20000,2014,"donor_1","TX"
0.37854314461467,0.00124755624588167,0.0616120396927003,1.48559546543914,0.0361087897829688,0.0613518110262063,0.0361816392421028,2,"CT",20000,2014,"donor_2","IL"
0.37854314461467,0.00124755624588167,0.0616120396927003,1.48559546543914,0.0361087897829688,0.0613518110262063,0.0361816392421028,2,"CT",20000,2014,"donor_1","TX"
0.37854314461467,0.00124755624588167,0.0616120396927003,1.48559546543914,0.0361087897829688,0.0613518110262063,0.0361816392421028,2,"CT",20000,2014,"donor_2","IL"
0.37854314461467,0.00124755624588167,0.0616120396927003,1.48559546543914,0.0361087897829688,0.0613518110262063,0.0361816392421028,2,"CT",20000,2014,"donor_1","TX"
0.37854314461467,0.00124755624588167,0.0616120396927003,1.48559546543914,0.0361087897829688,0.0613518110262063,0.0361816392421028,2,"CT",20000,2014,"donor_2","IL"
0.37854314461467,0.00124755624588167,0.0616120396927003,1.48559546543914,0.0361087897829688,0.0613518110262063,0.0361816392421028,2,"CT",20000,2014,"donor_1","IL"
0.37854314461467,0.00124755624588167,0.0616120396927003,1.48559546543914,0.0361087897829688,0.0613518110262063,0.0361816392421028,2,"CT",20000,2014,"donor_2","TX"
0.37854314461467,0.00124755624588167,0.0616120396927003,1.48559546543914,0.0361087897829688,0.0613518110262063,0.0361816392421028,2,"CT",20000,2014,"donor_1","IL"
0.37854314461467,0.00124755624588167,0.0616120396927003,1.48559546543914,0.0361087897829688,0.0613518110262063,0.0361816392421028,2,"CT",20000,2014,"donor_2","TX"
0.37854314461467,0.00124755624588167,0.0616120396927003,1.48559546543914,0.0361087897829688,0.0613518110262063,0.0361816392421028,2,"CT",20000,2014,"donor_1","TX"
0.37854314461467,0.00124755624588167,0.0616120396927003,1.48559546543914,0.0361087897829688,0.0613518110262063,0.0361816392421028,2,"CT",20000,2014,"donor_2","IL"
0.37854314461467,0.00124755624588167,0.0616120396927003,1.48559546543914,0.0361087897829688,0.0613518110262063,0.0361816392421028,2,"CT",20000,2014,"donor_1","IL"
0.37854314461467,0.00124755624588167,0.0616120396927003,1.48559546543914,0.0361087897829688,0.0613518110262063,0.0361816392421028,2,"CT",20000,2014,"donor_2","TX"
0.37854314461467,0.00124755624588167,0.0616120396927003,1.48559546543914,0.0361087897829688,0.0613518110262063,0.0361816392421028,2,"CT",20000,2014,"donor_1","IL"
0.37854314461467,0.00124755624588167,0.0616120396927003,1.48559546543914,0.0361087897829688,0.0613518110262063,0.0361816392421028,2,"CT",20000,2014,"donor_2","TX"
0.37854314461467,0.00124755624588167,0.0616120396927003,1.48559546543914,0.0361087897829688,0.0613518110262063,0.0361816392421028,2,"CT",20000,2014,"donor_1","TX"
0.37854314461467,0.00124755624588167,0.0616120396927003,1.48559546543914,0.0361087897829688,0.0613518110262063,0.0361816392421028,2,"CT",20000,2014,"donor_2","IL"
0.37854314461467,0.00124755624588167,0.0616120396927003,1.48559546543914,0.0361087897829688,0.0613518110262063,0.0361816392421028,2,"CT",20000,2014,"donor_1","IL"
0.37854314461467,0.00124755624588167,0.0616120396927003,1.48559546543914,0.0361087897829688,0.0613518110262063,0.0361816392421028,2,"CT",20000,2014,"donor_2","TX"
0.37854314461467,0.00124755624588167,0.0616120396927003,1.48559546543914,0.0361087897829688,0.0613518110262063,0.0361816392421028,2,"CT",20000,2014,"donor_1","IL"
0.37854314461467,0.00124755624588167,0.0616120396927003,1.48559546543914,0.0361087897829688,0.0613518110262063,0.0361816392421028,2,"CT",20000,2014,"donor_2","TX"
0.37854314461467,0.00124755624588167,0.0616120396927003,1.48559546543914,0.0361087897829688,0.0613518110262063,0.0361816392421028,2,"CT",20000,2014,"donor_1","TX"
0.37854314461467,0.00124755624588167,0.0616120396927003,1.48559546543914,0.0361087897829688,0.0613518110262063,0.0361816392421028,2,"CT",20000,2014,"donor_2","IL"
0.37854314461467,0.00124755624588167,0.0616120396927003,1.48559546543914,0.0361087897829688,0.0613518110262063,0.0361816392421028,2,"CT",20000,2014,"donor_1","IL"
0.37854314461467,0.00124755624588167,0.0616120396927003,1.48559546543914,0.0361087897829688,0.0613518110262063,0.0361816392421028,2,"CT",20000,2014,"donor_2","TX"
0.37854314461467,0.00124755624588167,0.0616120396927003,1.48559546543914,0.0361087897829688,0.0613518110262063,0.0361816392421028,2,"CT",20000,2014,"donor_1","TX"
0.37854314461467,0.00124755624588167,0.0616120396927003,1.48559546543914,0.0361087897829688,0.0613518110262063,0.0361816392421028,2,"CT",20000,2014,"donor_2","IL"
0.37854314461467,0.00124755624588167,0.0616120396927003,1.48559546543914,0.0361087897829688,0.0613518110262063,0.0361816392421028,2,"CT",20000,2014,"donor_1","IL"
0.37854314461467,0.00124755624588167,0.0616120396927003,1.48559546543914,0.0361087897829688,0.0613518110262063,0.0361816392421028,2,"CT",20000,2014,"donor_2","TX"
0.37854314461467,0.00124755624588167,0.0616120396927003,1.48559546543914,0.0361087897829688,0.0613518110262063,0.0361816392421028,2,"CT",20000,2014,"donor_1","IL"
0.37854314461467,0.00124755624588167,0.0616120396927003,1.48559546543914,0.0361087897829688,0.0613518110262063,0.0361816392421028,2,"CT",20000,2014,"donor_2","TX"
0.37854314461467,0.00124755624588167,0.0616120396927003,1.48559546543914,0.0361087897829688,0.0613518110262063,0.0361816392421028,2,"CT",20000,2014,"donor_1","TX"
0.37854314461467,0.00124755624588167,0.0616120396927003,1.48559546543914,0.0361087897829688,0.0613518110262063,0.0361816392421028,2,"CT",20000,2014,"donor_2","IL"
0.37854314461467,0.00124755624588167,0.0616120396927003,1.48559546543914,0.0361087897829688,0.0613518110262063,0.0361816392421028,2,"CT",20000,2014,"donor_1","IL"
0.37854314461467,0.00124755624588167,0.0616120396927003,1.48559546543914,0.0361087897829688,0.0613518110262063,0.0361816392421028,2,"CT",20000,2014,"donor_2","TX"
0.368471393948961,0.377530513352936,-0.190789272790977,0.403292496269816,-0.210087542376449,-0.024836510907522,-0.232964904087743,3,"RI",30000,2016,"donor_1","CO"
0.368471393948961,0.377530513352936,-0.190789272790977,0.403292496269816,-0.210087542376449,-0.024836510907522,-0.232964904087743,3,"RI",30000,2016,"donor_2","MO"
0.368471393948961,0.377530513352936,-0.190789272790977,0.403292496269816,-0.210087542376449,-0.024836510907522,-0.232964904087743,3,"RI",30000,2016,"donor_3","MD"
0.368471393948961,0.377530513352936,-0.190789272790977,0.403292496269816,-0.210087542376449,-0.024836510907522,-0.232964904087743,3,"RI",30000,2016,"donor_1","CO"
0.368471393948961,0.377530513352936,-0.190789272790977,0.403292496269816,-0.210087542376449,-0.024836510907522,-0.232964904087743,3,"RI",30000,2016,"donor_2","MO"
0.368471393948961,0.377530513352936,-0.190789272790977,0.403292496269816,-0.210087542376449,-0.024836510907522,-0.232964904087743,3,"RI",30000,2016,"donor_3","MD"
0.368471393948961,0.377530513352936,-0.190789272790977,0.403292496269816,-0.210087542376449,-0.024836510907522,-0.232964904087743,3,"RI",30000,2016,"donor_1","MO"
0.368471393948961,0.377530513352936,-0.190789272790977,0.403292496269816,-0.210087542376449,-0.024836510907522,-0.232964904087743,3,"RI",30000,2016,"donor_2","CO"
0.368471393948961,0.377530513352936,-0.190789272790977,0.403292496269816,-0.210087542376449,-0.024836510907522,-0.232964904087743,3,"RI",30000,2016,"donor_3","MD"
0.368471393948961,0.377530513352936,-0.190789272790977,0.403292496269816,-0.210087542376449,-0.024836510907522,-0.232964904087743,3,"RI",30000,2016,"donor_1","MO"
0.368471393948961,0.377530513352936,-0.190789272790977,0.403292496269816,-0.210087542376449,-0.024836510907522,-0.232964904087743,3,"RI",30000,2016,"donor_2","CO"
0.368471393948961,0.377530513352936,-0.190789272790977,0.403292496269816,-0.210087542376449,-0.024836510907522,-0.232964904087743,3,"RI",30000,2016,"donor_3","MD"
0.368471393948961,0.377530513352936,-0.190789272790977,0.403292496269816,-0.210087542376449,-0.024836510907522,-0.232964904087743,3,"RI",30000,2016,"donor_1","CO"
0.368471393948961,0.377530513352936,-0.190789272790977,0.403292496269816,-0.210087542376449,-0.024836510907522,-0.232964904087743,3,"RI",30000,2016,"donor_2","MD"
0.368471393948961,0.377530513352936,-0.190789272790977,0.403292496269816,-0.210087542376449,-0.024836510907522,-0.232964904087743,3,"RI",30000,2016,"donor_3","MO"
0.368471393948961,0.377530513352936,-0.190789272790977,0.403292496269816,-0.210087542376449,-0.024836510907522,-0.232964904087743,3,"RI",30000,2016,"donor_1","CO"
0.368471393948961,0.377530513352936,-0.190789272790977,0.403292496269816,-0.210087542376449,-0.024836510907522,-0.232964904087743,3,"RI",30000,2016,"donor_2","MD"
0.368471393948961,0.377530513352936,-0.190789272790977,0.403292496269816,-0.210087542376449,-0.024836510907522,-0.232964904087743,3,"RI",30000,2016,"donor_3","MO"
0.368471393948961,0.377530513352936,-0.190789272790977,0.403292496269816,-0.210087542376449,-0.024836510907522,-0.232964904087743,3,"RI",30000,2016,"donor_1","CO"
0.368471393948961,0.377530513352936,-0.190789272790977,0.403292496269816,-0.210087542376449,-0.024836510907522,-0.232964904087743,3,"RI",30000,2016,"donor_2","MD"
0.368471393948961,0.377530513352936,-0.190789272790977,0.403292496269816,-0.210087542376449,-0.024836510907522,-0.232964904087743,3,"RI",30000,2016,"donor_3","MO"
0.368471393948961,0.377530513352936,-0.190789272790977,0.403292496269816,-0.210087542376449,-0.024836510907522,-0.232964904087743,3,"RI",30000,2016,"donor_1","MD"
0.368471393948961,0.377530513352936,-0.190789272790977,0.403292496269816,-0.210087542376449,-0.024836510907522,-0.232964904087743,3,"RI",30000,2016,"donor_2","CO"
0.368471393948961,0.377530513352936,-0.190789272790977,0.403292496269816,-0.210087542376449,-0.024836510907522,-0.232964904087743,3,"RI",30000,2016,"donor_3","MO"
0.219822773834927,0.393206473524959,-0.244663941495552,0.432057506734955,-0.205489020604851,-0.0911867472951064,-0.229810472663185,3,"RI",30000,2016,"donor_1","MD"
0.219822773834927,0.393206473524959,-0.244663941495552,0.432057506734955,-0.205489020604851,-0.0911867472951064,-0.229810472663185,3,"RI",30000,2016,"donor_2","CO"
0.219822773834927,0.393206473524959,-0.244663941495552,0.432057506734955,-0.205489020604851,-0.0911867472951064,-0.229810472663185,3,"RI",30000,2016,"donor_3","TX"
0.219822773834927,0.393206473524959,-0.244663941495552,0.432057506734955,-0.205489020604851,-0.0911867472951064,-0.229810472663185,3,"RI",30000,2016,"donor_1","MD"
0.219822773834927,0.393206473524959,-0.244663941495552,0.432057506734955,-0.205489020604851,-0.0911867472951064,-0.229810472663185,3,"RI",30000,2016,"donor_2","TX"
0.219822773834927,0.393206473524959,-0.244663941495552,0.432057506734955,-0.205489020604851,-0.0911867472951064,-0.229810472663185,3,"RI",30000,2016,"donor_3","CO"
0.219822773834927,0.393206473524959,-0.244663941495552,0.432057506734955,-0.205489020604851,-0.0911867472951064,-0.229810472663185,3,"RI",30000,2016,"donor_1","MD"
0.219822773834927,0.393206473524959,-0.244663941495552,0.432057506734955,-0.205489020604851,-0.0911867472951064,-0.229810472663185,3,"RI",30000,2016,"donor_2","TX"
0.219822773834927,0.393206473524959,-0.244663941495552,0.432057506734955,-0.205489020604851,-0.0911867472951064,-0.229810472663185,3,"RI",30000,2016,"donor_3","CO"
0.219822773834927,0.393206473524959,-0.244663941495552,0.432057506734955,-0.205489020604851,-0.0911867472951064,-0.229810472663185,3,"RI",30000,2016,"donor_1","CO"
0.219822773834927,0.393206473524959,-0.244663941495552,0.432057506734955,-0.205489020604851,-0.0911867472951064,-0.229810472663185,3,"RI",30000,2016,"donor_2","TX"
0.219822773834927,0.393206473524959,-0.244663941495552,0.432057506734955,-0.205489020604851,-0.0911867472951064,-0.229810472663185,3,"RI",30000,2016,"donor_3","MD"
0.219822773834927,0.393206473524959,-0.244663941495552,0.432057506734955,-0.205489020604851,-0.0911867472951064,-0.229810472663185,3,"RI",30000,2016,"donor_1","TX"
0.219822773834927,0.393206473524959,-0.244663941495552,0.432057506734955,-0.205489020604851,-0.0911867472951064,-0.229810472663185,3,"RI",30000,2016,"donor_2","MD"
0.219822773834927,0.393206473524959,-0.244663941495552,0.432057506734955,-0.205489020604851,-0.0911867472951064,-0.229810472663185,3,"RI",30000,2016,"donor_3","CO"
0.219822773834927,0.393206473524959,-0.244663941495552,0.432057506734955,-0.205489020604851,-0.0911867472951064,-0.229810472663185,3,"RI",30000,2016,"donor_1","CO"
0.219822773834927,0.393206473524959,-0.244663941495552,0.432057506734955,-0.205489020604851,-0.0911867472951064,-0.229810472663185,3,"RI",30000,2016,"donor_2","MD"
0.219822773834927,0.393206473524959,-0.244663941495552,0.432057506734955,-0.205489020604851,-0.0911867472951064,-0.229810472663185,3,"RI",30000,2016,"donor_3","TX"
0.219822773834927,0.393206473524959,-0.244663941495552,0.432057506734955,-0.205489020604851,-0.0911867472951064,-0.229810472663185,3,"RI",30000,2016,"donor_1","TX"
0.219822773834927,0.393206473524959,-0.244663941495552,0.432057506734955,-0.205489020604851,-0.0911867472951064,-0.229810472663185,3,"RI",30000,2016,"donor_2","MD"
0.219822773834927,0.393206473524959,-0.244663941495552,0.432057506734955,-0.205489020604851,-0.0911867472951064,-0.229810472663185,3,"RI",30000,2016,"donor_3","CO"
0.126434440009388,0.408620176687301,-0.295950667542979,0.463530890719738,-0.195519109537803,-0.150815485208233,-0.221926656688649,3,"RI",30000,2016,"donor_1","MD"
0.126434440009388,0.408620176687301,-0.295950667542979,0.463530890719738,-0.195519109537803,-0.150815485208233,-0.221926656688649,3,"RI",30000,2016,"donor_2","TX"
0.126434440009388,0.408620176687301,-0.295950667542979,0.463530890719738,-0.195519109537803,-0.150815485208233,-0.221926656688649,3,"RI",30000,2016,"donor_3","MO"
0.126434440009388,0.408620176687301,-0.29595066754298,0.463530890719738,-0.195519109537803,-0.150815485208233,-0.221926656688649,3,"RI",30000,2016,"donor_1","TX"
0.126434440009388,0.408620176687301,-0.29595066754298,0.463530890719738,-0.195519109537803,-0.150815485208233,-0.221926656688649,3,"RI",30000,2016,"donor_2","MO"
0.126434440009388,0.408620176687301,-0.29595066754298,0.463530890719738,-0.195519109537803,-0.150815485208233,-0.221926656688649,3,"RI",30000,2016,"donor_3","MD"
0.126434440009388,0.408620176687301,-0.29595066754298,0.463530890719738,-0.195519109537803,-0.150815485208233,-0.221926656688649,3,"RI",30000,2016,"donor_1","MO"
0.126434440009388,0.408620176687301,-0.29595066754298,0.463530890719738,-0.195519109537803,-0.150815485208233,-0.221926656688649,3,"RI",30000,2016,"donor_2","TX"
0.126434440009388,0.408620176687301,-0.29595066754298,0.463530890719738,-0.195519109537803,-0.150815485208233,-0.221926656688649,3,"RI",30000,2016,"donor_3","MD"
0.126434440009388,0.408620176687301,-0.29595066754298,0.463530890719738,-0.195519109537803,-0.150815485208234,-0.221926656688649,3,"RI",30000,2016,"donor_1","MO"
0.126434440009388,0.408620176687301,-0.29595066754298,0.463530890719738,-0.195519109537803,-0.150815485208234,-0.221926656688649,3,"RI",30000,2016,"donor_2","MD"
0.126434440009388,0.408620176687301,-0.29595066754298,0.463530890719738,-0.195519109537803,-0.150815485208234,-0.221926656688649,3,"RI",30000,2016,"donor_3","TX"
0.126434440009388,0.408620176687301,-0.29595066754298,0.463530890719738,-0.195519109537803,-0.150815485208234,-0.221926656688649,3,"RI",30000,2016,"donor_1","MD"
0.126434440009388,0.408620176687301,-0.29595066754298,0.463530890719738,-0.195519109537803,-0.150815485208234,-0.221926656688649,3,"RI",30000,2016,"donor_2","MO"
0.126434440009388,0.408620176687301,-0.29595066754298,0.463530890719738,-0.195519109537803,-0.150815485208234,-0.221926656688649,3,"RI",30000,2016,"donor_3","TX"
0.192453628214912,0.412954103696294,-0.291020385893625,0.460307472445145,-0.221425488374371,-0.143670049250625,-0.247827484849649,3,"RI",30000,2016,"donor_1","NC"
0.192453628214912,0.412954103696294,-0.291020385893625,0.460307472445145,-0.221425488374371,-0.143670049250625,-0.247827484849649,3,"RI",30000,2016,"donor_2","CO"
0.192453628214912,0.412954103696294,-0.291020385893625,0.460307472445145,-0.221425488374371,-0.143670049250625,-0.247827484849649,3,"RI",30000,2016,"donor_3","MD"
0.192453628214912,0.412954103696294,-0.291020385893625,0.460307472445145,-0.221425488374371,-0.143670049250625,-0.247827484849649,3,"RI",30000,2016,"donor_1","CO"
0.192453628214912,0.412954103696294,-0.291020385893625,0.460307472445145,-0.221425488374371,-0.143670049250625,-0.247827484849649,3,"RI",30000,2016,"donor_2","NC"
0.192453628214912,0.412954103696294,-0.291020385893625,0.460307472445145,-0.221425488374371,-0.143670049250625,-0.247827484849649,3,"RI",30000,2016,"donor_3","MD"
0.192453628214912,0.412954103696294,-0.291020385893625,0.460307472445145,-0.221425488374371,-0.143670049250625,-0.247827484849649,3,"RI",30000,2016,"donor_1","NC"
0.192453628214912,0.412954103696294,-0.291020385893625,0.460307472445145,-0.221425488374371,-0.143670049250625,-0.247827484849649,3,"RI",30000,2016,"donor_2","MD"
0.192453628214912,0.412954103696294,-0.291020385893625,0.460307472445145,-0.221425488374371,-0.143670049250625,-0.247827484849649,3,"RI",30000,2016,"donor_3","CO"
0.192453628214912,0.412954103696294,-0.291020385893625,0.460307472445145,-0.221425488374371,-0.143670049250625,-0.247827484849649,3,"RI",30000,2016,"donor_1","MD"
0.192453628214912,0.412954103696294,-0.291020385893625,0.460307472445145,-0.221425488374371,-0.143670049250625,-0.247827484849649,3,"RI",30000,2016,"donor_2","NC"
0.192453628214912,0.412954103696294,-0.291020385893625,0.460307472445145,-0.221425488374371,-0.143670049250625,-0.247827484849649,3,"RI",30000,2016,"donor_3","CO"
0.192453628214912,0.412954103696294,-0.291020385893625,0.460307472445145,-0.221425488374371,-0.143670049250625,-0.247827484849649,3,"RI",30000,2016,"donor_1","NC"
0.192453628214912,0.412954103696294,-0.291020385893625,0.460307472445145,-0.221425488374371,-0.143670049250625,-0.247827484849649,3,"RI",30000,2016,"donor_2","MD"
0.192453628214912,0.412954103696294,-0.291020385893625,0.460307472445145,-0.221425488374371,-0.143670049250625,-0.247827484849649,3,"RI",30000,2016,"donor_3","CO"
0.192453628214912,0.412954103696294,-0.291020385893625,0.460307472445145,-0.221425488374371,-0.143670049250625,-0.247827484849649,3,"RI",30000,2016,"donor_1","NC"
0.192453628214912,0.412954103696294,-0.291020385893625,0.460307472445145,-0.221425488374371,-0.143670049250625,-0.247827484849649,3,"RI",30000,2016,"donor_2","MD"
0.192453628214912,0.412954103696294,-0.291020385893625,0.460307472445145,-0.221425488374371,-0.143670049250625,-0.247827484849649,3,"RI",30000,2016,"donor_3","CO"
0.252923834367477,0.413647726602904,-0.261662865217557,0.44200487664839,-0.178336360246259,-0.101760692962537,-0.204564537737361,3,"RI",30000,2016,"donor_1","MD"
0.252923834367477,0.413647726602904,-0.261662865217557,0.44200487664839,-0.178336360246259,-0.101760692962537,-0.204564537737361,3,"RI",30000,2016,"donor_2","MI"
0.252923834367477,0.413647726602904,-0.261662865217557,0.44200487664839,-0.178336360246259,-0.101760692962537,-0.204564537737361,3,"RI",30000,2016,"donor_3","CO"
0.252923834367477,0.413647726602904,-0.261662865217557,0.44200487664839,-0.178336360246259,-0.101760692962537,-0.204564537737361,3,"RI",30000,2016,"donor_1","MI"
0.252923834367477,0.413647726602904,-0.261662865217557,0.44200487664839,-0.178336360246259,-0.101760692962537,-0.204564537737361,3,"RI",30000,2016,"donor_2","CO"
0.252923834367477,0.413647726602904,-0.261662865217557,0.44200487664839,-0.178336360246259,-0.101760692962537,-0.204564537737361,3,"RI",30000,2016,"donor_3","MD"
0.252923834367477,0.413647726602904,-0.261662865217557,0.44200487664839,-0.178336360246259,-0.101760692962537,-0.204564537737361,3,"RI",30000,2016,"donor_1","MI"
0.252923834367477,0.413647726602904,-0.261662865217557,0.44200487664839,-0.178336360246259,-0.101760692962537,-0.204564537737361,3,"RI",30000,2016,"donor_2","MD"
0.252923834367477,0.413647726602904,-0.261662865217557,0.44200487664839,-0.178336360246259,-0.101760692962537,-0.204564537737361,3,"RI",30000,2016,"donor_3","CO"
0.252923834367477,0.413647726602904,-0.261662865217556,0.44200487664839,-0.178336360246259,-0.101760692962537,-0.204564537737361,3,"RI",30000,2016,"donor_1","MD"
0.252923834367477,0.413647726602904,-0.261662865217556,0.44200487664839,-0.178336360246259,-0.101760692962537,-0.204564537737361,3,"RI",30000,2016,"donor_2","CO"
0.252923834367477,0.413647726602904,-0.261662865217556,0.44200487664839,-0.178336360246259,-0.101760692962537,-0.204564537737361,3,"RI",30000,2016,"donor_3","MI"
0.252923834367477,0.413647726602904,-0.261662865217556,0.44200487664839,-0.178336360246259,-0.101760692962537,-0.204564537737361,3,"RI",30000,2016,"donor_1","CO"
0.252923834367477,0.413647726602904,-0.261662865217556,0.44200487664839,-0.178336360246259,-0.101760692962537,-0.204564537737361,3,"RI",30000,2016,"donor_2","MD"
0.252923834367477,0.413647726602904,-0.261662865217556,0.44200487664839,-0.178336360246259,-0.101760692962537,-0.204564537737361,3,"RI",30000,2016,"donor_3","MI"
0.252923834367477,0.413647726602904,-0.261662865217556,0.44200487664839,-0.178336360246259,-0.101760692962537,-0.204564537737361,3,"RI",30000,2016,"donor_1","CO"
0.252923834367477,0.413647726602904,-0.261662865217556,0.44200487664839,-0.178336360246259,-0.101760692962537,-0.204564537737361,3,"RI",30000,2016,"donor_2","MD"
0.252923834367477,0.413647726602904,-0.261662865217556,0.44200487664839,-0.178336360246259,-0.101760692962537,-0.204564537737361,3,"RI",30000,2016,"donor_3","MI"
0.252923834367477,0.413647726602904,-0.261662865217557,0.44200487664839,-0.178336360246259,-0.101760692962537,-0.204564537737361,3,"RI",30000,2016,"donor_1","MI"
0.252923834367477,0.413647726602904,-0.261662865217557,0.44200487664839,-0.178336360246259,-0.101760692962537,-0.204564537737361,3,"RI",30000,2016,"donor_2","MD"
0.252923834367477,0.413647726602904,-0.261662865217557,0.44200487664839,-0.178336360246259,-0.101760692962537,-0.204564537737361,3,"RI",30000,2016,"donor_3","CO"
0.252923834367477,0.413647726602904,-0.261662865217557,0.44200487664839,-0.178336360246259,-0.101760692962537,-0.204564537737361,3,"RI",30000,2016,"donor_1","CO"
0.252923834367477,0.413647726602904,-0.261662865217557,0.44200487664839,-0.178336360246259,-0.101760692962537,-0.204564537737361,3,"RI",30000,2016,"donor_2","MI"
0.252923834367477,0.413647726602904,-0.261662865217557,0.44200487664839,-0.178336360246259,-0.101760692962537,-0.204564537737361,3,"RI",30000,2016,"donor_3","MD"
0.252923834367477,0.413647726602904,-0.261662865217557,0.44200487664839,-0.178336360246259,-0.101760692962537,-0.204564537737361,3,"RI",30000,2016,"donor_1","MI"
0.252923834367477,0.413647726602904,-0.261662865217557,0.44200487664839,-0.178336360246259,-0.101760692962537,-0.204564537737361,3,"RI",30000,2016,"donor_2","CO"
0.252923834367477,0.413647726602904,-0.261662865217557,0.44200487664839,-0.178336360246259,-0.101760692962537,-0.204564537737361,3,"RI",30000,2016,"donor_3","MD"
0.252923834367477,0.413647726602904,-0.261662865217556,0.44200487664839,-0.178336360246259,-0.101760692962537,-0.204564537737361,3,"RI",30000,2016,"donor_1","CO"
0.252923834367477,0.413647726602904,-0.261662865217556,0.44200487664839,-0.178336360246259,-0.101760692962537,-0.204564537737361,3,"RI",30000,2016,"donor_2","MD"
0.252923834367477,0.413647726602904,-0.261662865217556,0.44200487664839,-0.178336360246259,-0.101760692962537,-0.204564537737361,3,"RI",30000,2016,"donor_3","MI"
0.252923834367477,0.413647726602904,-0.261662865217557,0.44200487664839,-0.178336360246259,-0.101760692962537,-0.204564537737361,3,"RI",30000,2016,"donor_1","MI"
0.252923834367477,0.413647726602904,-0.261662865217557,0.44200487664839,-0.178336360246259,-0.101760692962537,-0.204564537737361,3,"RI",30000,2016,"donor_2","MD"
0.252923834367477,0.413647726602904,-0.261662865217557,0.44200487664839,-0.178336360246259,-0.101760692962537,-0.204564537737361,3,"RI",30000,2016,"donor_3","CO"
0.252923834367477,0.413647726602904,-0.261662865217557,0.44200487664839,-0.178336360246259,-0.101760692962537,-0.204564537737361,3,"RI",30000,2016,"donor_1","CO"
0.252923834367477,0.413647726602904,-0.261662865217557,0.44200487664839,-0.178336360246259,-0.101760692962537,-0.204564537737361,3,"RI",30000,2016,"donor_2","MI"
0.252923834367477,0.413647726602904,-0.261662865217557,0.44200487664839,-0.178336360246259,-0.101760692962537,-0.204564537737361,3,"RI",30000,2016,"donor_3","MD"
0.252923834367477,0.413647726602904,-0.261662865217556,0.44200487664839,-0.178336360246259,-0.101760692962537,-0.204564537737361,3,"RI",30000,2016,"donor_1","CO"
0.252923834367477,0.413647726602904,-0.261662865217556,0.44200487664839,-0.178336360246259,-0.101760692962537,-0.204564537737361,3,"RI",30000,2016,"donor_2","MD"
0.252923834367477,0.413647726602904,-0.261662865217556,0.44200487664839,-0.178336360246259,-0.101760692962537,-0.204564537737361,3,"RI",30000,2016,"donor_3","MI"
0.252923834367477,0.413647726602904,-0.261662865217556,0.44200487664839,-0.178336360246259,-0.101760692962537,-0.204564537737361,3,"RI",30000,2016,"donor_1","MD"
0.252923834367477,0.413647726602904,-0.261662865217556,0.44200487664839,-0.178336360246259,-0.101760692962537,-0.204564537737361,3,"RI",30000,2016,"donor_2","CO"
0.252923834367477,0.413647726602904,-0.261662865217556,0.44200487664839,-0.178336360246259,-0.101760692962537,-0.204564537737361,3,"RI",30000,2016,"donor_3","MI"
0.252923834367477,0.413647726602904,-0.261662865217557,0.44200487664839,-0.178336360246259,-0.101760692962537,-0.204564537737361,3,"RI",30000,2016,"donor_1","CO"
0.252923834367477,0.413647726602904,-0.261662865217557,0.44200487664839,-0.178336360246259,-0.101760692962537,-0.204564537737361,3,"RI",30000,2016,"donor_2","MI"
0.252923834367477,0.413647726602904,-0.261662865217557,0.44200487664839,-0.178336360246259,-0.101760692962537,-0.204564537737361,3,"RI",30000,2016,"donor_3","MD"
0.252923834367477,0.413647726602904,-0.261662865217557,0.44200487664839,-0.178336360246259,-0.101760692962537,-0.204564537737361,3,"RI",30000,2016,"donor_1","MD"
0.252923834367477,0.413647726602904,-0.261662865217557,0.44200487664839,-0.178336360246259,-0.101760692962537,-0.204564537737361,3,"RI",30000,2016,"donor_2","MI"
0.252923834367477,0.413647726602904,-0.261662865217557,0.44200487664839,-0.178336360246259,-0.101760692962537,-0.204564537737361,3,"RI",30000,2016,"donor_3","CO"
0.249726416053176,0.417986500603279,-0.279344352435437,0.452849589519386,-0.152635362496043,-0.122281127818822,-0.179647054983059,3,"RI",30000,2016,"donor_1","CO"
0.249726416053176,0.417986500603279,-0.279344352435437,0.452849589519386,-0.152635362496043,-0.122281127818822,-0.179647054983059,3,"RI",30000,2016,"donor_2","MD"
0.249726416053176,0.417986500603279,-0.279344352435437,0.452849589519386,-0.152635362496043,-0.122281127818822,-0.179647054983059,3,"RI",30000,2016,"donor_3","PA"
0.249726416053176,0.417986500603279,-0.279344352435437,0.452849589519386,-0.152635362496043,-0.122281127818822,-0.179647054983059,3,"RI",30000,2016,"donor_1","CO"
0.249726416053176,0.417986500603279,-0.279344352435437,0.452849589519386,-0.152635362496043,-0.122281127818822,-0.179647054983059,3,"RI",30000,2016,"donor_2","MD"
0.249726416053176,0.417986500603279,-0.279344352435437,0.452849589519386,-0.152635362496043,-0.122281127818822,-0.179647054983059,3,"RI",30000,2016,"donor_3","PA"
0.249726416053176,0.417986500603279,-0.279344352435437,0.452849589519386,-0.152635362496043,-0.122281127818822,-0.179647054983059,3,"RI",30000,2016,"donor_1","PA"
0.249726416053176,0.417986500603279,-0.279344352435437,0.452849589519386,-0.152635362496043,-0.122281127818822,-0.179647054983059,3,"RI",30000,2016,"donor_2","CO"
0.249726416053176,0.417986500603279,-0.279344352435437,0.452849589519386,-0.152635362496043,-0.122281127818822,-0.179647054983059,3,"RI",30000,2016,"donor_3","MD"
0.249726416053176,0.417986500603279,-0.279344352435437,0.452849589519386,-0.152635362496043,-0.122281127818822,-0.179647054983059,3,"RI",30000,2016,"donor_1","CO"
0.249726416053176,0.417986500603279,-0.279344352435437,0.452849589519386,-0.152635362496043,-0.122281127818822,-0.179647054983059,3,"RI",30000,2016,"donor_2","MD"
0.249726416053176,0.417986500603279,-0.279344352435437,0.452849589519386,-0.152635362496043,-0.122281127818822,-0.179647054983059,3,"RI",30000,2016,"donor_3","PA"
0.249726416053176,0.417986500603279,-0.279344352435437,0.452849589519386,-0.152635362496043,-0.122281127818822,-0.179647054983059,3,"RI",30000,2016,"donor_1","PA"
0.249726416053176,0.417986500603279,-0.279344352435437,0.452849589519386,-0.152635362496043,-0.122281127818822,-0.179647054983059,3,"RI",30000,2016,"donor_2","CO"
0.249726416053176,0.417986500603279,-0.279344352435437,0.452849589519386,-0.152635362496043,-0.122281127818822,-0.179647054983059,3,"RI",30000,2016,"donor_3","MD"
0.249726416053176,0.417986500603279,-0.279344352435437,0.452849589519386,-0.152635362496043,-0.122281127818822,-0.179647054983059,3,"RI",30000,2016,"donor_1","PA"
0.249726416053176,0.417986500603279,-0.279344352435437,0.452849589519386,-0.152635362496043,-0.122281127818822,-0.179647054983059,3,"RI",30000,2016,"donor_2","MD"
0.249726416053176,0.417986500603279,-0.279344352435437,0.452849589519386,-0.152635362496043,-0.122281127818822,-0.179647054983059,3,"RI",30000,2016,"donor_3","CO"
0.249726416053176,0.417986500603279,-0.279344352435437,0.452849589519386,-0.152635362496043,-0.122281127818822,-0.179647054983059,3,"RI",30000,2016,"donor_1","MD"
0.249726416053176,0.417986500603279,-0.279344352435437,0.452849589519386,-0.152635362496043,-0.122281127818822,-0.179647054983059,3,"RI",30000,2016,"donor_2","PA"
0.249726416053176,0.417986500603279,-0.279344352435437,0.452849589519386,-0.152635362496043,-0.122281127818822,-0.179647054983059,3,"RI",30000,2016,"donor_3","CO"
0.249726416053176,0.417986500603279,-0.279344352435437,0.452849589519386,-0.152635362496043,-0.122281127818822,-0.179647054983059,3,"RI",30000,2016,"donor_1","MD"
0.249726416053176,0.417986500603279,-0.279344352435437,0.452849589519386,-0.152635362496043,-0.122281127818822,-0.179647054983059,3,"RI",30000,2016,"donor_2","PA"
0.249726416053176,0.417986500603279,-0.279344352435437,0.452849589519386,-0.152635362496043,-0.122281127818822,-0.179647054983059,3,"RI",30000,2016,"donor_3","CO"
0.0213414834652224,0.0151487091503722,-0.0113592052175774,0.488685827932657,-0.0707709345467962,-0.0066443779009426,-0.0715440948127107,2,"CA",20000,2016,"donor_1","NY"
0.0213414834652224,0.0151487091503722,-0.0113592052175774,0.488685827932657,-0.0707709345467962,-0.0066443779009426,-0.0715440948127107,2,"CA",20000,2016,"donor_2","TX"
0.0213414834652224,0.0151487091503722,-0.0113592052175774,0.488685827932657,-0.0707709345467962,-0.0066443779009426,-0.0715440948127107,2,"CA",20000,2016,"donor_1","NY"
0.0213414834652224,0.0151487091503722,-0.0113592052175774,0.488685827932657,-0.0707709345467962,-0.0066443779009426,-0.0715440948127107,2,"CA",20000,2016,"donor_2","TX"
0.0213414834652224,0.0151487091503722,-0.0113592052175774,0.488685827932657,-0.0707709345467962,-0.0066443779009426,-0.0715440948127107,2,"CA",20000,2016,"donor_1","TX"
0.0213414834652224,0.0151487091503722,-0.0113592052175774,0.488685827932657,-0.0707709345467962,-0.0066443779009426,-0.0715440948127107,2,"CA",20000,2016,"donor_2","NY"
0.0213414834652224,0.0151487091503722,-0.0113592052175774,0.488685827932657,-0.0707709345467962,-0.0066443779009426,-0.0715440948127107,2,"CA",20000,2016,"donor_1","TX"
0.0213414834652224,0.0151487091503722,-0.0113592052175774,0.488685827932657,-0.0707709345467962,-0.0066443779009426,-0.0715440948127107,2,"CA",20000,2016,"donor_2","NY"
0.0213414834652224,0.0151487091503722,-0.0113592052175774,0.488685827932657,-0.0707709345467962,-0.0066443779009426,-0.0715440948127107,2,"CA",20000,2016,"donor_1","TX"
0.0213414834652224,0.0151487091503722,-0.0113592052175774,0.488685827932657,-0.0707709345467962,-0.0066443779009426,-0.0715440948127107,2,"CA",20000,2016,"donor_2","NY"
0.0213414834652224,0.0151487091503722,-0.0113592052175774,0.488685827932657,-0.0707709345467962,-0.0066443779009426,-0.0715440948127107,2,"CA",20000,2016,"donor_1","TX"
0.0213414834652224,0.0151487091503722,-0.0113592052175774,0.488685827932657,-0.0707709345467962,-0.0066443779009426,-0.0715440948127107,2,"CA",20000,2016,"donor_2","NY"
0.0213414834652224,0.0151487091503722,-0.0113592052175774,0.488685827932657,-0.0707709345467962,-0.0066443779009426,-0.0715440948127107,2,"CA",20000,2016,"donor_1","TX"
0.0213414834652224,0.0151487091503722,-0.0113592052175774,0.488685827932657,-0.0707709345467962,-0.0066443779009426,-0.0715440948127107,2,"CA",20000,2016,"donor_2","NY"
0.0213414834652224,0.0151487091503722,-0.0113592052175774,0.488685827932657,-0.0707709345467962,-0.0066443779009426,-0.0715440948127107,2,"CA",20000,2016,"donor_1","TX"
0.0213414834652224,0.0151487091503722,-0.0113592052175774,0.488685827932657,-0.0707709345467962,-0.0066443779009426,-0.0715440948127107,2,"CA",20000,2016,"donor_2","NY"
0.0213414834652224,0.0151487091503722,-0.0113592052175774,0.488685827932657,-0.0707709345467962,-0.0066443779009426,-0.0715440948127107,2,"CA",20000,2016,"donor_1","NY"
0.0213414834652224,0.0151487091503722,-0.0113592052175774,0.488685827932657,-0.0707709345467962,-0.0066443779009426,-0.0715440948127107,2,"CA",20000,2016,"donor_2","TX"
0.0213414834652224,0.0151487091503722,-0.0113592052175774,0.488685827932657,-0.0707709345467962,-0.0066443779009426,-0.0715440948127107,2,"CA",20000,2016,"donor_1","NY"
0.0213414834652224,0.0151487091503722,-0.0113592052175774,0.488685827932657,-0.0707709345467962,-0.0066443779009426,-0.0715440948127107,2,"CA",20000,2016,"donor_2","TX"
0.0213414834652224,0.0151487091503722,-0.0113592052175774,0.488685827932657,-0.0707709345467962,-0.0066443779009426,-0.0715440948127107,2,"CA",20000,2016,"donor_1","NY"
0.0213414834652224,0.0151487091503722,-0.0113592052175774,0.488685827932657,-0.0707709345467962,-0.0066443779009426,-0.0715440948127107,2,"CA",20000,2016,"donor_2","TX"
0.0213414834652224,0.0151487091503722,-0.0113592052175774,0.488685827932657,-0.0707709345467962,-0.0066443779009426,-0.0715440948127107,2,"CA",20000,2016,"donor_1","NY"
0.0213414834652224,0.0151487091503722,-0.0113592052175774,0.488685827932657,-0.0707709345467962,-0.0066443779009426,-0.0715440948127107,2,"CA",20000,2016,"donor_2","TX"
0.0213414834652224,0.0151487091503722,-0.0113592052175774,0.488685827932657,-0.0707709345467962,-0.0066443779009426,-0.0715440948127107,2,"CA",20000,2016,"donor_1","TX"
0.0213414834652224,0.0151487091503722,-0.0113592052175774,0.488685827932657,-0.0707709345467962,-0.0066443779009426,-0.0715440948127107,2,"CA",20000,2016,"donor_2","NY"
0.0213414834652224,0.0151487091503722,-0.0113592052175774,0.488685827932657,-0.0707709345467962,-0.0066443779009426,-0.0715440948127107,2,"CA",20000,2016,"donor_1","TX"
0.0213414834652224,0.0151487091503722,-0.0113592052175774,0.488685827932657,-0.0707709345467962,-0.0066443779009426,-0.0715440948127107,2,"CA",20000,2016,"donor_2","NY"
0.0213414834652224,0.0151487091503722,-0.0113592052175774,0.488685827932657,-0.0707709345467962,-0.0066443779009426,-0.0715440948127107,2,"CA",20000,2016,"donor_1","TX"
0.0213414834652224,0.0151487091503722,-0.0113592052175774,0.488685827932657,-0.0707709345467962,-0.0066443779009426,-0.0715440948127107,2,"CA",20000,2016,"donor_2","NY"
0.0213414834652224,0.0151487091503722,-0.0113592052175774,0.488685827932657,-0.0707709345467962,-0.0066443779009426,-0.0715440948127107,2,"CA",20000,2016,"donor_1","TX"
0.0213414834652224,0.0151487091503722,-0.0113592052175774,0.488685827932657,-0.0707709345467962,-0.0066443779009426,-0.0715440948127107,2,"CA",20000,2016,"donor_2","NY"
0.0213414834652224,0.0151487091503722,-0.0113592052175774,0.488685827932657,-0.0707709345467962,-0.0066443779009426,-0.0715440948127107,2,"CA",20000,2016,"donor_1","TX"
0.0213414834652224,0.0151487091503722,-0.0113592052175774,0.488685827932657,-0.0707709345467962,-0.0066443779009426,-0.0715440948127107,2,"CA",20000,2016,"donor_2","NY"
0.0213414834652224,0.0151487091503722,-0.0113592052175774,0.488685827932657,-0.0707709345467962,-0.0066443779009426,-0.0715440948127107,2,"CA",20000,2016,"donor_1","NY"
0.0213414834652224,0.0151487091503722,-0.0113592052175774,0.488685827932657,-0.0707709345467962,-0.0066443779009426,-0.0715440948127107,2,"CA",20000,2016,"donor_2","TX"
0.0213414834652224,0.0151487091503722,-0.0113592052175774,0.488685827932657,-0.0707709345467962,-0.0066443779009426,-0.0715440948127107,2,"CA",20000,2016,"donor_1","TX"
0.0213414834652224,0.0151487091503722,-0.0113592052175774,0.488685827932657,-0.0707709345467962,-0.0066443779009426,-0.0715440948127107,2,"CA",20000,2016,"donor_2","NY"
0.0213414834652224,0.0151487091503722,-0.0113592052175774,0.488685827932657,-0.0707709345467962,-0.0066443779009426,-0.0715440948127107,2,"CA",20000,2016,"donor_1","TX"
0.0213414834652224,0.0151487091503722,-0.0113592052175774,0.488685827932657,-0.0707709345467962,-0.0066443779009426,-0.0715440948127107,2,"CA",20000,2016,"donor_2","NY"
0.0213414834652224,0.0151487091503722,-0.0113592052175774,0.488685827932657,-0.0707709345467962,-0.0066443779009426,-0.0715440948127107,2,"CA",20000,2016,"donor_1","TX"
0.0213414834652224,0.0151487091503722,-0.0113592052175774,0.488685827932657,-0.0707709345467962,-0.0066443779009426,-0.0715440948127107,2,"CA",20000,2016,"donor_2","NY"
0.0213414834652224,0.0151487091503722,-0.0113592052175774,0.488685827932657,-0.0707709345467962,-0.0066443779009426,-0.0715440948127107,2,"CA",20000,2016,"donor_1","TX"
0.0213414834652224,0.0151487091503722,-0.0113592052175774,0.488685827932657,-0.0707709345467962,-0.0066443779009426,-0.0715440948127107,2,"CA",20000,2016,"donor_2","NY"
0.0213414834652224,0.0151487091503722,-0.0113592052175774,0.488685827932657,-0.0707709345467962,-0.0066443779009426,-0.0715440948127107,2,"CA",20000,2016,"donor_1","TX"
0.0213414834652224,0.0151487091503722,-0.0113592052175774,0.488685827932657,-0.0707709345467962,-0.0066443779009426,-0.0715440948127107,2,"CA",20000,2016,"donor_2","NY"
0.0213414834652224,0.0151487091503722,-0.0113592052175774,0.488685827932657,-0.0707709345467962,-0.0066443779009426,-0.0715440948127107,2,"CA",20000,2016,"donor_1","TX"
0.0213414834652224,0.0151487091503722,-0.0113592052175774,0.488685827932657,-0.0707709345467962,-0.0066443779009426,-0.0715440948127107,2,"CA",20000,2016,"donor_2","NY"
0.0213414834652224,0.0151487091503722,-0.0113592052175774,0.488685827932657,-0.0707709345467962,-0.0066443779009426,-0.0715440948127107,2,"CA",20000,2016,"donor_1","NY"
0.0213414834652224,0.0151487091503722,-0.0113592052175774,0.488685827932657,-0.0707709345467962,-0.0066443779009426,-0.0715440948127107,2,"CA",20000,2016,"donor_2","TX"
0.0213414834652224,0.0151487091503722,-0.0113592052175774,0.488685827932657,-0.0707709345467962,-0.0066443779009426,-0.0715440948127107,2,"CA",20000,2016,"donor_1","TX"
0.0213414834652224,0.0151487091503722,-0.0113592052175774,0.488685827932657,-0.0707709345467962,-0.0066443779009426,-0.0715440948127107,2,"CA",20000,2016,"donor_2","NY"
0.0213414834652224,0.0151487091503722,-0.0113592052175774,0.488685827932657,-0.0707709345467962,-0.0066443779009426,-0.0715440948127107,2,"CA",20000,2016,"donor_1","TX"
0.0213414834652224,0.0151487091503722,-0.0113592052175774,0.488685827932657,-0.0707709345467962,-0.0066443779009426,-0.0715440948127107,2,"CA",20000,2016,"donor_2","NY"
0.0213414834652224,0.0151487091503722,-0.0113592052175774,0.488685827932657,-0.0707709345467962,-0.0066443779009426,-0.0715440948127107,2,"CA",20000,2016,"donor_1","TX"
0.0213414834652224,0.0151487091503722,-0.0113592052175774,0.488685827932657,-0.0707709345467962,-0.0066443779009426,-0.0715440948127107,2,"CA",20000,2016,"donor_2","NY"
0.0213414834652224,0.0151487091503722,-0.0113592052175774,0.488685827932657,-0.0707709345467962,-0.0066443779009426,-0.0715440948127107,2,"CA",20000,2016,"donor_1","NY"
0.0213414834652224,0.0151487091503722,-0.0113592052175774,0.488685827932657,-0.0707709345467962,-0.0066443779009426,-0.0715440948127107,2,"CA",20000,2016,"donor_2","TX"
0.0213414834652224,0.0151487091503722,-0.0113592052175774,0.488685827932657,-0.0707709345467962,-0.0066443779009426,-0.0715440948127107,2,"CA",20000,2016,"donor_1","NY"
0.0213414834652224,0.0151487091503722,-0.0113592052175774,0.488685827932657,-0.0707709345467962,-0.0066443779009426,-0.0715440948127107,2,"CA",20000,2016,"donor_2","TX"
0.0213414834652224,0.0151487091503722,-0.0113592052175774,0.488685827932657,-0.0707709345467962,-0.0066443779009426,-0.0715440948127107,2,"CA",20000,2016,"donor_1","NY"
0.0213414834652224,0.0151487091503722,-0.0113592052175774,0.488685827932657,-0.0707709345467962,-0.0066443779009426,-0.0715440948127107,2,"CA",20000,2016,"donor_2","TX"
0.0213414834652224,0.0151487091503722,-0.0113592052175774,0.488685827932657,-0.0707709345467962,-0.0066443779009426,-0.0715440948127107,2,"CA",20000,2016,"donor_1","TX"
0.0213414834652224,0.0151487091503722,-0.0113592052175774,0.488685827932657,-0.0707709345467962,-0.0066443779009426,-0.0715440948127107,2,"CA",20000,2016,"donor_2","NY"
0.0213414834652224,0.0151487091503722,-0.0113592052175774,0.488685827932657,-0.0707709345467962,-0.0066443779009426,-0.0715440948127107,2,"CA",20000,2016,"donor_1","TX"
0.0213414834652224,0.0151487091503722,-0.0113592052175774,0.488685827932657,-0.0707709345467962,-0.0066443779009426,-0.0715440948127107,2,"CA",20000,2016,"donor_2","NY"
0.0213414834652224,0.0151487091503722,-0.0113592052175774,0.488685827932657,-0.0707709345467962,-0.0066443779009426,-0.0715440948127107,2,"CA",20000,2016,"donor_1","TX"
0.0213414834652224,0.0151487091503722,-0.0113592052175774,0.488685827932657,-0.0707709345467962,-0.0066443779009426,-0.0715440948127107,2,"CA",20000,2016,"donor_2","NY"
0.0213414834652224,0.0151487091503722,-0.0113592052175774,0.488685827932657,-0.0707709345467962,-0.0066443779009426,-0.0715440948127107,2,"CA",20000,2016,"donor_1","NY"
0.0213414834652224,0.0151487091503722,-0.0113592052175774,0.488685827932657,-0.0707709345467962,-0.0066443779009426,-0.0715440948127107,2,"CA",20000,2016,"donor_2","TX"
0.0213414834652224,0.0151487091503722,-0.0113592052175774,0.488685827932657,-0.0707709345467962,-0.0066443779009426,-0.0715440948127107,2,"CA",20000,2016,"donor_1","NY"
0.0213414834652224,0.0151487091503722,-0.0113592052175774,0.488685827932657,-0.0707709345467962,-0.0066443779009426,-0.0715440948127107,2,"CA",20000,2016,"donor_2","TX"
0.0213414834652224,0.0151487091503722,-0.0113592052175774,0.488685827932657,-0.0707709345467962,-0.0066443779009426,-0.0715440948127107,2,"CA",20000,2016,"donor_1","TX"
0.0213414834652224,0.0151487091503722,-0.0113592052175774,0.488685827932657,-0.0707709345467962,-0.0066443779009426,-0.0715440948127107,2,"CA",20000,2016,"donor_2","NY"
0.0213414834652224,0.0151487091503722,-0.0113592052175774,0.488685827932657,-0.0707709345467962,-0.0066443779009426,-0.0715440948127107,2,"CA",20000,2016,"donor_1","TX"
0.0213414834652224,0.0151487091503722,-0.0113592052175774,0.488685827932657,-0.0707709345467962,-0.0066443779009426,-0.0715440948127107,2,"CA",20000,2016,"donor_2","NY"
0.0213414834652224,0.0151487091503722,-0.0113592052175774,0.488685827932657,-0.0707709345467962,-0.0066443779009426,-0.0715440948127107,2,"CA",20000,2016,"donor_1","NY"
0.0213414834652224,0.0151487091503722,-0.0113592052175774,0.488685827932657,-0.0707709345467962,-0.0066443779009426,-0.0715440948127107,2,"CA",20000,2016,"donor_2","TX"
0.0213414834652224,0.0151487091503722,-0.0113592052175774,0.488685827932657,-0.0707709345467962,-0.0066443779009426,-0.0715440948127107,2,"CA",20000,2016,"donor_1","TX"
0.0213414834652224,0.0151487091503722,-0.0113592052175774,0.488685827932657,-0.0707709345467962,-0.0066443779009426,-0.0715440948127107,2,"CA",20000,2016,"donor_2","NY"
0.0213414834652224,0.0151487091503722,-0.0113592052175774,0.488685827932657,-0.0707709345467962,-0.0066443779009426,-0.0715440948127107,2,"CA",20000,2016,"donor_1","TX"
0.0213414834652224,0.0151487091503722,-0.0113592052175774,0.488685827932657,-0.0707709345467962,-0.0066443779009426,-0.0715440948127107,2,"CA",20000,2016,"donor_2","NY"
0.0213414834652224,0.0151487091503722,-0.0113592052175774,0.488685827932657,-0.0707709345467962,-0.0066443779009426,-0.0715440948127107,2,"CA",20000,2016,"donor_1","NY"
0.0213414834652224,0.0151487091503722,-0.0113592052175774,0.488685827932657,-0.0707709345467962,-0.0066443779009426,-0.0715440948127107,2,"CA",20000,2016,"donor_2","TX"
0.0213414834652224,0.0151487091503722,-0.0113592052175774,0.488685827932657,-0.0707709345467962,-0.0066443779009426,-0.0715440948127107,2,"CA",20000,2016,"donor_1","NY"
0.0213414834652224,0.0151487091503722,-0.0113592052175774,0.488685827932657,-0.0707709345467962,-0.0066443779009426,-0.0715440948127107,2,"CA",20000,2016,"donor_2","TX"
0.0213414834652224,0.0151487091503722,-0.0113592052175774,0.488685827932657,-0.0707709345467962,-0.0066443779009426,-0.0715440948127107,2,"CA",20000,2016,"donor_1","TX"
0.0213414834652224,0.0151487091503722,-0.0113592052175774,0.488685827932657,-0.0707709345467962,-0.0066443779009426,-0.0715440948127107,2,"CA",20000,2016,"donor_2","NY"
0.0213414834652224,0.0151487091503722,-0.0113592052175774,0.488685827932657,-0.0707709345467962,-0.0066443779009426,-0.0715440948127107,2,"CA",20000,2016,"donor_1","TX"
0.0213414834652224,0.0151487091503722,-0.0113592052175774,0.488685827932657,-0.0707709345467962,-0.0066443779009426,-0.0715440948127107,2,"CA",20000,2016,"donor_2","NY"
0.0213414834652224,0.0151487091503722,-0.0113592052175774,0.488685827932657,-0.0707709345467962,-0.0066443779009426,-0.0715440948127107,2,"CA",20000,2016,"donor_1","NY"
0.0213414834652224,0.0151487091503722,-0.0113592052175774,0.488685827932657,-0.0707709345467962,-0.0066443779009426,-0.0715440948127107,2,"CA",20000,2016,"donor_2","TX"
0.0213414834652224,0.0151487091503722,-0.0113592052175774,0.488685827932657,-0.0707709345467962,-0.0066443779009426,-0.0715440948127107,2,"CA",20000,2016,"donor_1","TX"
0.0213414834652224,0.0151487091503722,-0.0113592052175774,0.488685827932657,-0.0707709345467962,-0.0066443779009426,-0.0715440948127107,2,"CA",20000,2016,"donor_2","NY"
0.0213414834652224,0.0151487091503722,-0.0113592052175774,0.488685827932657,-0.0707709345467962,-0.0066443779009426,-0.0715440948127107,2,"CA",20000,2016,"donor_1","NY"
0.0213414834652224,0.0151487091503722,-0.0113592052175774,0.488685827932657,-0.0707709345467962,-0.0066443779009426,-0.0715440948127107,2,"CA",20000,2016,"donor_2","TX"
0.0213414834652224,0.0151487091503722,-0.0113592052175774,0.488685827932657,-0.0707709345467962,-0.0066443779009426,-0.0715440948127107,2,"CA",20000,2016,"donor_1","NY"
0.0213414834652224,0.0151487091503722,-0.0113592052175774,0.488685827932657,-0.0707709345467962,-0.0066443779009426,-0.0715440948127107,2,"CA",20000,2016,"donor_2","TX"
0.23400592388475,0.0233652116452332,-0.0655484913685651,0.517024950854679,-0.059107502544946,-0.0582877030601837,-0.0604362907995988,2,"CA",20000,2016,"donor_1","TX"
0.23400592388475,0.0233652116452332,-0.0655484913685651,0.517024950854679,-0.059107502544946,-0.0582877030601837,-0.0604362907995988,2,"CA",20000,2016,"donor_2","WI"
0.186127079501721,0.0149941544585928,-0.110167424179797,0.826615926951162,-0.198732254820029,-0.117150460994602,-0.197424605170892,8,"VT",80000,2014,"donor_1","WA"
0.186127079501721,0.0149941544585928,-0.110167424179797,0.826615926951162,-0.198732254820029,-0.117150460994602,-0.197424605170892,8,"VT",80000,2014,"donor_2","MN"
0.186127079501721,0.0149941544585928,-0.110167424179797,0.826615926951162,-0.198732254820029,-0.117150460994602,-0.197424605170892,8,"VT",80000,2014,"donor_3","MI"
0.186127079501721,0.0149941544585928,-0.110167424179797,0.826615926951162,-0.198732254820029,-0.117150460994602,-0.197424605170892,8,"VT",80000,2014,"donor_4","AL"
0.186127079501721,0.0149941544585928,-0.110167424179797,0.826615926951162,-0.198732254820029,-0.117150460994602,-0.197424605170892,8,"VT",80000,2014,"donor_5","IA"
0.186127079501721,0.0149941544585928,-0.110167424179797,0.826615926951162,-0.198732254820029,-0.117150460994602,-0.197424605170892,8,"VT",80000,2014,"donor_6","CO"
0.186127079501721,0.0149941544585928,-0.110167424179797,0.826615926951162,-0.198732254820029,-0.117150460994602,-0.197424605170892,8,"VT",80000,2014,"donor_7","TN"
0.186127079501721,0.0149941544585928,-0.110167424179797,0.826615926951162,-0.198732254820029,-0.117150460994602,-0.197424605170892,8,"VT",80000,2014,"donor_8","MD"
0.519232588927004,0.0206806999555493,-0.133649258602594,0.849020776858262,-0.197450840188794,-0.122992926908323,-0.199514095387326,8,"VT",80000,2014,"donor_1","UT"
0.519232588927004,0.0206806999555493,-0.133649258602594,0.849020776858262,-0.197450840188794,-0.122992926908323,-0.199514095387326,8,"VT",80000,2014,"donor_2","MN"
0.519232588927004,0.0206806999555493,-0.133649258602594,0.849020776858262,-0.197450840188794,-0.122992926908323,-0.199514095387326,8,"VT",80000,2014,"donor_3","IA"
0.519232588927004,0.0206806999555493,-0.133649258602594,0.849020776858262,-0.197450840188794,-0.122992926908323,-0.199514095387326,8,"VT",80000,2014,"donor_4","CO"
0.519232588927004,0.0206806999555493,-0.133649258602594,0.849020776858262,-0.197450840188794,-0.122992926908323,-0.199514095387326,8,"VT",80000,2014,"donor_5","TN"
0.519232588927004,0.0206806999555493,-0.133649258602594,0.849020776858262,-0.197450840188794,-0.122992926908323,-0.199514095387326,8,"VT",80000,2014,"donor_6","AL"
0.519232588927004,0.0206806999555493,-0.133649258602594,0.849020776858262,-0.197450840188794,-0.122992926908323,-0.199514095387326,8,"VT",80000,2014,"donor_7","MD"
0.519232588927004,0.0206806999555493,-0.133649258602594,0.849020776858262,-0.197450840188794,-0.122992926908323,-0.199514095387326,8,"VT",80000,2014,"donor_8","NY"
0.632056734606473,0.0228475124245272,-0.265362272450072,1.00124149891685,-0.194276336658031,-0.257368607806866,-0.196431804055003,8,"VT",80000,2014,"donor_1","AL"
0.632056734606473,0.0228475124245272,-0.265362272450072,1.00124149891685,-0.194276336658031,-0.257368607806866,-0.196431804055003,8,"VT",80000,2014,"donor_2","TN"
0.632056734606473,0.0228475124245272,-0.265362272450072,1.00124149891685,-0.194276336658031,-0.257368607806866,-0.196431804055003,8,"VT",80000,2014,"donor_3","FL"
0.632056734606473,0.0228475124245272,-0.265362272450072,1.00124149891685,-0.194276336658031,-0.257368607806866,-0.196431804055003,8,"VT",80000,2014,"donor_4","OK"
0.632056734606473,0.0228475124245272,-0.265362272450072,1.00124149891685,-0.194276336658031,-0.257368607806866,-0.196431804055003,8,"VT",80000,2014,"donor_5","AZ"
0.632056734606473,0.0228475124245272,-0.265362272450072,1.00124149891685,-0.194276336658031,-0.257368607806866,-0.196431804055003,8,"VT",80000,2014,"donor_6","IA"
0.632056734606473,0.0228475124245272,-0.265362272450072,1.00124149891685,-0.194276336658031,-0.257368607806866,-0.196431804055003,8,"VT",80000,2014,"donor_7","CO"
0.632056734606473,0.0228475124245272,-0.265362272450072,1.00124149891685,-0.194276336658031,-0.257368607806866,-0.196431804055003,8,"VT",80000,2014,"donor_8","NC"
0.174461857520386,0.0261004682030332,-0.0998833526802852,0.817171620681841,-0.15743804190427,-0.085777017947212,-0.159959811022308,8,"VT",80000,2014,"donor_1","IA"
0.174461857520386,0.0261004682030332,-0.0998833526802852,0.817171620681841,-0.15743804190427,-0.085777017947212,-0.159959811022308,8,"VT",80000,2014,"donor_2","CO"
0.174461857520386,0.0261004682030332,-0.0998833526802852,0.817171620681841,-0.15743804190427,-0.085777017947212,-0.159959811022308,8,"VT",80000,2014,"donor_3","NC"
0.174461857520386,0.0261004682030332,-0.0998833526802852,0.817171620681841,-0.15743804190427,-0.085777017947212,-0.159959811022308,8,"VT",80000,2014,"donor_4","MD"
0.174461857520386,0.0261004682030332,-0.0998833526802852,0.817171620681841,-0.15743804190427,-0.085777017947212,-0.159959811022308,8,"VT",80000,2014,"donor_5","IL"
0.174461857520386,0.0261004682030332,-0.0998833526802852,0.817171620681841,-0.15743804190427,-0.085777017947212,-0.159959811022308,8,"VT",80000,2014,"donor_6","WI"
0.174461857520386,0.0261004682030332,-0.0998833526802852,0.817171620681841,-0.15743804190427,-0.085777017947212,-0.159959811022308,8,"VT",80000,2014,"donor_7","TN"
0.174461857520386,0.0261004682030332,-0.0998833526802852,0.817171620681841,-0.15743804190427,-0.085777017947212,-0.159959811022308,8,"VT",80000,2014,"donor_8","WA"
0.964058852864441,0.0269180164248739,-0.258422000686156,0.991871091339732,-0.171444304166233,-0.248500336987529,-0.174063336984216,8,"VT",80000,2014,"donor_1","MI"
0.964058852864441,0.0269180164248739,-0.258422000686156,0.991871091339732,-0.171444304166233,-0.248500336987529,-0.174063336984216,8,"VT",80000,2014,"donor_2","TN"
0.964058852864441,0.0269180164248739,-0.258422000686156,0.991871091339732,-0.171444304166233,-0.248500336987529,-0.174063336984216,8,"VT",80000,2014,"donor_3","FL"
0.964058852864441,0.0269180164248739,-0.258422000686156,0.991871091339732,-0.171444304166233,-0.248500336987529,-0.174063336984216,8,"VT",80000,2014,"donor_4","AL"
0.964058852864441,0.0269180164248739,-0.258422000686156,0.991871091339732,-0.171444304166233,-0.248500336987529,-0.174063336984216,8,"VT",80000,2014,"donor_5","IA"
0.964058852864441,0.0269180164248739,-0.258422000686156,0.991871091339732,-0.171444304166233,-0.248500336987529,-0.174063336984216,8,"VT",80000,2014,"donor_6","WA"
0.964058852864441,0.0269180164248739,-0.258422000686156,0.991871091339732,-0.171444304166233,-0.248500336987529,-0.174063336984216,8,"VT",80000,2014,"donor_7","OK"
0.964058852864441,0.0269180164248739,-0.258422000686156,0.991871091339732,-0.171444304166233,-0.248500336987529,-0.174063336984216,8,"VT",80000,2014,"donor_8","CO"
0.980384292358358,0.0278233621767265,-0.220788695117382,0.943967027793265,-0.161411986718738,-0.209295377624747,-0.16415620053664,8,"VT",80000,2014,"donor_1","NY"
0.980384292358358,0.0278233621767265,-0.220788695117382,0.943967027793265,-0.161411986718738,-0.209295377624747,-0.16415620053664,8,"VT",80000,2014,"donor_2","CO"
0.980384292358358,0.0278233621767265,-0.220788695117382,0.943967027793265,-0.161411986718738,-0.209295377624747,-0.16415620053664,8,"VT",80000,2014,"donor_3","TX"
0.980384292358358,0.0278233621767265,-0.220788695117382,0.943967027793265,-0.161411986718738,-0.209295377624747,-0.16415620053664,8,"VT",80000,2014,"donor_4","MI"
0.980384292358358,0.0278233621767265,-0.220788695117382,0.943967027793265,-0.161411986718738,-0.209295377624747,-0.16415620053664,8,"VT",80000,2014,"donor_5","AL"
0.980384292358358,0.0278233621767265,-0.220788695117382,0.943967027793265,-0.161411986718738,-0.209295377624747,-0.16415620053664,8,"VT",80000,2014,"donor_6","OK"
0.980384292358358,0.0278233621767265,-0.220788695117382,0.943967027793265,-0.161411986718738,-0.209295377624747,-0.16415620053664,8,"VT",80000,2014,"donor_7","MN"
0.980384292358358,0.0278233621767265,-0.220788695117382,0.943967027793265,-0.161411986718738,-0.209295377624747,-0.16415620053664,8,"VT",80000,2014,"donor_8","IA"
0.979279153283126,0.0312036276603242,-0.204757727738106,0.924937978209892,-0.141663465597171,-0.191656405145134,-0.144661673514732,8,"VT",80000,2014,"donor_1","CO"
0.979279153283126,0.0312036276603242,-0.204757727738106,0.924937978209892,-0.141663465597171,-0.191656405145134,-0.144661673514732,8,"VT",80000,2014,"donor_2","AZ"
0.979279153283126,0.0312036276603242,-0.204757727738106,0.924937978209892,-0.141663465597171,-0.191656405145134,-0.144661673514732,8,"VT",80000,2014,"donor_3","NC"
0.979279153283126,0.0312036276603242,-0.204757727738106,0.924937978209892,-0.141663465597171,-0.191656405145134,-0.144661673514732,8,"VT",80000,2014,"donor_4","MI"
0.979279153283126,0.0312036276603242,-0.204757727738106,0.924937978209892,-0.141663465597171,-0.191656405145134,-0.144661673514732,8,"VT",80000,2014,"donor_5","OK"
0.979279153283126,0.0312036276603242,-0.204757727738106,0.924937978209892,-0.141663465597171,-0.191656405145134,-0.144661673514732,8,"VT",80000,2014,"donor_6","NY"
0.979279153283126,0.0312036276603242,-0.204757727738106,0.924937978209892,-0.141663465597171,-0.191656405145134,-0.144661673514732,8,"VT",80000,2014,"donor_7","IA"
0.979279153283126,0.0312036276603242,-0.204757727738106,0.924937978209892,-0.141663465597171,-0.191656405145134,-0.144661673514732,8,"VT",80000,2014,"donor_8","TN"
0.013030266576682,0.0338082137617688,-0.102493002944452,0.819547682531808,-0.197125266659136,-0.0836458570574318,-0.200496481784425,8,"VT",80000,2014,"donor_1","TN"
0.013030266576682,0.0338082137617688,-0.102493002944452,0.819547682531808,-0.197125266659136,-0.0836458570574318,-0.200496481784425,8,"VT",80000,2014,"donor_2","AL"
0.013030266576682,0.0338082137617688,-0.102493002944452,0.819547682531808,-0.197125266659136,-0.0836458570574318,-0.200496481784425,8,"VT",80000,2014,"donor_3","WI"
0.013030266576682,0.0338082137617688,-0.102493002944452,0.819547682531808,-0.197125266659136,-0.0836458570574318,-0.200496481784425,8,"VT",80000,2014,"donor_4","MD"
0.013030266576682,0.0338082137617688,-0.102493002944452,0.819547682531808,-0.197125266659136,-0.0836458570574318,-0.200496481784425,8,"VT",80000,2014,"donor_5","MN"
0.013030266576682,0.0338082137617688,-0.102493002944452,0.819547682531808,-0.197125266659136,-0.0836458570574318,-0.200496481784425,8,"VT",80000,2014,"donor_6","CO"
0.013030266576682,0.0338082137617688,-0.102493002944452,0.819547682531808,-0.197125266659136,-0.0836458570574318,-0.200496481784425,8,"VT",80000,2014,"donor_7","IN"
0.013030266576682,0.0338082137617688,-0.102493002944452,0.819547682531808,-0.197125266659136,-0.0836458570574318,-0.200496481784425,8,"VT",80000,2014,"donor_8","IA"
0.42376362574247,0.0374010723860296,-0.203431675235631,0.923398227905357,-0.101525773572644,-0.18732963102387,-0.105184969147727,8,"VT",80000,2014,"donor_1","WA"
0.42376362574247,0.0374010723860296,-0.203431675235631,0.923398227905357,-0.101525773572644,-0.18732963102387,-0.105184969147727,8,"VT",80000,2014,"donor_2","OR"
0.42376362574247,0.0374010723860296,-0.203431675235631,0.923398227905357,-0.101525773572644,-0.18732963102387,-0.105184969147727,8,"VT",80000,2014,"donor_3","OK"
0.42376362574247,0.0374010723860296,-0.203431675235631,0.923398227905357,-0.101525773572644,-0.18732963102387,-0.105184969147727,8,"VT",80000,2014,"donor_4","CO"
0.42376362574247,0.0374010723860296,-0.203431675235631,0.923398227905357,-0.101525773572644,-0.18732963102387,-0.105184969147727,8,"VT",80000,2014,"donor_5","NY"
0.42376362574247,0.0374010723860296,-0.203431675235631,0.923398227905357,-0.101525773572644,-0.18732963102387,-0.105184969147727,8,"VT",80000,2014,"donor_6","IA"
0.42376362574247,0.0374010723860296,-0.203431675235631,0.923398227905357,-0.101525773572644,-0.18732963102387,-0.105184969147727,8,"VT",80000,2014,"donor_7","MI"
0.42376362574247,0.0374010723860296,-0.203431675235631,0.923398227905357,-0.101525773572644,-0.18732963102387,-0.105184969147727,8,"VT",80000,2014,"donor_8","TX"
0.375085378866999,0.041247592797794,-0.297091107340235,1.04643686710191,-0.193503663993952,-0.283208970793873,-0.19755694560166,8,"VT",80000,2014,"donor_1","OK"
0.375085378866999,0.041247592797794,-0.297091107340235,1.04643686710191,-0.193503663993952,-0.283208970793873,-0.19755694560166,8,"VT",80000,2014,"donor_2","FL"
0.375085378866999,0.041247592797794,-0.297091107340235,1.04643686710191,-0.193503663993952,-0.283208970793873,-0.19755694560166,8,"VT",80000,2014,"donor_3","KY"
0.375085378866999,0.041247592797794,-0.297091107340235,1.04643686710191,-0.193503663993952,-0.283208970793873,-0.19755694560166,8,"VT",80000,2014,"donor_4","AL"
0.375085378866999,0.041247592797794,-0.297091107340235,1.04643686710191,-0.193503663993952,-0.283208970793873,-0.19755694560166,8,"VT",80000,2014,"donor_5","TN"
0.375085378866999,0.041247592797794,-0.297091107340235,1.04643686710191,-0.193503663993952,-0.283208970793873,-0.19755694560166,8,"VT",80000,2014,"donor_6","TX"
0.375085378866999,0.041247592797794,-0.297091107340235,1.04643686710191,-0.193503663993952,-0.283208970793873,-0.19755694560166,8,"VT",80000,2014,"donor_7","CO"
0.375085378866999,0.041247592797794,-0.297091107340235,1.04643686710191,-0.193503663993952,-0.283208970793873,-0.19755694560166,8,"VT",80000,2014,"donor_8","IA"
0.347412933903302,0.0424732969145817,-0.23901284758479,0.966573190044641,-0.0950230820112499,-0.221978126515204,-0.0992556891517155,8,"VT",80000,2014,"donor_1","CO"
0.347412933903302,0.0424732969145817,-0.23901284758479,0.966573190044641,-0.0950230820112499,-0.221978126515204,-0.0992556891517155,8,"VT",80000,2014,"donor_2","AL"
0.347412933903302,0.0424732969145817,-0.23901284758479,0.966573190044641,-0.0950230820112499,-0.221978126515204,-0.0992556891517155,8,"VT",80000,2014,"donor_3","OR"
0.347412933903302,0.0424732969145817,-0.23901284758479,0.966573190044641,-0.0950230820112499,-0.221978126515204,-0.0992556891517155,8,"VT",80000,2014,"donor_4","WA"
0.347412933903302,0.0424732969145817,-0.23901284758479,0.966573190044641,-0.0950230820112499,-0.221978126515204,-0.0992556891517155,8,"VT",80000,2014,"donor_5","AZ"
0.347412933903302,0.0424732969145817,-0.23901284758479,0.966573190044641,-0.0950230820112499,-0.221978126515204,-0.0992556891517155,8,"VT",80000,2014,"donor_6","NY"
0.347412933903302,0.0424732969145817,-0.23901284758479,0.966573190044641,-0.0950230820112499,-0.221978126515204,-0.0992556891517155,8,"VT",80000,2014,"donor_7","IL"
0.347412933903302,0.0424732969145817,-0.23901284758479,0.966573190044641,-0.0950230820112499,-0.221978126515204,-0.0992556891517155,8,"VT",80000,2014,"donor_8","IA"
0.866045508029137,0.0431160978790362,-0.243835222223624,0.972737425903332,-0.172946738868996,-0.22690995814317,-0.177205967916834,8,"VT",80000,2014,"donor_1","TN"
0.866045508029137,0.0431160978790362,-0.243835222223624,0.972737425903332,-0.172946738868996,-0.22690995814317,-0.177205967916834,8,"VT",80000,2014,"donor_2","CO"
0.866045508029137,0.0431160978790362,-0.243835222223624,0.972737425903332,-0.172946738868996,-0.22690995814317,-0.177205967916834,8,"VT",80000,2014,"donor_3","NY"
0.866045508029137,0.0431160978790362,-0.243835222223624,0.972737425903332,-0.172946738868996,-0.22690995814317,-0.177205967916834,8,"VT",80000,2014,"donor_4","NC"
0.866045508029137,0.0431160978790362,-0.243835222223624,0.972737425903332,-0.172946738868996,-0.22690995814317,-0.177205967916834,8,"VT",80000,2014,"donor_5","AL"
0.866045508029137,0.0431160978790362,-0.243835222223624,0.972737425903332,-0.172946738868996,-0.22690995814317,-0.177205967916834,8,"VT",80000,2014,"donor_6","OK"
0.866045508029137,0.0431160978790362,-0.243835222223624,0.972737425903332,-0.172946738868996,-0.22690995814317,-0.177205967916834,8,"VT",80000,2014,"donor_7","UT"
0.866045508029137,0.0431160978790362,-0.243835222223624,0.972737425903332,-0.172946738868996,-0.22690995814317,-0.177205967916834,8,"VT",80000,2014,"donor_8","IA"
0.470359483825634,0.0444179607539676,-0.217942453091522,0.94053152789156,-0.0884127276056178,-0.199377000312442,-0.0927746791546292,8,"VT",80000,2014,"donor_1","NY"
0.470359483825634,0.0444179607539676,-0.217942453091522,0.94053152789156,-0.0884127276056178,-0.199377000312442,-0.0927746791546292,8,"VT",80000,2014,"donor_2","MI"
0.470359483825634,0.0444179607539676,-0.217942453091522,0.94053152789156,-0.0884127276056178,-0.199377000312442,-0.0927746791546292,8,"VT",80000,2014,"donor_3","AZ"
0.470359483825634,0.0444179607539676,-0.217942453091522,0.94053152789156,-0.0884127276056178,-0.199377000312442,-0.0927746791546292,8,"VT",80000,2014,"donor_4","OR"
0.470359483825634,0.0444179607539676,-0.217942453091522,0.94053152789156,-0.0884127276056178,-0.199377000312442,-0.0927746791546292,8,"VT",80000,2014,"donor_5","OK"
0.470359483825634,0.0444179607539676,-0.217942453091522,0.94053152789156,-0.0884127276056178,-0.199377000312442,-0.0927746791546292,8,"VT",80000,2014,"donor_6","IA"
0.470359483825634,0.0444179607539676,-0.217942453091522,0.94053152789156,-0.0884127276056178,-0.199377000312442,-0.0927746791546292,8,"VT",80000,2014,"donor_7","WI"
0.470359483825634,0.0444179607539676,-0.217942453091522,0.94053152789156,-0.0884127276056178,-0.199377000312442,-0.0927746791546292,8,"VT",80000,2014,"donor_8","CO"
0.928838086934124,0.0453737949216599,-0.218721984807693,0.941469957159752,-0.139044522764756,-0.199112102682443,-0.14365493452056,8,"VT",80000,2014,"donor_1","IA"
0.928838086934124,0.0453737949216599,-0.218721984807693,0.941469957159752,-0.139044522764756,-0.199112102682443,-0.14365493452056,8,"VT",80000,2014,"donor_2","IL"
0.928838086934124,0.0453737949216599,-0.218721984807693,0.941469957159752,-0.139044522764756,-0.199112102682443,-0.14365493452056,8,"VT",80000,2014,"donor_3","CO"
0.928838086934124,0.0453737949216599,-0.218721984807693,0.941469957159752,-0.139044522764756,-0.199112102682443,-0.14365493452056,8,"VT",80000,2014,"donor_4","WI"
0.928838086934124,0.0453737949216599,-0.218721984807693,0.941469957159752,-0.139044522764756,-0.199112102682443,-0.14365493452056,8,"VT",80000,2014,"donor_5","MI"
0.928838086934124,0.0453737949216599,-0.218721984807693,0.941469957159752,-0.139044522764756,-0.199112102682443,-0.14365493452056,8,"VT",80000,2014,"donor_6","AL"
0.928838086934124,0.0453737949216599,-0.218721984807693,0.941469957159752,-0.139044522764756,-0.199112102682443,-0.14365493452056,8,"VT",80000,2014,"donor_7","TX"
0.928838086934124,0.0453737949216599,-0.218721984807693,0.941469957159752,-0.139044522764756,-0.199112102682443,-0.14365493452056,8,"VT",80000,2014,"donor_8","TN"
0.269587801287555,0.0464423724181321,-0.227292410859119,0.951912197873924,-0.143541564460754,-0.207895899037723,-0.14820352143751,8,"VT",80000,2014,"donor_1","IA"
0.269587801287555,0.0464423724181321,-0.227292410859119,0.951912197873924,-0.143541564460754,-0.207895899037723,-0.14820352143751,8,"VT",80000,2014,"donor_2","UT"
0.269587801287555,0.0464423724181321,-0.227292410859119,0.951912197873924,-0.143541564460754,-0.207895899037723,-0.14820352143751,8,"VT",80000,2014,"donor_3","AZ"
0.269587801287555,0.0464423724181321,-0.227292410859119,0.951912197873924,-0.143541564460754,-0.207895899037723,-0.14820352143751,8,"VT",80000,2014,"donor_4","NY"
0.269587801287555,0.0464423724181321,-0.227292410859119,0.951912197873924,-0.143541564460754,-0.207895899037723,-0.14820352143751,8,"VT",80000,2014,"donor_5","TX"
0.269587801287555,0.0464423724181321,-0.227292410859119,0.951912197873924,-0.143541564460754,-0.207895899037723,-0.14820352143751,8,"VT",80000,2014,"donor_6","CO"
0.269587801287555,0.0464423724181321,-0.227292410859119,0.951912197873924,-0.143541564460754,-0.207895899037723,-0.14820352143751,8,"VT",80000,2014,"donor_7","TN"
0.269587801287555,0.0464423724181321,-0.227292410859119,0.951912197873924,-0.143541564460754,-0.207895899037723,-0.14820352143751,8,"VT",80000,2014,"donor_8","AL"
0.104496607110651,0.0480835906262203,-0.289697240190357,1.03554402588845,-0.137233108890181,-0.272918187607117,-0.142012611654927,8,"VT",80000,2014,"donor_1","IA"
0.104496607110651,0.0480835906262203,-0.289697240190357,1.03554402588845,-0.137233108890181,-0.272918187607117,-0.142012611654927,8,"VT",80000,2014,"donor_2","OK"
0.104496607110651,0.0480835906262203,-0.289697240190357,1.03554402588845,-0.137233108890181,-0.272918187607117,-0.142012611654927,8,"VT",80000,2014,"donor_3","MI"
0.104496607110651,0.0480835906262203,-0.289697240190357,1.03554402588845,-0.137233108890181,-0.272918187607117,-0.142012611654927,8,"VT",80000,2014,"donor_4","AL"
0.104496607110651,0.0480835906262203,-0.289697240190357,1.03554402588845,-0.137233108890181,-0.272918187607117,-0.142012611654927,8,"VT",80000,2014,"donor_5","WA"
0.104496607110651,0.0480835906262203,-0.289697240190357,1.03554402588845,-0.137233108890181,-0.272918187607117,-0.142012611654927,8,"VT",80000,2014,"donor_6","CO"
0.104496607110651,0.0480835906262203,-0.289697240190357,1.03554402588845,-0.137233108890181,-0.272918187607117,-0.142012611654927,8,"VT",80000,2014,"donor_7","KY"
0.104496607110651,0.0480835906262203,-0.289697240190357,1.03554402588845,-0.137233108890181,-0.272918187607117,-0.142012611654927,8,"VT",80000,2014,"donor_8","IL"
0.690393782997348,0.0495247321199882,-0.279736525274929,1.02122321248307,-0.187597302628658,-0.261784486781967,-0.192564155286762,8,"VT",80000,2014,"donor_1","MN"
0.690393782997348,0.0495247321199882,-0.279736525274929,1.02122321248307,-0.187597302628658,-0.261784486781967,-0.192564155286762,8,"VT",80000,2014,"donor_2","OK"
0.690393782997348,0.0495247321199882,-0.279736525274929,1.02122321248307,-0.187597302628658,-0.261784486781967,-0.192564155286762,8,"VT",80000,2014,"donor_3","AL"
0.690393782997348,0.0495247321199882,-0.279736525274929,1.02122321248307,-0.187597302628658,-0.261784486781967,-0.192564155286762,8,"VT",80000,2014,"donor_4","IA"
0.690393782997348,0.0495247321199882,-0.279736525274929,1.02122321248307,-0.187597302628658,-0.261784486781967,-0.192564155286762,8,"VT",80000,2014,"donor_5","KY"
0.690393782997348,0.0495247321199882,-0.279736525274929,1.02122321248307,-0.187597302628658,-0.261784486781967,-0.192564155286762,8,"VT",80000,2014,"donor_6","TN"
0.690393782997348,0.0495247321199882,-0.279736525274929,1.02122321248307,-0.187597302628658,-0.261784486781967,-0.192564155286762,8,"VT",80000,2014,"donor_7","CO"
0.690393782997348,0.0495247321199882,-0.279736525274929,1.02122321248307,-0.187597302628658,-0.261784486781967,-0.192564155286762,8,"VT",80000,2014,"donor_8","TX"
0.778886685504709,0.0496575524914174,-0.113067862920002,0.829319120078984,-0.16366683117758,-0.0853236239088624,-0.168697862586155,8,"VT",80000,2014,"donor_1","NY"
0.778886685504709,0.0496575524914174,-0.113067862920002,0.829319120078984,-0.16366683117758,-0.0853236239088624,-0.168697862586155,8,"VT",80000,2014,"donor_2","IA"
0.778886685504709,0.0496575524914174,-0.113067862920002,0.829319120078984,-0.16366683117758,-0.0853236239088624,-0.168697862586155,8,"VT",80000,2014,"donor_3","UT"
0.778886685504709,0.0496575524914174,-0.113067862920002,0.829319120078984,-0.16366683117758,-0.0853236239088624,-0.168697862586155,8,"VT",80000,2014,"donor_4","TN"
0.778886685504709,0.0496575524914174,-0.113067862920002,0.829319120078984,-0.16366683117758,-0.0853236239088624,-0.168697862586155,8,"VT",80000,2014,"donor_5","MD"
0.778886685504709,0.0496575524914174,-0.113067862920002,0.829319120078984,-0.16366683117758,-0.0853236239088624,-0.168697862586155,8,"VT",80000,2014,"donor_6","MN"
0.778886685504709,0.0496575524914174,-0.113067862920002,0.829319120078984,-0.16366683117758,-0.0853236239088624,-0.168697862586155,8,"VT",80000,2014,"donor_7","MI"
0.778886685504709,0.0496575524914174,-0.113067862920002,0.829319120078984,-0.16366683117758,-0.0853236239088624,-0.168697862586155,8,"VT",80000,2014,"donor_8","CO"
0.764432342899846,0.0501832405940636,-0.246584096778128,0.976286505696902,-0.114612470250287,-0.226238703145183,-0.119746594517726,8,"VT",80000,2014,"donor_1","CO"
0.764432342899846,0.0501832405940636,-0.246584096778128,0.976286505696902,-0.114612470250287,-0.226238703145183,-0.119746594517726,8,"VT",80000,2014,"donor_2","IA"
0.764432342899846,0.0501832405940636,-0.246584096778128,0.976286505696902,-0.114612470250287,-0.226238703145183,-0.119746594517726,8,"VT",80000,2014,"donor_3","MN"
0.764432342899846,0.0501832405940636,-0.246584096778128,0.976286505696902,-0.114612470250287,-0.226238703145183,-0.119746594517726,8,"VT",80000,2014,"donor_4","OR"
0.764432342899846,0.0501832405940636,-0.246584096778128,0.976286505696902,-0.114612470250287,-0.226238703145183,-0.119746594517726,8,"VT",80000,2014,"donor_5","AL"
0.764432342899846,0.0501832405940636,-0.246584096778128,0.976286505696902,-0.114612470250287,-0.226238703145183,-0.119746594517726,8,"VT",80000,2014,"donor_6","WA"
0.764432342899846,0.0501832405940636,-0.246584096778128,0.976286505696902,-0.114612470250287,-0.226238703145183,-0.119746594517726,8,"VT",80000,2014,"donor_7","AZ"
0.764432342899846,0.0501832405940636,-0.246584096778128,0.976286505696902,-0.114612470250287,-0.226238703145183,-0.119746594517726,8,"VT",80000,2014,"donor_8","MI"
0.987350408518533,0.0505758002376693,-0.144573895073369,0.859863610961515,-0.176111716123881,-0.118426540227956,-0.181212404831157,8,"VT",80000,2014,"donor_1","MN"
0.987350408518533,0.0505758002376693,-0.144573895073369,0.859863610961515,-0.176111716123881,-0.118426540227956,-0.181212404831157,8,"VT",80000,2014,"donor_2","FL"
0.987350408518533,0.0505758002376693,-0.144573895073369,0.859863610961515,-0.176111716123881,-0.118426540227956,-0.181212404831157,8,"VT",80000,2014,"donor_3","MI"
0.987350408518533,0.0505758002376693,-0.144573895073369,0.859863610961515,-0.176111716123881,-0.118426540227956,-0.181212404831157,8,"VT",80000,2014,"donor_4","NC"
0.987350408518533,0.0505758002376693,-0.144573895073369,0.859863610961515,-0.176111716123881,-0.118426540227956,-0.181212404831157,8,"VT",80000,2014,"donor_5","IA"
0.987350408518533,0.0505758002376693,-0.144573895073369,0.859863610961515,-0.176111716123881,-0.118426540227956,-0.181212404831157,8,"VT",80000,2014,"donor_6","CO"
0.987350408518533,0.0505758002376693,-0.144573895073369,0.859863610961515,-0.176111716123881,-0.118426540227956,-0.181212404831157,8,"VT",80000,2014,"donor_7","WI"
0.987350408518533,0.0505758002376693,-0.144573895073369,0.859863610961515,-0.176111716123881,-0.118426540227956,-0.181212404831157,8,"VT",80000,2014,"donor_8","MD"
0.733463481076087,0.0509545520966146,-0.249129790887431,0.979596434332214,-0.186081486402063,-0.229186016097088,-0.191150634362462,8,"VT",80000,2014,"donor_1","AL"
0.733463481076087,0.0509545520966146,-0.249129790887431,0.979596434332214,-0.186081486402063,-0.229186016097088,-0.191150634362462,8,"VT",80000,2014,"donor_2","TN"
0.733463481076087,0.0509545520966146,-0.249129790887431,0.979596434332214,-0.186081486402063,-0.229186016097088,-0.191150634362462,8,"VT",80000,2014,"donor_3","OK"
0.733463481076087,0.0509545520966146,-0.249129790887431,0.979596434332214,-0.186081486402063,-0.229186016097088,-0.191150634362462,8,"VT",80000,2014,"donor_4","CO"
0.733463481076087,0.0509545520966146,-0.249129790887431,0.979596434332214,-0.186081486402063,-0.229186016097088,-0.191150634362462,8,"VT",80000,2014,"donor_5","NC"
0.733463481076087,0.0509545520966146,-0.249129790887431,0.979596434332214,-0.186081486402063,-0.229186016097088,-0.191150634362462,8,"VT",80000,2014,"donor_6","WI"
0.733463481076087,0.0509545520966146,-0.249129790887431,0.979596434332214,-0.186081486402063,-0.229186016097088,-0.191150634362462,8,"VT",80000,2014,"donor_7","GA"
0.733463481076087,0.0509545520966146,-0.249129790887431,0.979596434332214,-0.186081486402063,-0.229186016097088,-0.191150634362462,8,"VT",80000,2014,"donor_8","IA"
0.924449098324843,0.051005254037227,-0.251442495022791,0.982622944265788,-0.149066373640307,-0.231203382257776,-0.154240021940918,8,"VT",80000,2014,"donor_1","WI"
0.924449098324843,0.051005254037227,-0.251442495022791,0.982622944265788,-0.149066373640307,-0.231203382257776,-0.154240021940918,8,"VT",80000,2014,"donor_2","CO"
0.924449098324843,0.051005254037227,-0.251442495022791,0.982622944265788,-0.149066373640307,-0.231203382257776,-0.154240021940918,8,"VT",80000,2014,"donor_3","IA"
0.924449098324843,0.051005254037227,-0.251442495022791,0.982622944265788,-0.149066373640307,-0.231203382257776,-0.154240021940918,8,"VT",80000,2014,"donor_4","TN"
0.924449098324843,0.051005254037227,-0.251442495022791,0.982622944265788,-0.149066373640307,-0.231203382257776,-0.154240021940918,8,"VT",80000,2014,"donor_5","OR"
0.924449098324843,0.051005254037227,-0.251442495022791,0.982622944265788,-0.149066373640307,-0.231203382257776,-0.154240021940918,8,"VT",80000,2014,"donor_6","TX"
0.924449098324843,0.051005254037227,-0.251442495022791,0.982622944265788,-0.149066373640307,-0.231203382257776,-0.154240021940918,8,"VT",80000,2014,"donor_7","FL"
0.924449098324843,0.051005254037227,-0.251442495022791,0.982622944265788,-0.149066373640307,-0.231203382257776,-0.154240021940918,8,"VT",80000,2014,"donor_8","AL"
0.488168109363275,0.0513089716551649,-0.216814492164152,0.939176953778778,-0.147574514021913,-0.194148565685016,-0.152857700197128,8,"VT",80000,2014,"donor_1","WA"
0.488168109363275,0.0513089716551649,-0.216814492164152,0.939176953778778,-0.147574514021913,-0.194148565685016,-0.152857700197128,8,"VT",80000,2014,"donor_2","NY"
0.488168109363275,0.0513089716551649,-0.216814492164152,0.939176953778778,-0.147574514021913,-0.194148565685016,-0.152857700197128,8,"VT",80000,2014,"donor_3","CO"
0.488168109363275,0.0513089716551649,-0.216814492164152,0.939176953778778,-0.147574514021913,-0.194148565685016,-0.152857700197128,8,"VT",80000,2014,"donor_4","AL"
0.488168109363275,0.0513089716551649,-0.216814492164152,0.939176953778778,-0.147574514021913,-0.194148565685016,-0.152857700197128,8,"VT",80000,2014,"donor_5","MN"
0.488168109363275,0.0513089716551649,-0.216814492164152,0.939176953778778,-0.147574514021913,-0.194148565685016,-0.152857700197128,8,"VT",80000,2014,"donor_6","IA"
0.488168109363275,0.0513089716551649,-0.216814492164152,0.939176953778778,-0.147574514021913,-0.194148565685016,-0.152857700197128,8,"VT",80000,2014,"donor_7","NC"
0.488168109363275,0.0513089716551649,-0.216814492164152,0.939176953778778,-0.147574514021913,-0.194148565685016,-0.152857700197128,8,"VT",80000,2014,"donor_8","TX"
0.130832857569596,0.0520656737934873,-0.0845982538878173,0.803526738524284,-0.158038959157274,-0.0540571860010854,-0.163227552866513,8,"VT",80000,2014,"donor_1","OH"
0.130832857569596,0.0520656737934873,-0.0845982538878173,0.803526738524284,-0.158038959157274,-0.0540571860010854,-0.163227552866513,8,"VT",80000,2014,"donor_2","CO"
0.130832857569596,0.0520656737934873,-0.0845982538878173,0.803526738524284,-0.158038959157274,-0.0540571860010854,-0.163227552866513,8,"VT",80000,2014,"donor_3","TN"
0.130832857569596,0.0520656737934873,-0.0845982538878173,0.803526738524284,-0.158038959157274,-0.0540571860010854,-0.163227552866513,8,"VT",80000,2014,"donor_4","NY"
0.130832857569596,0.0520656737934873,-0.0845982538878173,0.803526738524284,-0.158038959157274,-0.0540571860010854,-0.163227552866513,8,"VT",80000,2014,"donor_5","IA"
0.130832857569596,0.0520656737934873,-0.0845982538878173,0.803526738524284,-0.158038959157274,-0.0540571860010854,-0.163227552866513,8,"VT",80000,2014,"donor_6","AZ"
0.130832857569596,0.0520656737934873,-0.0845982538878173,0.803526738524284,-0.158038959157274,-0.0540571860010854,-0.163227552866513,8,"VT",80000,2014,"donor_7","MD"
0.130832857569596,0.0520656737934873,-0.0845982538878173,0.803526738524284,-0.158038959157274,-0.0540571860010854,-0.163227552866513,8,"VT",80000,2014,"donor_8","IL"
0.263594866776939,0.0521728812664794,-0.252014120427423,0.983373883893735,-0.133887471996186,-0.231609799191296,-0.139110098885771,8,"VT",80000,2014,"donor_1","AZ"
0.263594866776939,0.0521728812664794,-0.252014120427423,0.983373883893735,-0.133887471996186,-0.231609799191296,-0.139110098885771,8,"VT",80000,2014,"donor_2","IA"
0.263594866776939,0.0521728812664794,-0.252014120427423,0.983373883893735,-0.133887471996186,-0.231609799191296,-0.139110098885771,8,"VT",80000,2014,"donor_3","MI"
0.263594866776939,0.0521728812664794,-0.252014120427423,0.983373883893735,-0.133887471996186,-0.231609799191296,-0.139110098885771,8,"VT",80000,2014,"donor_4","TN"
0.263594866776939,0.0521728812664794,-0.252014120427423,0.983373883893735,-0.133887471996186,-0.231609799191296,-0.139110098885771,8,"VT",80000,2014,"donor_5","CO"
0.263594866776939,0.0521728812664794,-0.252014120427423,0.983373883893735,-0.133887471996186,-0.231609799191296,-0.139110098885771,8,"VT",80000,2014,"donor_6","AL"
0.263594866776939,0.0521728812664794,-0.252014120427423,0.983373883893735,-0.133887471996186,-0.231609799191296,-0.139110098885771,8,"VT",80000,2014,"donor_7","SC"
0.263594866776939,0.0521728812664794,-0.252014120427423,0.983373883893735,-0.133887471996186,-0.231609799191296,-0.139110098885771,8,"VT",80000,2014,"donor_8","WI"
0.20860772429727,0.0527288974086437,-0.168722942666689,0.884843113380945,-0.167584579598801,-0.143285276772131,-0.172839151016105,8,"VT",80000,2014,"donor_1","SC"
0.20860772429727,0.0527288974086437,-0.168722942666689,0.884843113380945,-0.167584579598801,-0.143285276772131,-0.172839151016105,8,"VT",80000,2014,"donor_2","IL"
0.20860772429727,0.0527288974086437,-0.168722942666689,0.884843113380945,-0.167584579598801,-0.143285276772131,-0.172839151016105,8,"VT",80000,2014,"donor_3","IA"
0.20860772429727,0.0527288974086437,-0.168722942666689,0.884843113380945,-0.167584579598801,-0.143285276772131,-0.172839151016105,8,"VT",80000,2014,"donor_4","TN"
0.20860772429727,0.0527288974086437,-0.168722942666689,0.884843113380945,-0.167584579598801,-0.143285276772131,-0.172839151016105,8,"VT",80000,2014,"donor_5","CO"
0.20860772429727,0.0527288974086437,-0.168722942666689,0.884843113380945,-0.167584579598801,-0.143285276772131,-0.172839151016105,8,"VT",80000,2014,"donor_6","FL"
0.20860772429727,0.0527288974086437,-0.168722942666689,0.884843113380945,-0.167584579598801,-0.143285276772131,-0.172839151016105,8,"VT",80000,2014,"donor_7","MD"
0.20860772429727,0.0527288974086437,-0.168722942666689,0.884843113380945,-0.167584579598801,-0.143285276772131,-0.172839151016105,8,"VT",80000,2014,"donor_8","NY"
0.0837857704682358,0.0528340386095459,-0.238328353125313,0.96570455590816,-0.145992575596651,-0.216715577084127,-0.151321816336841,8,"VT",80000,2014,"donor_1","WI"
0.0837857704682358,0.0528340386095459,-0.238328353125313,0.96570455590816,-0.145992575596651,-0.216715577084127,-0.151321816336841,8,"VT",80000,2014,"donor_2","IA"
0.0837857704682358,0.0528340386095459,-0.238328353125313,0.96570455590816,-0.145992575596651,-0.216715577084127,-0.151321816336841,8,"VT",80000,2014,"donor_3","AL"
0.0837857704682358,0.0528340386095459,-0.238328353125313,0.96570455590816,-0.145992575596651,-0.216715577084127,-0.151321816336841,8,"VT",80000,2014,"donor_4","CO"
0.0837857704682358,0.0528340386095459,-0.238328353125313,0.96570455590816,-0.145992575596651,-0.216715577084127,-0.151321816336841,8,"VT",80000,2014,"donor_5","TX"
0.0837857704682358,0.0528340386095459,-0.238328353125313,0.96570455590816,-0.145992575596651,-0.216715577084127,-0.151321816336841,8,"VT",80000,2014,"donor_6","SC"
0.0837857704682358,0.0528340386095459,-0.238328353125313,0.96570455590816,-0.145992575596651,-0.216715577084127,-0.151321816336841,8,"VT",80000,2014,"donor_7","TN"
0.0837857704682358,0.0528340386095459,-0.238328353125313,0.96570455590816,-0.145992575596651,-0.216715577084127,-0.151321816336841,8,"VT",80000,2014,"donor_8","MI"
0.997929611907241,0.0529781191786895,-0.296260577552904,1.0452018972239,-0.174244639640595,-0.27798246977042,-0.17953656459589,8,"VT",80000,2014,"donor_1","CO"
0.997929611907241,0.0529781191786895,-0.296260577552904,1.0452018972239,-0.174244639640595,-0.27798246977042,-0.17953656459589,8,"VT",80000,2014,"donor_2","AL"
0.997929611907241,0.0529781191786895,-0.296260577552904,1.0452018972239,-0.174244639640595,-0.27798246977042,-0.17953656459589,8,"VT",80000,2014,"donor_3","NC"
0.997929611907241,0.0529781191786895,-0.296260577552904,1.0452018972239,-0.174244639640595,-0.27798246977042,-0.17953656459589,8,"VT",80000,2014,"donor_4","IA"
0.997929611907241,0.0529781191786895,-0.296260577552904,1.0452018972239,-0.174244639640595,-0.27798246977042,-0.17953656459589,8,"VT",80000,2014,"donor_5","OK"
0.997929611907241,0.0529781191786895,-0.296260577552904,1.0452018972239,-0.174244639640595,-0.27798246977042,-0.17953656459589,8,"VT",80000,2014,"donor_6","MN"
0.997929611907241,0.0529781191786895,-0.296260577552904,1.0452018972239,-0.174244639640595,-0.27798246977042,-0.17953656459589,8,"VT",80000,2014,"donor_7","KY"
0.997929611907241,0.0529781191786895,-0.296260577552904,1.0452018972239,-0.174244639640595,-0.27798246977042,-0.17953656459589,8,"VT",80000,2014,"donor_8","AZ"
0.713735997157139,0.053025883611455,-0.281466225008218,1.02368156528393,-0.159610160485329,-0.262289520409829,-0.164932258930012,8,"VT",80000,2014,"donor_1","WA"
0.713735997157139,0.053025883611455,-0.281466225008218,1.02368156528393,-0.159610160485329,-0.262289520409829,-0.164932258930012,8,"VT",80000,2014,"donor_2","IA"
0.713735997157139,0.053025883611455,-0.281466225008218,1.02368156528393,-0.159610160485329,-0.262289520409829,-0.164932258930012,8,"VT",80000,2014,"donor_3","MN"
0.713735997157139,0.053025883611455,-0.281466225008218,1.02368156528393,-0.159610160485329,-0.262289520409829,-0.164932258930012,8,"VT",80000,2014,"donor_4","AL"
0.713735997157139,0.053025883611455,-0.281466225008218,1.02368156528393,-0.159610160485329,-0.262289520409829,-0.164932258930012,8,"VT",80000,2014,"donor_5","OK"
0.713735997157139,0.053025883611455,-0.281466225008218,1.02368156528393,-0.159610160485329,-0.262289520409829,-0.164932258930012,8,"VT",80000,2014,"donor_6","CO"
0.713735997157139,0.053025883611455,-0.281466225008218,1.02368156528393,-0.159610160485329,-0.262289520409829,-0.164932258930012,8,"VT",80000,2014,"donor_7","FL"
0.713735997157139,0.053025883611455,-0.281466225008218,1.02368156528393,-0.159610160485329,-0.262289520409829,-0.164932258930012,8,"VT",80000,2014,"donor_8","AZ"
0.105573365397489,0.0532705181873576,-0.213960044629529,0.935766400254147,-0.148514957910469,-0.190844561001436,-0.153861444348616,8,"VT",80000,2014,"donor_1","MO"
0.105573365397489,0.0532705181873576,-0.213960044629529,0.935766400254147,-0.148514957910469,-0.190844561001436,-0.153861444348616,8,"VT",80000,2014,"donor_2","OK"
0.105573365397489,0.0532705181873576,-0.213960044629529,0.935766400254147,-0.148514957910469,-0.190844561001436,-0.153861444348616,8,"VT",80000,2014,"donor_3","MI"
0.105573365397489,0.0532705181873576,-0.213960044629529,0.935766400254147,-0.148514957910469,-0.190844561001436,-0.153861444348616,8,"VT",80000,2014,"donor_4","MN"
0.105573365397489,0.0532705181873576,-0.213960044629529,0.935766400254147,-0.148514957910469,-0.190844561001436,-0.153861444348616,8,"VT",80000,2014,"donor_5","CO"
0.105573365397489,0.0532705181873576,-0.213960044629529,0.935766400254147,-0.148514957910469,-0.190844561001436,-0.153861444348616,8,"VT",80000,2014,"donor_6","AZ"
0.105573365397489,0.0532705181873576,-0.213960044629529,0.935766400254147,-0.148514957910469,-0.190844561001436,-0.153861444348616,8,"VT",80000,2014,"donor_7","TN"
0.105573365397489,0.0532705181873576,-0.213960044629529,0.935766400254147,-0.148514957910469,-0.190844561001436,-0.153861444348616,8,"VT",80000,2014,"donor_8","IA"
0.854562737494941,0.0535435113189637,-0.258505008358236,0.991982127707102,-0.144482028302245,-0.237722814132961,-0.149890970253606,8,"VT",80000,2014,"donor_1","AZ"
0.854562737494941,0.0535435113189637,-0.258505008358236,0.991982127707102,-0.144482028302245,-0.237722814132961,-0.149890970253606,8,"VT",80000,2014,"donor_2","IA"
0.854562737494941,0.0535435113189637,-0.258505008358236,0.991982127707102,-0.144482028302245,-0.237722814132961,-0.149890970253606,8,"VT",80000,2014,"donor_3","FL"
0.854562737494941,0.0535435113189637,-0.258505008358236,0.991982127707102,-0.144482028302245,-0.237722814132961,-0.149890970253606,8,"VT",80000,2014,"donor_4","AL"
0.854562737494941,0.0535435113189637,-0.258505008358236,0.991982127707102,-0.144482028302245,-0.237722814132961,-0.149890970253606,8,"VT",80000,2014,"donor_5","IL"
0.854562737494941,0.0535435113189637,-0.258505008358236,0.991982127707102,-0.144482028302245,-0.237722814132961,-0.149890970253606,8,"VT",80000,2014,"donor_6","NY"
0.854562737494941,0.0535435113189637,-0.258505008358236,0.991982127707102,-0.144482028302245,-0.237722814132961,-0.149890970253606,8,"VT",80000,2014,"donor_7","CO"
0.854562737494941,0.0535435113189637,-0.258505008358236,0.991982127707102,-0.144482028302245,-0.237722814132961,-0.149890970253606,8,"VT",80000,2014,"donor_8","TN"
0.219831707914403,0.0535972623996406,-0.241717345118105,0.970020578418111,-0.128484806096362,-0.220120065696416,-0.133857378092484,8,"VT",80000,2014,"donor_1","OK"
0.219831707914403,0.0535972623996406,-0.241717345118105,0.970020578418111,-0.128484806096362,-0.220120065696416,-0.133857378092484,8,"VT",80000,2014,"donor_2","OR"
0.219831707914403,0.0535972623996406,-0.241717345118105,0.970020578418111,-0.128484806096362,-0.220120065696416,-0.133857378092484,8,"VT",80000,2014,"donor_3","TX"
0.219831707914403,0.0535972623996406,-0.241717345118105,0.970020578418111,-0.128484806096362,-0.220120065696416,-0.133857378092484,8,"VT",80000,2014,"donor_4","TN"
0.219831707914403,0.0535972623996406,-0.241717345118105,0.970020578418111,-0.128484806096362,-0.220120065696416,-0.133857378092484,8,"VT",80000,2014,"donor_5","CO"
0.219831707914403,0.0535972623996406,-0.241717345118105,0.970020578418111,-0.128484806096362,-0.220120065696416,-0.133857378092484,8,"VT",80000,2014,"donor_6","MN"
0.219831707914403,0.0535972623996406,-0.241717345118105,0.970020578418111,-0.128484806096362,-0.220120065696416,-0.133857378092484,8,"VT",80000,2014,"donor_7","FL"
0.219831707914403,0.0535972623996406,-0.241717345118105,0.970020578418111,-0.128484806096362,-0.220120065696416,-0.133857378092484,8,"VT",80000,2014,"donor_8","MI"
0.6700822057755,0.0541046252260647,-0.216657751673337,0.938989032015319,-0.199013358688192,-0.193356201810718,-0.204438281014273,8,"VT",80000,2014,"donor_1","IA"
0.6700822057755,0.0541046252260647,-0.216657751673337,0.938989032015319,-0.199013358688192,-0.193356201810718,-0.204438281014273,8,"VT",80000,2014,"donor_2","AL"
0.6700822057755,0.0541046252260647,-0.216657751673337,0.938989032015319,-0.199013358688192,-0.193356201810718,-0.204438281014273,8,"VT",80000,2014,"donor_3","TN"
0.6700822057755,0.0541046252260647,-0.216657751673337,0.938989032015319,-0.199013358688192,-0.193356201810718,-0.204438281014273,8,"VT",80000,2014,"donor_4","NC"
0.6700822057755,0.0541046252260647,-0.216657751673337,0.938989032015319,-0.199013358688192,-0.193356201810718,-0.204438281014273,8,"VT",80000,2014,"donor_5","CO"
0.6700822057755,0.0541046252260647,-0.216657751673337,0.938989032015319,-0.199013358688192,-0.193356201810718,-0.204438281014273,8,"VT",80000,2014,"donor_6","TX"
0.6700822057755,0.0541046252260647,-0.216657751673337,0.938989032015319,-0.199013358688192,-0.193356201810718,-0.204438281014273,8,"VT",80000,2014,"donor_7","OK"
0.6700822057755,0.0541046252260647,-0.216657751673337,0.938989032015319,-0.199013358688192,-0.193356201810718,-0.204438281014273,8,"VT",80000,2014,"donor_8","OH"
0.999624256556607,0.0548428740254113,-0.134661938703502,0.850014361313213,-0.14596184775161,-0.105517605276213,-0.151500939881366,8,"VT",80000,2014,"donor_1","MD"
0.999624256556607,0.0548428740254113,-0.134661938703502,0.850014361313213,-0.14596184775161,-0.105517605276213,-0.151500939881366,8,"VT",80000,2014,"donor_2","WI"
0.999624256556607,0.0548428740254113,-0.134661938703502,0.850014361313213,-0.14596184775161,-0.105517605276213,-0.151500939881366,8,"VT",80000,2014,"donor_3","IA"
0.999624256556607,0.0548428740254113,-0.134661938703502,0.850014361313213,-0.14596184775161,-0.105517605276213,-0.151500939881366,8,"VT",80000,2014,"donor_4","CO"
0.999624256556607,0.0548428740254113,-0.134661938703502,0.850014361313213,-0.14596184775161,-0.105517605276213,-0.151500939881366,8,"VT",80000,2014,"donor_5","IL"
0.999624256556607,0.0548428740254113,-0.134661938703502,0.850014361313213,-0.14596184775161,-0.105517605276213,-0.151500939881366,8,"VT",80000,2014,"donor_6","MN"
0.999624256556607,0.0548428740254113,-0.134661938703502,0.850014361313213,-0.14596184775161,-0.105517605276213,-0.151500939881366,8,"VT",80000,2014,"donor_7","NC"
0.999624256556607,0.0548428740254113,-0.134661938703502,0.850014361313213,-0.14596184775161,-0.105517605276213,-0.151500939881366,8,"VT",80000,2014,"donor_8","OR"
0.490544819654002,0.055020376777667,-0.228354705830608,0.953222659492418,-0.129271378694568,-0.204995710244709,-0.1348729393861,8,"VT",80000,2014,"donor_1","WI"
0.490544819654002,0.055020376777667,-0.228354705830608,0.953222659492418,-0.129271378694568,-0.204995710244709,-0.1348729393861,8,"VT",80000,2014,"donor_2","IA"
0.490544819654002,0.055020376777667,-0.228354705830608,0.953222659492418,-0.129271378694568,-0.204995710244709,-0.1348729393861,8,"VT",80000,2014,"donor_3","CO"
0.490544819654002,0.055020376777667,-0.228354705830608,0.953222659492418,-0.129271378694568,-0.204995710244709,-0.1348729393861,8,"VT",80000,2014,"donor_4","WA"
0.490544819654002,0.055020376777667,-0.228354705830608,0.953222659492418,-0.129271378694568,-0.204995710244709,-0.1348729393861,8,"VT",80000,2014,"donor_5","TX"
0.490544819654002,0.055020376777667,-0.228354705830608,0.953222659492418,-0.129271378694568,-0.204995710244709,-0.1348729393861,8,"VT",80000,2014,"donor_6","AL"
0.490544819654002,0.055020376777667,-0.228354705830608,0.953222659492418,-0.129271378694568,-0.204995710244709,-0.1348729393861,8,"VT",80000,2014,"donor_7","IL"
0.490544819654002,0.055020376777667,-0.228354705830608,0.953222659492418,-0.129271378694568,-0.204995710244709,-0.1348729393861,8,"VT",80000,2014,"donor_8","NC"
0.573268113957915,0.0551935666879663,-0.25962272496273,0.99347968163384,-0.107441869997838,-0.238165040538034,-0.113038298259912,8,"VT",80000,2014,"donor_1","AL"
0.573268113957915,0.0551935666879663,-0.25962272496273,0.99347968163384,-0.107441869997838,-0.238165040538034,-0.113038298259912,8,"VT",80000,2014,"donor_2","IA"
0.573268113957915,0.0551935666879663,-0.25962272496273,0.99347968163384,-0.107441869997838,-0.238165040538034,-0.113038298259912,8,"VT",80000,2014,"donor_3","KY"
0.573268113957915,0.0551935666879663,-0.25962272496273,0.99347968163384,-0.107441869997838,-0.238165040538034,-0.113038298259912,8,"VT",80000,2014,"donor_4","MI"
0.573268113957915,0.0551935666879663,-0.25962272496273,0.99347968163384,-0.107441869997838,-0.238165040538034,-0.113038298259912,8,"VT",80000,2014,"donor_5","CO"
0.573268113957915,0.0551935666879663,-0.25962272496273,0.99347968163384,-0.107441869997838,-0.238165040538034,-0.113038298259912,8,"VT",80000,2014,"donor_6","NY"
0.573268113957915,0.0551935666879663,-0.25962272496273,0.99347968163384,-0.107441869997838,-0.238165040538034,-0.113038298259912,8,"VT",80000,2014,"donor_7","WI"
0.573268113957915,0.0551935666879663,-0.25962272496273,0.99347968163384,-0.107441869997838,-0.238165040538034,-0.113038298259912,8,"VT",80000,2014,"donor_8","WA"
0.126481423329846,0.0556822924367371,-0.222382135619545,0.945901339443874,-0.169493713437031,-0.198659813825754,-0.175094075517109,8,"VT",80000,2014,"donor_1","IA"
0.126481423329846,0.0556822924367371,-0.222382135619545,0.945901339443874,-0.169493713437031,-0.198659813825754,-0.175094075517109,8,"VT",80000,2014,"donor_2","CO"
0.126481423329846,0.0556822924367371,-0.222382135619545,0.945901339443874,-0.169493713437031,-0.198659813825754,-0.175094075517109,8,"VT",80000,2014,"donor_3","OK"
0.126481423329846,0.0556822924367371,-0.222382135619545,0.945901339443874,-0.169493713437031,-0.198659813825754,-0.175094075517109,8,"VT",80000,2014,"donor_4","AL"
0.126481423329846,0.0556822924367371,-0.222382135619545,0.945901339443874,-0.169493713437031,-0.198659813825754,-0.175094075517109,8,"VT",80000,2014,"donor_5","IN"
0.126481423329846,0.0556822924367371,-0.222382135619545,0.945901339443874,-0.169493713437031,-0.198659813825754,-0.175094075517109,8,"VT",80000,2014,"donor_6","TN"
0.126481423329846,0.0556822924367371,-0.222382135619545,0.945901339443874,-0.169493713437031,-0.198659813825754,-0.175094075517109,8,"VT",80000,2014,"donor_7","TX"
0.126481423329846,0.0556822924367371,-0.222382135619545,0.945901339443874,-0.169493713437031,-0.198659813825754,-0.175094075517109,8,"VT",80000,2014,"donor_8","IL"
0.0317410385360976,0.0572217161866385,-0.0813971059099324,0.800726608010052,-0.16702836805557,-0.0470000331584328,-0.172808567918759,8,"VT",80000,2014,"donor_1","IL"
0.0317410385360976,0.0572217161866385,-0.0813971059099324,0.800726608010052,-0.16702836805557,-0.0470000331584328,-0.172808567918759,8,"VT",80000,2014,"donor_2","TX"
0.0317410385360976,0.0572217161866385,-0.0813971059099324,0.800726608010052,-0.16702836805557,-0.0470000331584328,-0.172808567918759,8,"VT",80000,2014,"donor_3","WA"
0.0317410385360976,0.0572217161866385,-0.0813971059099324,0.800726608010052,-0.16702836805557,-0.0470000331584328,-0.172808567918759,8,"VT",80000,2014,"donor_4","IA"
0.0317410385360976,0.0572217161866385,-0.0813971059099324,0.800726608010052,-0.16702836805557,-0.0470000331584328,-0.172808567918759,8,"VT",80000,2014,"donor_5","TN"
0.0317410385360976,0.0572217161866385,-0.0813971059099324,0.800726608010052,-0.16702836805557,-0.0470000331584328,-0.172808567918759,8,"VT",80000,2014,"donor_6","OH"
0.0317410385360976,0.0572217161866385,-0.0813971059099324,0.800726608010052,-0.16702836805557,-0.0470000331584328,-0.172808567918759,8,"VT",80000,2014,"donor_7","MD"
0.0317410385360976,0.0572217161866385,-0.0813971059099324,0.800726608010052,-0.16702836805557,-0.0470000331584328,-0.172808567918759,8,"VT",80000,2014,"donor_8","CO"
0.531877411396597,0.0572739912053034,-0.308631816461128,1.06390458370233,-0.172544224373796,-0.28943797784024,-0.178291903605381,8,"VT",80000,2014,"donor_1","CO"
0.531877411396597,0.0572739912053034,-0.308631816461128,1.06390458370233,-0.172544224373796,-0.28943797784024,-0.178291903605381,8,"VT",80000,2014,"donor_2","TN"
0.531877411396597,0.0572739912053034,-0.308631816461128,1.06390458370233,-0.172544224373796,-0.28943797784024,-0.178291903605381,8,"VT",80000,2014,"donor_3","IA"
0.531877411396597,0.0572739912053034,-0.308631816461128,1.06390458370233,-0.172544224373796,-0.28943797784024,-0.178291903605381,8,"VT",80000,2014,"donor_4","PA"
0.531877411396597,0.0572739912053034,-0.308631816461128,1.06390458370233,-0.172544224373796,-0.28943797784024,-0.178291903605381,8,"VT",80000,2014,"donor_5","OK"
0.531877411396597,0.0572739912053034,-0.308631816461128,1.06390458370233,-0.172544224373796,-0.28943797784024,-0.178291903605381,8,"VT",80000,2014,"donor_6","KY"
0.531877411396597,0.0572739912053034,-0.308631816461128,1.06390458370233,-0.172544224373796,-0.28943797784024,-0.178291903605381,8,"VT",80000,2014,"donor_7","FL"
0.531877411396597,0.0572739912053034,-0.308631816461128,1.06390458370233,-0.172544224373796,-0.28943797784024,-0.178291903605381,8,"VT",80000,2014,"donor_8","AL"
0.337924465787994,0.0573668402871016,-0.242748960033893,0.971342052598408,-0.162195396999873,-0.219453147127429,-0.16799343529629,8,"VT",80000,2014,"donor_1","SC"
0.337924465787994,0.0573668402871016,-0.242748960033893,0.971342052598408,-0.162195396999873,-0.219453147127429,-0.16799343529629,8,"VT",80000,2014,"donor_2","WI"
0.337924465787994,0.0573668402871016,-0.242748960033893,0.971342052598408,-0.162195396999873,-0.219453147127429,-0.16799343529629,8,"VT",80000,2014,"donor_3","TX"
0.337924465787994,0.0573668402871016,-0.242748960033893,0.971342052598408,-0.162195396999873,-0.219453147127429,-0.16799343529629,8,"VT",80000,2014,"donor_4","AL"
0.337924465787994,0.0573668402871016,-0.242748960033893,0.971342052598408,-0.162195396999873,-0.219453147127429,-0.16799343529629,8,"VT",80000,2014,"donor_5","CO"
0.337924465787994,0.0573668402871016,-0.242748960033893,0.971342052598408,-0.162195396999873,-0.219453147127429,-0.16799343529629,8,"VT",80000,2014,"donor_6","NC"
0.337924465787994,0.0573668402871016,-0.242748960033893,0.971342052598408,-0.162195396999873,-0.219453147127429,-0.16799343529629,8,"VT",80000,2014,"donor_7","TN"
0.337924465787994,0.0573668402871016,-0.242748960033893,0.971342052598408,-0.162195396999873,-0.219453147127429,-0.16799343529629,8,"VT",80000,2014,"donor_8","IA"
0.537778080684554,0.0575909259488248,-0.223541923361406,0.947314222909837,-0.148679600628657,-0.19886034149655,-0.154516588798277,8,"VT",80000,2014,"donor_1","AZ"
0.537778080684554,0.0575909259488248,-0.223541923361406,0.947314222909837,-0.148679600628657,-0.19886034149655,-0.154516588798277,8,"VT",80000,2014,"donor_2","NC"
0.537778080684554,0.0575909259488248,-0.223541923361406,0.947314222909837,-0.148679600628657,-0.19886034149655,-0.154516588798277,8,"VT",80000,2014,"donor_3","CO"
0.537778080684554,0.0575909259488248,-0.223541923361406,0.947314222909837,-0.148679600628657,-0.19886034149655,-0.154516588798277,8,"VT",80000,2014,"donor_4","IA"
0.537778080684554,0.0575909259488248,-0.223541923361406,0.947314222909837,-0.148679600628657,-0.19886034149655,-0.154516588798277,8,"VT",80000,2014,"donor_5","IN"
0.537778080684554,0.0575909259488248,-0.223541923361406,0.947314222909837,-0.148679600628657,-0.19886034149655,-0.154516588798277,8,"VT",80000,2014,"donor_6","AL"
0.537778080684554,0.0575909259488248,-0.223541923361406,0.947314222909837,-0.148679600628657,-0.19886034149655,-0.154516588798277,8,"VT",80000,2014,"donor_7","OR"
0.537778080684554,0.0575909259488248,-0.223541923361406,0.947314222909837,-0.148679600628657,-0.19886034149655,-0.154516588798277,8,"VT",80000,2014,"donor_8","TN"
0.814531759125654,0.0576753975132479,-0.243051360472935,0.971730103052332,-0.0927958185365351,-0.219352823081566,-0.0986956879941843,8,"VT",80000,2014,"donor_1","CO"
0.814531759125654,0.0576753975132479,-0.243051360472935,0.971730103052332,-0.0927958185365351,-0.219352823081566,-0.0986956879941843,8,"VT",80000,2014,"donor_2","WI"
0.814531759125654,0.0576753975132479,-0.243051360472935,0.971730103052332,-0.0927958185365351,-0.219352823081566,-0.0986956879941843,8,"VT",80000,2014,"donor_3","IA"
0.814531759125654,0.0576753975132479,-0.243051360472935,0.971730103052332,-0.0927958185365351,-0.219352823081566,-0.0986956879941843,8,"VT",80000,2014,"donor_4","OR"
0.814531759125654,0.0576753975132479,-0.243051360472935,0.971730103052332,-0.0927958185365351,-0.219352823081566,-0.0986956879941843,8,"VT",80000,2014,"donor_5","MI"
0.814531759125654,0.0576753975132479,-0.243051360472935,0.971730103052332,-0.0927958185365351,-0.219352823081566,-0.0986956879941843,8,"VT",80000,2014,"donor_6","IL"
0.814531759125654,0.0576753975132479,-0.243051360472935,0.971730103052332,-0.0927958185365351,-0.219352823081566,-0.0986956879941843,8,"VT",80000,2014,"donor_7","AL"
0.814531759125654,0.0576753975132479,-0.243051360472935,0.971730103052332,-0.0927958185365351,-0.219352823081566,-0.0986956879941843,8,"VT",80000,2014,"donor_8","WA"
0.451852605916547,0.0578299161094267,-0.167951652936256,0.884022884113254,-0.193005369017157,-0.139754656598348,-0.198800643636697,8,"VT",80000,2014,"donor_1","CO"
0.451852605916547,0.0578299161094267,-0.167951652936256,0.884022884113254,-0.193005369017157,-0.139754656598348,-0.198800643636697,8,"VT",80000,2014,"donor_2","TN"
0.451852605916547,0.0578299161094267,-0.167951652936256,0.884022884113254,-0.193005369017157,-0.139754656598348,-0.198800643636697,8,"VT",80000,2014,"donor_3","AZ"
0.451852605916547,0.0578299161094267,-0.167951652936256,0.884022884113254,-0.193005369017157,-0.139754656598348,-0.198800643636697,8,"VT",80000,2014,"donor_4","NC"
0.451852605916547,0.0578299161094267,-0.167951652936256,0.884022884113254,-0.193005369017157,-0.139754656598348,-0.198800643636697,8,"VT",80000,2014,"donor_5","MN"
0.451852605916547,0.0578299161094267,-0.167951652936256,0.884022884113254,-0.193005369017157,-0.139754656598348,-0.198800643636697,8,"VT",80000,2014,"donor_6","MD"
0.451852605916547,0.0578299161094267,-0.167951652936256,0.884022884113254,-0.193005369017157,-0.139754656598348,-0.198800643636697,8,"VT",80000,2014,"donor_7","IA"
0.451852605916547,0.0578299161094267,-0.167951652936256,0.884022884113254,-0.193005369017157,-0.139754656598348,-0.198800643636697,8,"VT",80000,2014,"donor_8","NM"
0.991461414251811,0.0582432659462352,-0.135153685054432,0.85049767430558,-0.159303577087813,-0.103817725466428,-0.16525128694753,8,"VT",80000,2014,"donor_1","MI"
0.991461414251811,0.0582432659462352,-0.135153685054432,0.85049767430558,-0.159303577087813,-0.103817725466428,-0.16525128694753,8,"VT",80000,2014,"donor_2","WA"
0.991461414251811,0.0582432659462352,-0.135153685054432,0.85049767430558,-0.159303577087813,-0.103817725466428,-0.16525128694753,8,"VT",80000,2014,"donor_3","UT"
0.991461414251811,0.0582432659462352,-0.135153685054432,0.85049767430558,-0.159303577087813,-0.103817725466428,-0.16525128694753,8,"VT",80000,2014,"donor_4","MN"
0.991461414251811,0.0582432659462352,-0.135153685054432,0.85049767430558,-0.159303577087813,-0.103817725466428,-0.16525128694753,8,"VT",80000,2014,"donor_5","IA"
0.991461414251811,0.0582432659462352,-0.135153685054432,0.85049767430558,-0.159303577087813,-0.103817725466428,-0.16525128694753,8,"VT",80000,2014,"donor_6","CO"
0.991461414251811,0.0582432659462352,-0.135153685054432,0.85049767430558,-0.159303577087813,-0.103817725466428,-0.16525128694753,8,"VT",80000,2014,"donor_7","NC"
0.991461414251811,0.0582432659462352,-0.135153685054432,0.85049767430558,-0.159303577087813,-0.103817725466428,-0.16525128694753,8,"VT",80000,2014,"donor_8","MD"
0.758188653504291,0.0582506400558387,-0.217640974266203,0.940169097944596,-0.153162795607414,-0.192212059395024,-0.159082042170625,8,"VT",80000,2014,"donor_1","CO"
0.758188653504291,0.0582506400558387,-0.217640974266203,0.940169097944596,-0.153162795607414,-0.192212059395024,-0.159082042170625,8,"VT",80000,2014,"donor_2","TX"
0.758188653504291,0.0582506400558387,-0.217640974266203,0.940169097944596,-0.153162795607414,-0.192212059395024,-0.159082042170625,8,"VT",80000,2014,"donor_3","GA"
0.758188653504291,0.0582506400558387,-0.217640974266203,0.940169097944596,-0.153162795607414,-0.192212059395024,-0.159082042170625,8,"VT",80000,2014,"donor_4","TN"
0.758188653504291,0.0582506400558387,-0.217640974266203,0.940169097944596,-0.153162795607414,-0.192212059395024,-0.159082042170625,8,"VT",80000,2014,"donor_5","IA"
0.758188653504291,0.0582506400558387,-0.217640974266203,0.940169097944596,-0.153162795607414,-0.192212059395024,-0.159082042170625,8,"VT",80000,2014,"donor_6","NY"
0.758188653504291,0.0582506400558387,-0.217640974266203,0.940169097944596,-0.153162795607414,-0.192212059395024,-0.159082042170625,8,"VT",80000,2014,"donor_7","WI"
0.758188653504291,0.0582506400558387,-0.217640974266203,0.940169097944596,-0.153162795607414,-0.192212059395024,-0.159082042170625,8,"VT",80000,2014,"donor_8","AL"
0.10229938868903,0.058306547217314,-0.307707050858721,1.06248341891295,-0.195026584603267,-0.288084191681163,-0.200883727333965,8,"VT",80000,2014,"donor_1","KY"
0.10229938868903,0.058306547217314,-0.307707050858721,1.06248341891295,-0.195026584603267,-0.288084191681163,-0.200883727333965,8,"VT",80000,2014,"donor_2","MS"
0.10229938868903,0.058306547217314,-0.307707050858721,1.06248341891295,-0.195026584603267,-0.288084191681163,-0.200883727333965,8,"VT",80000,2014,"donor_3","CO"
0.10229938868903,0.058306547217314,-0.307707050858721,1.06248341891295,-0.195026584603267,-0.288084191681163,-0.200883727333965,8,"VT",80000,2014,"donor_4","MI"
0.10229938868903,0.058306547217314,-0.307707050858721,1.06248341891295,-0.195026584603267,-0.288084191681163,-0.200883727333965,8,"VT",80000,2014,"donor_5","OK"
0.10229938868903,0.058306547217314,-0.307707050858721,1.06248341891295,-0.195026584603267,-0.288084191681163,-0.200883727333965,8,"VT",80000,2014,"donor_6","MN"
0.10229938868903,0.058306547217314,-0.307707050858721,1.06248341891295,-0.195026584603267,-0.288084191681163,-0.200883727333965,8,"VT",80000,2014,"donor_7","AL"
0.10229938868903,0.058306547217314,-0.307707050858721,1.06248341891295,-0.195026584603267,-0.288084191681163,-0.200883727333965,8,"VT",80000,2014,"donor_8","IA"
0.36640532437506,0.05845202675886,-0.133432259133736,0.848808171370036,-0.136838111167645,-0.102182038888687,-0.142746979880469,8,"VT",80000,2014,"donor_1","WA"
0.36640532437506,0.05845202675886,-0.133432259133736,0.848808171370036,-0.136838111167645,-0.102182038888687,-0.142746979880469,8,"VT",80000,2014,"donor_2","WI"
0.36640532437506,0.05845202675886,-0.133432259133736,0.848808171370036,-0.136838111167645,-0.102182038888687,-0.142746979880469,8,"VT",80000,2014,"donor_3","TN"
0.36640532437506,0.05845202675886,-0.133432259133736,0.848808171370036,-0.136838111167645,-0.102182038888687,-0.142746979880469,8,"VT",80000,2014,"donor_4","IL"
0.36640532437506,0.05845202675886,-0.133432259133736,0.848808171370036,-0.136838111167645,-0.102182038888687,-0.142746979880469,8,"VT",80000,2014,"donor_5","CO"
0.36640532437506,0.05845202675886,-0.133432259133736,0.848808171370036,-0.136838111167645,-0.102182038888687,-0.142746979880469,8,"VT",80000,2014,"donor_6","MD"
0.36640532437506,0.05845202675886,-0.133432259133736,0.848808171370036,-0.136838111167645,-0.102182038888687,-0.142746979880469,8,"VT",80000,2014,"donor_7","UT"
0.36640532437506,0.05845202675886,-0.133432259133736,0.848808171370036,-0.136838111167645,-0.102182038888687,-0.142746979880469,8,"VT",80000,2014,"donor_8","IA"
0.884709911411937,0.0590999352871729,-0.191801297075947,0.910110071733283,-0.0927694341312253,-0.16430737525997,-0.0987578787854907,8,"VT",80000,2014,"donor_1","CO"
0.884709911411937,0.0590999352871729,-0.191801297075947,0.910110071733283,-0.0927694341312253,-0.16430737525997,-0.0987578787854907,8,"VT",80000,2014,"donor_2","MN"
0.884709911411937,0.0590999352871729,-0.191801297075947,0.910110071733283,-0.0927694341312253,-0.16430737525997,-0.0987578787854907,8,"VT",80000,2014,"donor_3","NY"
0.884709911411937,0.0590999352871729,-0.191801297075947,0.910110071733283,-0.0927694341312253,-0.16430737525997,-0.0987578787854907,8,"VT",80000,2014,"donor_4","AZ"
0.884709911411937,0.0590999352871729,-0.191801297075947,0.910110071733283,-0.0927694341312253,-0.16430737525997,-0.0987578787854907,8,"VT",80000,2014,"donor_5","WI"
0.884709911411937,0.0590999352871729,-0.191801297075947,0.910110071733283,-0.0927694341312253,-0.16430737525997,-0.0987578787854907,8,"VT",80000,2014,"donor_6","NC"
0.884709911411937,0.0590999352871729,-0.191801297075947,0.910110071733283,-0.0927694341312253,-0.16430737525997,-0.0987578787854907,8,"VT",80000,2014,"donor_7","MI"
0.884709911411937,0.0590999352871729,-0.191801297075947,0.910110071733283,-0.0927694341312253,-0.16430737525997,-0.0987578787854907,8,"VT",80000,2014,"donor_8","TN"
0.031481635805222,0.0592259014575341,-0.201901935880701,0.921628321833653,-0.0913055456581474,-0.175255528044758,-0.0972608651472287,8,"VT",80000,2014,"donor_1","TX"
0.031481635805222,0.0592259014575341,-0.201901935880701,0.921628321833653,-0.0913055456581474,-0.175255528044758,-0.0972608651472287,8,"VT",80000,2014,"donor_2","NY"
0.031481635805222,0.0592259014575341,-0.201901935880701,0.921628321833653,-0.0913055456581474,-0.175255528044758,-0.0972608651472287,8,"VT",80000,2014,"donor_3","IA"
0.031481635805222,0.0592259014575341,-0.201901935880701,0.921628321833653,-0.0913055456581474,-0.175255528044758,-0.0972608651472287,8,"VT",80000,2014,"donor_4","PA"
0.031481635805222,0.0592259014575341,-0.201901935880701,0.921628321833653,-0.0913055456581474,-0.175255528044758,-0.0972608651472287,8,"VT",80000,2014,"donor_5","OK"
0.031481635805222,0.0592259014575341,-0.201901935880701,0.921628321833653,-0.0913055456581474,-0.175255528044758,-0.0972608651472287,8,"VT",80000,2014,"donor_6","CO"
0.031481635805222,0.0592259014575341,-0.201901935880701,0.921628321833653,-0.0913055456581474,-0.175255528044758,-0.0972608651472287,8,"VT",80000,2014,"donor_7","WA"
0.031481635805222,0.0592259014575341,-0.201901935880701,0.921628321833653,-0.0913055456581474,-0.175255528044758,-0.0972608651472287,8,"VT",80000,2014,"donor_8","WI"
0.983236293639387,0.0595031481180862,-0.251876330957374,0.983192766022548,-0.179683151967552,-0.228163710999343,-0.185724349236565,8,"VT",80000,2014,"donor_1","TX"
0.983236293639387,0.0595031481180862,-0.251876330957374,0.983192766022548,-0.179683151967552,-0.228163710999343,-0.185724349236565,8,"VT",80000,2014,"donor_2","MI"
0.983236293639387,0.0595031481180862,-0.251876330957374,0.983192766022548,-0.179683151967552,-0.228163710999343,-0.185724349236565,8,"VT",80000,2014,"donor_3","OK"
0.983236293639387,0.0595031481180862,-0.251876330957374,0.983192766022548,-0.179683151967552,-0.228163710999343,-0.185724349236565,8,"VT",80000,2014,"donor_4","IA"
0.983236293639387,0.0595031481180862,-0.251876330957374,0.983192766022548,-0.179683151967552,-0.228163710999343,-0.185724349236565,8,"VT",80000,2014,"donor_5","MN"
0.983236293639387,0.0595031481180862,-0.251876330957374,0.983192766022548,-0.179683151967552,-0.228163710999343,-0.185724349236565,8,"VT",80000,2014,"donor_6","CO"
0.983236293639387,0.0595031481180862,-0.251876330957374,0.983192766022548,-0.179683151967552,-0.228163710999343,-0.185724349236565,8,"VT",80000,2014,"donor_7","GA"
0.983236293639387,0.0595031481180862,-0.251876330957374,0.983192766022548,-0.179683151967552,-0.228163710999343,-0.185724349236565,8,"VT",80000,2014,"donor_8","AL"
