"r_sq","mape","att","cf","intercept","att2","intercept2","sample_size","county_id","iterations","ban_year","donor_number","chosen_donor"
0.0842667648784744,0.12467284295994,-0.0258545951541147,0.63579643800831,-0.132087937755687,0.0233301905930095,-0.139727581311034,7,"MA",70000,2015,"donor_1","PA"
0.0842667648784744,0.12467284295994,-0.0258545951541147,0.63579643800831,-0.132087937755687,0.0233301905930095,-0.139727581311034,7,"MA",70000,2015,"donor_2","WI"
0.0842667648784744,0.12467284295994,-0.0258545951541147,0.63579643800831,-0.132087937755687,0.0233301905930095,-0.139727581311034,7,"MA",70000,2015,"donor_3","MN"
0.0842667648784744,0.12467284295994,-0.0258545951541147,0.63579643800831,-0.132087937755687,0.0233301905930095,-0.139727581311034,7,"MA",70000,2015,"donor_4","CO"
0.0842667648784744,0.12467284295994,-0.0258545951541147,0.63579643800831,-0.132087937755687,0.0233301905930095,-0.139727581311034,7,"MA",70000,2015,"donor_5","MI"
0.0842667648784744,0.12467284295994,-0.0258545951541147,0.63579643800831,-0.132087937755687,0.0233301905930095,-0.139727581311034,7,"MA",70000,2015,"donor_6","AL"
0.0842667648784744,0.12467284295994,-0.0258545951541147,0.63579643800831,-0.132087937755687,0.0233301905930095,-0.139727581311034,7,"MA",70000,2015,"donor_7","TX"
0.0582477673570513,0.128624144402942,-0.0519170552443679,0.65327425403989,-0.150361203097451,-0.00460728436173123,-0.158123530166104,7,"MA",70000,2015,"donor_1","NC"
0.0582477673570513,0.128624144402942,-0.0519170552443679,0.65327425403989,-0.150361203097451,-0.00460728436173123,-0.158123530166104,7,"MA",70000,2015,"donor_2","MN"
0.0582477673570513,0.128624144402942,-0.0519170552443679,0.65327425403989,-0.150361203097451,-0.00460728436173123,-0.158123530166104,7,"MA",70000,2015,"donor_3","WI"
0.0582477673570513,0.128624144402942,-0.0519170552443679,0.65327425403989,-0.150361203097451,-0.00460728436173123,-0.158123530166104,7,"MA",70000,2015,"donor_4","OR"
0.0582477673570513,0.128624144402942,-0.0519170552443679,0.65327425403989,-0.150361203097451,-0.00460728436173123,-0.158123530166104,7,"MA",70000,2015,"donor_5","CO"
0.0582477673570513,0.128624144402942,-0.0519170552443679,0.65327425403989,-0.150361203097451,-0.00460728436173123,-0.158123530166104,7,"MA",70000,2015,"donor_6","TX"
0.0582477673570513,0.128624144402942,-0.0519170552443679,0.65327425403989,-0.150361203097451,-0.00460728436173123,-0.158123530166104,7,"MA",70000,2015,"donor_7","AL"
0.158139220935073,0.1292719421313,-0.0473488959188049,0.650141668707276,-0.122628902335868,-0.00164046340131316,-0.130070348904345,7,"MA",70000,2015,"donor_1","TX"
0.158139220935073,0.1292719421313,-0.0473488959188049,0.650141668707276,-0.122628902335868,-0.00164046340131316,-0.130070348904345,7,"MA",70000,2015,"donor_2","MN"
0.158139220935073,0.1292719421313,-0.0473488959188049,0.650141668707276,-0.122628902335868,-0.00164046340131316,-0.130070348904345,7,"MA",70000,2015,"donor_3","OR"
0.158139220935073,0.1292719421313,-0.0473488959188049,0.650141668707276,-0.122628902335868,-0.00164046340131316,-0.130070348904345,7,"MA",70000,2015,"donor_4","WI"
0.158139220935073,0.1292719421313,-0.0473488959188049,0.650141668707276,-0.122628902335868,-0.00164046340131316,-0.130070348904345,7,"MA",70000,2015,"donor_5","CO"
0.158139220935073,0.1292719421313,-0.0473488959188049,0.650141668707276,-0.122628902335868,-0.00164046340131316,-0.130070348904345,7,"MA",70000,2015,"donor_6","WA"
0.158139220935073,0.1292719421313,-0.0473488959188049,0.650141668707276,-0.122628902335868,-0.00164046340131316,-0.130070348904345,7,"MA",70000,2015,"donor_7","AL"
0.103589609080957,0.132423336571627,-0.0712450286763706,0.666869300974496,-0.151909916656017,-0.0213681204514959,-0.160406824333406,7,"MA",70000,2015,"donor_1","WA"
0.103589609080957,0.132423336571627,-0.0712450286763706,0.666869300974496,-0.151909916656017,-0.0213681204514959,-0.160406824333406,7,"MA",70000,2015,"donor_2","MO"
0.103589609080957,0.132423336571627,-0.0712450286763706,0.666869300974496,-0.151909916656017,-0.0213681204514959,-0.160406824333406,7,"MA",70000,2015,"donor_3","IA"
0.103589609080957,0.132423336571627,-0.0712450286763706,0.666869300974496,-0.151909916656017,-0.0213681204514959,-0.160406824333406,7,"MA",70000,2015,"donor_4","UT"
0.103589609080957,0.132423336571627,-0.0712450286763706,0.666869300974496,-0.151909916656017,-0.0213681204514959,-0.160406824333406,7,"MA",70000,2015,"donor_5","OR"
0.103589609080957,0.132423336571627,-0.0712450286763706,0.666869300974496,-0.151909916656017,-0.0213681204514959,-0.160406824333406,7,"MA",70000,2015,"donor_6","AL"
0.103589609080957,0.132423336571627,-0.0712450286763706,0.666869300974496,-0.151909916656017,-0.0213681204514959,-0.160406824333406,7,"MA",70000,2015,"donor_7","CO"
0.680283408036855,0.134555846536939,-0.0905663906202814,0.681037265519153,-0.178768026831486,-0.0439242316494487,-0.187074128046196,7,"MA",70000,2015,"donor_1","AL"
0.680283408036855,0.134555846536939,-0.0905663906202814,0.681037265519153,-0.178768026831486,-0.0439242316494487,-0.187074128046196,7,"MA",70000,2015,"donor_2","NC"
0.680283408036855,0.134555846536939,-0.0905663906202814,0.681037265519153,-0.178768026831486,-0.0439242316494487,-0.187074128046196,7,"MA",70000,2015,"donor_3","IA"
0.680283408036855,0.134555846536939,-0.0905663906202814,0.681037265519153,-0.178768026831486,-0.0439242316494487,-0.187074128046196,7,"MA",70000,2015,"donor_4","OR"
0.680283408036855,0.134555846536939,-0.0905663906202814,0.681037265519153,-0.178768026831486,-0.0439242316494487,-0.187074128046196,7,"MA",70000,2015,"donor_5","CO"
0.680283408036855,0.134555846536939,-0.0905663906202814,0.681037265519153,-0.178768026831486,-0.0439242316494487,-0.187074128046196,7,"MA",70000,2015,"donor_6","MI"
0.680283408036855,0.134555846536939,-0.0905663906202814,0.681037265519153,-0.178768026831486,-0.0439242316494487,-0.187074128046196,7,"MA",70000,2015,"donor_7","MN"
0.543889509605316,0.135593914246705,0.00624567644662958,0.615513877972948,-0.165976557405126,0.0643579745588936,-0.174378083682933,7,"MA",70000,2015,"donor_1","MN"
0.543889509605316,0.135593914246705,0.00624567644662958,0.615513877972948,-0.165976557405126,0.0643579745588936,-0.174378083682933,7,"MA",70000,2015,"donor_2","IN"
0.543889509605316,0.135593914246705,0.00624567644662958,0.615513877972948,-0.165976557405126,0.0643579745588936,-0.174378083682933,7,"MA",70000,2015,"donor_3","CO"
0.543889509605316,0.135593914246705,0.00624567644662958,0.615513877972948,-0.165976557405126,0.0643579745588936,-0.174378083682933,7,"MA",70000,2015,"donor_4","TN"
0.543889509605316,0.135593914246705,0.00624567644662958,0.615513877972948,-0.165976557405126,0.0643579745588936,-0.174378083682933,7,"MA",70000,2015,"donor_5","AL"
0.543889509605316,0.135593914246705,0.00624567644662958,0.615513877972948,-0.165976557405126,0.0643579745588936,-0.174378083682933,7,"MA",70000,2015,"donor_6","WA"
0.543889509605316,0.135593914246705,0.00624567644662958,0.615513877972948,-0.165976557405126,0.0643579745588936,-0.174378083682933,7,"MA",70000,2015,"donor_7","TX"
0.543889509605316,0.135593914246705,0.00624567644662958,0.615513877972948,-0.165976557405126,0.0643579745588936,-0.174378083682933,7,"MA",70000,2015,"donor_1","IN"
0.543889509605316,0.135593914246705,0.00624567644662958,0.615513877972948,-0.165976557405126,0.0643579745588936,-0.174378083682933,7,"MA",70000,2015,"donor_2","AL"
0.543889509605316,0.135593914246705,0.00624567644662958,0.615513877972948,-0.165976557405126,0.0643579745588936,-0.174378083682933,7,"MA",70000,2015,"donor_3","WA"
0.543889509605316,0.135593914246705,0.00624567644662958,0.615513877972948,-0.165976557405126,0.0643579745588936,-0.174378083682933,7,"MA",70000,2015,"donor_4","CO"
0.543889509605316,0.135593914246705,0.00624567644662958,0.615513877972948,-0.165976557405126,0.0643579745588936,-0.174378083682933,7,"MA",70000,2015,"donor_5","TN"
0.543889509605316,0.135593914246705,0.00624567644662958,0.615513877972948,-0.165976557405126,0.0643579745588936,-0.174378083682933,7,"MA",70000,2015,"donor_6","TX"
0.543889509605316,0.135593914246705,0.00624567644662958,0.615513877972948,-0.165976557405126,0.0643579745588936,-0.174378083682933,7,"MA",70000,2015,"donor_7","MN"
0.507100722320127,0.135893527999233,-0.088421218698752,0.679434615205791,-0.159074804533862,-0.0391208680180418,-0.167789835300834,7,"MA",70000,2015,"donor_1","AL"
0.507100722320127,0.135893527999233,-0.088421218698752,0.679434615205791,-0.159074804533862,-0.0391208680180418,-0.167789835300834,7,"MA",70000,2015,"donor_2","MI"
0.507100722320127,0.135893527999233,-0.088421218698752,0.679434615205791,-0.159074804533862,-0.0391208680180418,-0.167789835300834,7,"MA",70000,2015,"donor_3","CO"
0.507100722320127,0.135893527999233,-0.088421218698752,0.679434615205791,-0.159074804533862,-0.0391208680180418,-0.167789835300834,7,"MA",70000,2015,"donor_4","OR"
0.507100722320127,0.135893527999233,-0.088421218698752,0.679434615205791,-0.159074804533862,-0.0391208680180418,-0.167789835300834,7,"MA",70000,2015,"donor_5","TX"
0.507100722320127,0.135893527999233,-0.088421218698752,0.679434615205791,-0.159074804533862,-0.0391208680180418,-0.167789835300834,7,"MA",70000,2015,"donor_6","IA"
0.507100722320127,0.135893527999233,-0.088421218698752,0.679434615205791,-0.159074804533862,-0.0391208680180418,-0.167789835300834,7,"MA",70000,2015,"donor_7","UT"
0.123195039406247,0.136376026889601,0.0545559437375731,0.587316568818567,-0.16852999685459,0.108746579820698,-0.175706356860044,7,"MA",70000,2015,"donor_1","MO"
0.123195039406247,0.136376026889601,0.0545559437375731,0.587316568818567,-0.16852999685459,0.108746579820698,-0.175706356860044,7,"MA",70000,2015,"donor_2","NC"
0.123195039406247,0.136376026889601,0.0545559437375731,0.587316568818567,-0.16852999685459,0.108746579820698,-0.175706356860044,7,"MA",70000,2015,"donor_3","CO"
0.123195039406247,0.136376026889601,0.0545559437375731,0.587316568818567,-0.16852999685459,0.108746579820698,-0.175706356860044,7,"MA",70000,2015,"donor_4","TN"
0.123195039406247,0.136376026889601,0.0545559437375731,0.587316568818567,-0.16852999685459,0.108746579820698,-0.175706356860044,7,"MA",70000,2015,"donor_5","MI"
0.123195039406247,0.136376026889601,0.0545559437375731,0.587316568818567,-0.16852999685459,0.108746579820698,-0.175706356860044,7,"MA",70000,2015,"donor_6","TX"
0.123195039406247,0.136376026889601,0.0545559437375731,0.587316568818567,-0.16852999685459,0.108746579820698,-0.175706356860044,7,"MA",70000,2015,"donor_7","MN"
0.47284848254936,0.136863064672491,-0.0632757566982419,0.661195845983519,-0.145645666872386,-0.0100254491049807,-0.154537027298313,7,"MA",70000,2015,"donor_1","WA"
0.47284848254936,0.136863064672491,-0.0632757566982419,0.661195845983519,-0.145645666872386,-0.0100254491049807,-0.154537027298313,7,"MA",70000,2015,"donor_2","TX"
0.47284848254936,0.136863064672491,-0.0632757566982419,0.661195845983519,-0.145645666872386,-0.0100254491049807,-0.154537027298313,7,"MA",70000,2015,"donor_3","IA"
0.47284848254936,0.136863064672491,-0.0632757566982419,0.661195845983519,-0.145645666872386,-0.0100254491049807,-0.154537027298313,7,"MA",70000,2015,"donor_4","AL"
0.47284848254936,0.136863064672491,-0.0632757566982419,0.661195845983519,-0.145645666872386,-0.0100254491049807,-0.154537027298313,7,"MA",70000,2015,"donor_5","CO"
0.47284848254936,0.136863064672491,-0.0632757566982419,0.661195845983519,-0.145645666872386,-0.0100254491049807,-0.154537027298313,7,"MA",70000,2015,"donor_6","IL"
0.47284848254936,0.136863064672491,-0.0632757566982419,0.661195845983519,-0.145645666872386,-0.0100254491049807,-0.154537027298313,7,"MA",70000,2015,"donor_7","PA"
0.329240121581767,0.136911685355168,-0.0295500724728244,0.63821755346139,-0.13030852776916,0.0260369855767353,-0.138952620694467,7,"MA",70000,2015,"donor_1","NY"
0.329240121581767,0.136911685355168,-0.0295500724728244,0.63821755346139,-0.13030852776916,0.0260369855767353,-0.138952620694467,7,"MA",70000,2015,"donor_2","CO"
0.329240121581767,0.136911685355168,-0.0295500724728244,0.63821755346139,-0.13030852776916,0.0260369855767353,-0.138952620694467,7,"MA",70000,2015,"donor_3","MN"
0.329240121581767,0.136911685355168,-0.0295500724728244,0.63821755346139,-0.13030852776916,0.0260369855767353,-0.138952620694467,7,"MA",70000,2015,"donor_4","AL"
0.329240121581767,0.136911685355168,-0.0295500724728244,0.63821755346139,-0.13030852776916,0.0260369855767353,-0.138952620694467,7,"MA",70000,2015,"donor_5","WI"
0.329240121581767,0.136911685355168,-0.0295500724728244,0.63821755346139,-0.13030852776916,0.0260369855767353,-0.138952620694467,7,"MA",70000,2015,"donor_6","TX"
0.329240121581767,0.136911685355168,-0.0295500724728244,0.63821755346139,-0.13030852776916,0.0260369855767353,-0.138952620694467,7,"MA",70000,2015,"donor_7","IL"
0.0554290491131462,0.137320214655825,0.0389331007538312,0.596148277549134,-0.138829009471741,0.0908350878563784,-0.145920200559426,7,"MA",70000,2015,"donor_1","TN"
0.0554290491131462,0.137320214655825,0.0389331007538312,0.596148277549134,-0.138829009471741,0.0908350878563784,-0.145920200559426,7,"MA",70000,2015,"donor_2","MN"
0.0554290491131462,0.137320214655825,0.0389331007538312,0.596148277549134,-0.138829009471741,0.0908350878563784,-0.145920200559426,7,"MA",70000,2015,"donor_3","OR"
0.0554290491131462,0.137320214655825,0.0389331007538312,0.596148277549134,-0.138829009471741,0.0908350878563784,-0.145920200559426,7,"MA",70000,2015,"donor_4","TX"
0.0554290491131462,0.137320214655825,0.0389331007538312,0.596148277549134,-0.138829009471741,0.0908350878563784,-0.145920200559426,7,"MA",70000,2015,"donor_5","MI"
0.0554290491131462,0.137320214655825,0.0389331007538312,0.596148277549134,-0.138829009471741,0.0908350878563784,-0.145920200559426,7,"MA",70000,2015,"donor_6","MO"
0.0554290491131462,0.137320214655825,0.0389331007538312,0.596148277549134,-0.138829009471741,0.0908350878563784,-0.145920200559426,7,"MA",70000,2015,"donor_7","CO"
0.347038909346754,0.137805814850562,-0.0217463443002333,0.633126362364715,-0.141502518843505,0.0215730388456088,-0.148214384375412,7,"MA",70000,2015,"donor_1","TX"
0.347038909346754,0.137805814850562,-0.0217463443002333,0.633126362364715,-0.141502518843505,0.0215730388456088,-0.148214384375412,7,"MA",70000,2015,"donor_2","MN"
0.347038909346754,0.137805814850562,-0.0217463443002333,0.633126362364715,-0.141502518843505,0.0215730388456088,-0.148214384375412,7,"MA",70000,2015,"donor_3","MI"
0.347038909346754,0.137805814850562,-0.0217463443002333,0.633126362364715,-0.141502518843505,0.0215730388456088,-0.148214384375412,7,"MA",70000,2015,"donor_4","CO"
0.347038909346754,0.137805814850562,-0.0217463443002333,0.633126362364715,-0.141502518843505,0.0215730388456088,-0.148214384375412,7,"MA",70000,2015,"donor_5","IL"
0.347038909346754,0.137805814850562,-0.0217463443002333,0.633126362364715,-0.141502518843505,0.0215730388456088,-0.148214384375412,7,"MA",70000,2015,"donor_6","NY"
0.347038909346754,0.137805814850562,-0.0217463443002333,0.633126362364715,-0.141502518843505,0.0215730388456088,-0.148214384375412,7,"MA",70000,2015,"donor_7","AL"
0.112084184035078,0.138071641552337,0.0258238159875228,0.603766620398596,-0.149507360053534,0.0906859358832824,-0.158483725667352,7,"MA",70000,2015,"donor_1","OR"
0.112084184035078,0.138071641552337,0.0258238159875228,0.603766620398596,-0.149507360053534,0.0906859358832824,-0.158483725667352,7,"MA",70000,2015,"donor_2","TX"
0.112084184035078,0.138071641552337,0.0258238159875228,0.603766620398596,-0.149507360053534,0.0906859358832824,-0.158483725667352,7,"MA",70000,2015,"donor_3","MO"
0.112084184035078,0.138071641552337,0.0258238159875228,0.603766620398596,-0.149507360053534,0.0906859358832824,-0.158483725667352,7,"MA",70000,2015,"donor_4","NC"
0.112084184035078,0.138071641552337,0.0258238159875228,0.603766620398596,-0.149507360053534,0.0906859358832824,-0.158483725667352,7,"MA",70000,2015,"donor_5","IA"
0.112084184035078,0.138071641552337,0.0258238159875228,0.603766620398596,-0.149507360053534,0.0906859358832824,-0.158483725667352,7,"MA",70000,2015,"donor_6","NY"
0.112084184035078,0.138071641552337,0.0258238159875228,0.603766620398596,-0.149507360053534,0.0906859358832824,-0.158483725667352,7,"MA",70000,2015,"donor_7","CO"
0.0794267024365529,0.138243573817278,-0.0328579358661899,0.640400414243057,-0.182675541372967,0.0168588385371899,-0.190503236259445,7,"MA",70000,2015,"donor_1","MI"
0.0794267024365529,0.138243573817278,-0.0328579358661899,0.640400414243057,-0.182675541372967,0.0168588385371899,-0.190503236259445,7,"MA",70000,2015,"donor_2","AL"
0.0794267024365529,0.138243573817278,-0.0328579358661899,0.640400414243057,-0.182675541372967,0.0168588385371899,-0.190503236259445,7,"MA",70000,2015,"donor_3","CO"
0.0794267024365529,0.138243573817278,-0.0328579358661899,0.640400414243057,-0.182675541372967,0.0168588385371899,-0.190503236259445,7,"MA",70000,2015,"donor_4","MO"
0.0794267024365529,0.138243573817278,-0.0328579358661899,0.640400414243057,-0.182675541372967,0.0168588385371899,-0.190503236259445,7,"MA",70000,2015,"donor_5","WA"
0.0794267024365529,0.138243573817278,-0.0328579358661899,0.640400414243057,-0.182675541372967,0.0168588385371899,-0.190503236259445,7,"MA",70000,2015,"donor_6","IA"
0.0794267024365529,0.138243573817278,-0.0328579358661899,0.640400414243057,-0.182675541372967,0.0168588385371899,-0.190503236259445,7,"MA",70000,2015,"donor_7","GA"
0.309218347339658,0.138526256196294,0.119084388767233,0.553450825263904,-0.225565017563578,0.190525581879878,-0.233867902417089,7,"MA",70000,2015,"donor_1","IL"
0.309218347339658,0.138526256196294,0.119084388767233,0.553450825263904,-0.225565017563578,0.190525581879878,-0.233867902417089,7,"MA",70000,2015,"donor_2","MN"
0.309218347339658,0.138526256196294,0.119084388767233,0.553450825263904,-0.225565017563578,0.190525581879878,-0.233867902417089,7,"MA",70000,2015,"donor_3","MD"
0.309218347339658,0.138526256196294,0.119084388767233,0.553450825263904,-0.225565017563578,0.190525581879878,-0.233867902417089,7,"MA",70000,2015,"donor_4","AL"
0.309218347339658,0.138526256196294,0.119084388767233,0.553450825263904,-0.225565017563578,0.190525581879878,-0.233867902417089,7,"MA",70000,2015,"donor_5","CO"
0.309218347339658,0.138526256196294,0.119084388767233,0.553450825263904,-0.225565017563578,0.190525581879878,-0.233867902417089,7,"MA",70000,2015,"donor_6","IA"
0.309218347339658,0.138526256196294,0.119084388767233,0.553450825263904,-0.225565017563578,0.190525581879878,-0.233867902417089,7,"MA",70000,2015,"donor_7","IN"
0.242756766052043,0.138569402288112,-0.053654873540294,0.654473892437326,-0.151103704410989,-0.0122455590908322,-0.157963029484222,7,"MA",70000,2015,"donor_1","PA"
0.242756766052043,0.138569402288112,-0.053654873540294,0.654473892437326,-0.151103704410989,-0.0122455590908322,-0.157963029484222,7,"MA",70000,2015,"donor_2","CO"
0.242756766052043,0.138569402288112,-0.053654873540294,0.654473892437326,-0.151103704410989,-0.0122455590908322,-0.157963029484222,7,"MA",70000,2015,"donor_3","TX"
0.242756766052043,0.138569402288112,-0.053654873540294,0.654473892437326,-0.151103704410989,-0.0122455590908322,-0.157963029484222,7,"MA",70000,2015,"donor_4","IA"
0.242756766052043,0.138569402288112,-0.053654873540294,0.654473892437326,-0.151103704410989,-0.0122455590908322,-0.157963029484222,7,"MA",70000,2015,"donor_5","MI"
0.242756766052043,0.138569402288112,-0.053654873540294,0.654473892437326,-0.151103704410989,-0.0122455590908322,-0.157963029484222,7,"MA",70000,2015,"donor_6","AL"
0.242756766052043,0.138569402288112,-0.053654873540294,0.654473892437326,-0.151103704410989,-0.0122455590908322,-0.157963029484222,7,"MA",70000,2015,"donor_7","OR"
0.46275039675296,0.139226505481825,-0.0767657801049726,0.670857042727033,-0.161670029552806,-0.0381199597689186,-0.168408349213275,7,"MA",70000,2015,"donor_1","WA"
0.46275039675296,0.139226505481825,-0.0767657801049726,0.670857042727033,-0.161670029552806,-0.0381199597689186,-0.168408349213275,7,"MA",70000,2015,"donor_2","MI"
0.46275039675296,0.139226505481825,-0.0767657801049726,0.670857042727033,-0.161670029552806,-0.0381199597689186,-0.168408349213275,7,"MA",70000,2015,"donor_3","FL"
0.46275039675296,0.139226505481825,-0.0767657801049726,0.670857042727033,-0.161670029552806,-0.0381199597689186,-0.168408349213275,7,"MA",70000,2015,"donor_4","CO"
0.46275039675296,0.139226505481825,-0.0767657801049726,0.670857042727033,-0.161670029552806,-0.0381199597689186,-0.168408349213275,7,"MA",70000,2015,"donor_5","AL"
0.46275039675296,0.139226505481825,-0.0767657801049726,0.670857042727033,-0.161670029552806,-0.0381199597689186,-0.168408349213275,7,"MA",70000,2015,"donor_6","MN"
0.46275039675296,0.139226505481825,-0.0767657801049726,0.670857042727033,-0.161670029552806,-0.0381199597689186,-0.168408349213275,7,"MA",70000,2015,"donor_7","TX"
0.0113545601834102,0.139396883361487,-0.0788565624817481,0.672379732923956,-0.104944948967626,-0.0261638638477821,-0.114040293995214,7,"MA",70000,2015,"donor_1","OR"
0.0113545601834102,0.139396883361487,-0.0788565624817481,0.672379732923956,-0.104944948967626,-0.0261638638477821,-0.114040293995214,7,"MA",70000,2015,"donor_2","AL"
0.0113545601834102,0.139396883361487,-0.0788565624817481,0.672379732923956,-0.104944948967626,-0.0261638638477821,-0.114040293995214,7,"MA",70000,2015,"donor_3","IL"
0.0113545601834102,0.139396883361487,-0.0788565624817481,0.672379732923956,-0.104944948967626,-0.0261638638477821,-0.114040293995214,7,"MA",70000,2015,"donor_4","CO"
0.0113545601834102,0.139396883361487,-0.0788565624817481,0.672379732923956,-0.104944948967626,-0.0261638638477821,-0.114040293995214,7,"MA",70000,2015,"donor_5","MI"
0.0113545601834102,0.139396883361487,-0.0788565624817481,0.672379732923956,-0.104944948967626,-0.0261638638477821,-0.114040293995214,7,"MA",70000,2015,"donor_6","UT"
0.0113545601834102,0.139396883361487,-0.0788565624817481,0.672379732923956,-0.104944948967626,-0.0261638638477821,-0.114040293995214,7,"MA",70000,2015,"donor_7","NY"
0.438040647862156,0.139705369139335,-0.0874613849110165,0.678719966763031,-0.179622775826568,-0.0437920589005243,-0.187371938488908,7,"MA",70000,2015,"donor_1","AL"
0.438040647862156,0.139705369139335,-0.0874613849110165,0.678719966763031,-0.179622775826568,-0.0437920589005243,-0.187371938488908,7,"MA",70000,2015,"donor_2","WA"
0.438040647862156,0.139705369139335,-0.0874613849110165,0.678719966763031,-0.179622775826568,-0.0437920589005243,-0.187371938488908,7,"MA",70000,2015,"donor_3","CO"
0.438040647862156,0.139705369139335,-0.0874613849110165,0.678719966763031,-0.179622775826568,-0.0437920589005243,-0.187371938488908,7,"MA",70000,2015,"donor_4","MN"
0.438040647862156,0.139705369139335,-0.0874613849110165,0.678719966763031,-0.179622775826568,-0.0437920589005243,-0.187371938488908,7,"MA",70000,2015,"donor_5","NC"
0.438040647862156,0.139705369139335,-0.0874613849110165,0.678719966763031,-0.179622775826568,-0.0437920589005243,-0.187371938488908,7,"MA",70000,2015,"donor_6","FL"
0.438040647862156,0.139705369139335,-0.0874613849110165,0.678719966763031,-0.179622775826568,-0.0437920589005243,-0.187371938488908,7,"MA",70000,2015,"donor_7","TX"
0.475011813053472,0.139893390152721,-0.0774085691763478,0.671324443096376,-0.121548915468604,-0.0247726229162561,-0.130607263844644,7,"MA",70000,2015,"donor_1","MI"
0.475011813053472,0.139893390152721,-0.0774085691763478,0.671324443096376,-0.121548915468604,-0.0247726229162561,-0.130607263844644,7,"MA",70000,2015,"donor_2","OR"
0.475011813053472,0.139893390152721,-0.0774085691763478,0.671324443096376,-0.121548915468604,-0.0247726229162561,-0.130607263844644,7,"MA",70000,2015,"donor_3","NY"
0.475011813053472,0.139893390152721,-0.0774085691763478,0.671324443096376,-0.121548915468604,-0.0247726229162561,-0.130607263844644,7,"MA",70000,2015,"donor_4","MN"
0.475011813053472,0.139893390152721,-0.0774085691763478,0.671324443096376,-0.121548915468604,-0.0247726229162561,-0.130607263844644,7,"MA",70000,2015,"donor_5","UT"
0.475011813053472,0.139893390152721,-0.0774085691763478,0.671324443096376,-0.121548915468604,-0.0247726229162561,-0.130607263844644,7,"MA",70000,2015,"donor_6","CO"
0.475011813053472,0.139893390152721,-0.0774085691763478,0.671324443096376,-0.121548915468604,-0.0247726229162561,-0.130607263844644,7,"MA",70000,2015,"donor_7","AL"
0.0799485675949783,0.140249443317336,0.121680688670947,0.552169779473551,-0.191966979248022,0.200696165276143,-0.201051283744417,7,"MA",70000,2015,"donor_1","OR"
0.0799485675949783,0.140249443317336,0.121680688670947,0.552169779473551,-0.191966979248022,0.200696165276143,-0.201051283744417,7,"MA",70000,2015,"donor_2","MO"
0.0799485675949783,0.140249443317336,0.121680688670947,0.552169779473551,-0.191966979248022,0.200696165276143,-0.201051283744417,7,"MA",70000,2015,"donor_3","MN"
0.0799485675949783,0.140249443317336,0.121680688670947,0.552169779473551,-0.191966979248022,0.200696165276143,-0.201051283744417,7,"MA",70000,2015,"donor_4","MD"
0.0799485675949783,0.140249443317336,0.121680688670947,0.552169779473551,-0.191966979248022,0.200696165276143,-0.201051283744417,7,"MA",70000,2015,"donor_5","UT"
0.0799485675949783,0.140249443317336,0.121680688670947,0.552169779473551,-0.191966979248022,0.200696165276143,-0.201051283744417,7,"MA",70000,2015,"donor_6","IA"
0.0799485675949783,0.140249443317336,0.121680688670947,0.552169779473551,-0.191966979248022,0.200696165276143,-0.201051283744417,7,"MA",70000,2015,"donor_7","CO"
0.0879988637464154,0.140379566330855,0.0976459188929257,0.564260448513174,-0.174488822160929,0.168992960127541,-0.183098436346018,7,"MA",70000,2015,"donor_1","MD"
0.0879988637464154,0.140379566330855,0.0976459188929257,0.564260448513174,-0.174488822160929,0.168992960127541,-0.183098436346018,7,"MA",70000,2015,"donor_2","OR"
0.0879988637464154,0.140379566330855,0.0976459188929257,0.564260448513174,-0.174488822160929,0.168992960127541,-0.183098436346018,7,"MA",70000,2015,"donor_3","MN"
0.0879988637464154,0.140379566330855,0.0976459188929257,0.564260448513174,-0.174488822160929,0.168992960127541,-0.183098436346018,7,"MA",70000,2015,"donor_4","IL"
0.0879988637464154,0.140379566330855,0.0976459188929257,0.564260448513174,-0.174488822160929,0.168992960127541,-0.183098436346018,7,"MA",70000,2015,"donor_5","MI"
0.0879988637464154,0.140379566330855,0.0976459188929257,0.564260448513174,-0.174488822160929,0.168992960127541,-0.183098436346018,7,"MA",70000,2015,"donor_6","CO"
0.0879988637464154,0.140379566330855,0.0976459188929257,0.564260448513174,-0.174488822160929,0.168992960127541,-0.183098436346018,7,"MA",70000,2015,"donor_7","IA"
0.0351349201863934,0.140945552364766,-0.0386533798917846,0.64426104544213,-0.146845896895841,0.0197565100839519,-0.15607143662219,7,"MA",70000,2015,"donor_1","CO"
0.0351349201863934,0.140945552364766,-0.0386533798917846,0.64426104544213,-0.146845896895841,0.0197565100839519,-0.15607143662219,7,"MA",70000,2015,"donor_2","MO"
0.0351349201863934,0.140945552364766,-0.0386533798917846,0.64426104544213,-0.146845896895841,0.0197565100839519,-0.15607143662219,7,"MA",70000,2015,"donor_3","AL"
0.0351349201863934,0.140945552364766,-0.0386533798917846,0.64426104544213,-0.146845896895841,0.0197565100839519,-0.15607143662219,7,"MA",70000,2015,"donor_4","IL"
0.0351349201863934,0.140945552364766,-0.0386533798917846,0.64426104544213,-0.146845896895841,0.0197565100839519,-0.15607143662219,7,"MA",70000,2015,"donor_5","IA"
0.0351349201863934,0.140945552364766,-0.0386533798917846,0.64426104544213,-0.146845896895841,0.0197565100839519,-0.15607143662219,7,"MA",70000,2015,"donor_6","PA"
0.0351349201863934,0.140945552364766,-0.0386533798917846,0.64426104544213,-0.146845896895841,0.0197565100839519,-0.15607143662219,7,"MA",70000,2015,"donor_7","WI"
0.518877628714207,0.141207044926311,-0.117104088000303,0.701507584399586,-0.152274618771673,-0.0679902806668408,-0.161516396949645,7,"MA",70000,2015,"donor_1","OR"
0.518877628714207,0.141207044926311,-0.117104088000303,0.701507584399586,-0.152274618771673,-0.0679902806668408,-0.161516396949645,7,"MA",70000,2015,"donor_2","AL"
0.518877628714207,0.141207044926311,-0.117104088000303,0.701507584399586,-0.152274618771673,-0.0679902806668408,-0.161516396949645,7,"MA",70000,2015,"donor_3","FL"
0.518877628714207,0.141207044926311,-0.117104088000303,0.701507584399586,-0.152274618771673,-0.0679902806668408,-0.161516396949645,7,"MA",70000,2015,"donor_4","MN"
0.518877628714207,0.141207044926311,-0.117104088000303,0.701507584399586,-0.152274618771673,-0.0679902806668408,-0.161516396949645,7,"MA",70000,2015,"donor_5","TX"
0.518877628714207,0.141207044926311,-0.117104088000303,0.701507584399586,-0.152274618771673,-0.0679902806668408,-0.161516396949645,7,"MA",70000,2015,"donor_6","CO"
0.518877628714207,0.141207044926311,-0.117104088000303,0.701507584399586,-0.152274618771673,-0.0679902806668408,-0.161516396949645,7,"MA",70000,2015,"donor_7","IL"
0.67202648177631,0.141570624633278,-0.066209469731909,0.663273141488552,-0.189981934134948,-0.0115134158476026,-0.199157178409502,7,"MA",70000,2015,"donor_1","MN"
0.67202648177631,0.141570624633278,-0.066209469731909,0.663273141488552,-0.189981934134948,-0.0115134158476026,-0.199157178409502,7,"MA",70000,2015,"donor_2","NC"
0.67202648177631,0.141570624633278,-0.066209469731909,0.663273141488552,-0.189981934134948,-0.0115134158476026,-0.199157178409502,7,"MA",70000,2015,"donor_3","AL"
0.67202648177631,0.141570624633278,-0.066209469731909,0.663273141488552,-0.189981934134948,-0.0115134158476026,-0.199157178409502,7,"MA",70000,2015,"donor_4","IA"
0.67202648177631,0.141570624633278,-0.066209469731909,0.663273141488552,-0.189981934134948,-0.0115134158476026,-0.199157178409502,7,"MA",70000,2015,"donor_5","TX"
0.67202648177631,0.141570624633278,-0.066209469731909,0.663273141488552,-0.189981934134948,-0.0115134158476026,-0.199157178409502,7,"MA",70000,2015,"donor_6","PA"
0.67202648177631,0.141570624633278,-0.066209469731909,0.663273141488552,-0.189981934134948,-0.0115134158476026,-0.199157178409502,7,"MA",70000,2015,"donor_7","CO"
0.926814268316456,0.141845866515986,0.00375988471004003,0.617038186061892,-0.158010528752696,0.0683889564306638,-0.167342009797433,7,"MA",70000,2015,"donor_1","TN"
0.926814268316456,0.141845866515986,0.00375988471004003,0.617038186061892,-0.158010528752696,0.0683889564306638,-0.167342009797433,7,"MA",70000,2015,"donor_2","MI"
0.926814268316456,0.141845866515986,0.00375988471004003,0.617038186061892,-0.158010528752696,0.0683889564306638,-0.167342009797433,7,"MA",70000,2015,"donor_3","MO"
0.926814268316456,0.141845866515986,0.00375988471004003,0.617038186061892,-0.158010528752696,0.0683889564306638,-0.167342009797433,7,"MA",70000,2015,"donor_4","CO"
0.926814268316456,0.141845866515986,0.00375988471004003,0.617038186061892,-0.158010528752696,0.0683889564306638,-0.167342009797433,7,"MA",70000,2015,"donor_5","WA"
0.926814268316456,0.141845866515986,0.00375988471004003,0.617038186061892,-0.158010528752696,0.0683889564306638,-0.167342009797433,7,"MA",70000,2015,"donor_6","MN"
0.926814268316456,0.141845866515986,0.00375988471004003,0.617038186061892,-0.158010528752696,0.0683889564306638,-0.167342009797433,7,"MA",70000,2015,"donor_7","IA"
0.00759959088112672,0.141883464659331,0.0251408793240014,0.60416884254152,-0.0942086095190191,0.0923862511279779,-0.103506501726819,7,"MA",70000,2015,"donor_1","CO"
0.00759959088112672,0.141883464659331,0.0251408793240014,0.60416884254152,-0.0942086095190191,0.0923862511279779,-0.103506501726819,7,"MA",70000,2015,"donor_2","TN"
0.00759959088112672,0.141883464659331,0.0251408793240014,0.60416884254152,-0.0942086095190191,0.0923862511279779,-0.103506501726819,7,"MA",70000,2015,"donor_3","WI"
0.00759959088112672,0.141883464659331,0.0251408793240014,0.60416884254152,-0.0942086095190191,0.0923862511279779,-0.103506501726819,7,"MA",70000,2015,"donor_4","PA"
0.00759959088112672,0.141883464659331,0.0251408793240014,0.60416884254152,-0.0942086095190191,0.0923862511279779,-0.103506501726819,7,"MA",70000,2015,"donor_5","WA"
0.00759959088112672,0.141883464659331,0.0251408793240014,0.60416884254152,-0.0942086095190191,0.0923862511279779,-0.103506501726819,7,"MA",70000,2015,"donor_6","MI"
0.00759959088112672,0.141883464659331,0.0251408793240014,0.60416884254152,-0.0942086095190191,0.0923862511279779,-0.103506501726819,7,"MA",70000,2015,"donor_7","TX"
0.486496210515502,0.142466693819787,-0.063589692784322,0.661417515089915,-0.182354345912961,-0.00746199531900732,-0.191705081605233,7,"MA",70000,2015,"donor_1","IA"
0.486496210515502,0.142466693819787,-0.063589692784322,0.661417515089915,-0.182354345912961,-0.00746199531900732,-0.191705081605233,7,"MA",70000,2015,"donor_2","TX"
0.486496210515502,0.142466693819787,-0.063589692784322,0.661417515089915,-0.182354345912961,-0.00746199531900732,-0.191705081605233,7,"MA",70000,2015,"donor_3","CO"
0.486496210515502,0.142466693819787,-0.063589692784322,0.661417515089915,-0.182354345912961,-0.00746199531900732,-0.191705081605233,7,"MA",70000,2015,"donor_4","AL"
0.486496210515502,0.142466693819787,-0.063589692784322,0.661417515089915,-0.182354345912961,-0.00746199531900732,-0.191705081605233,7,"MA",70000,2015,"donor_5","NC"
0.486496210515502,0.142466693819787,-0.063589692784322,0.661417515089915,-0.182354345912961,-0.00746199531900732,-0.191705081605233,7,"MA",70000,2015,"donor_6","NY"
0.486496210515502,0.142466693819787,-0.063589692784322,0.661417515089915,-0.182354345912961,-0.00746199531900732,-0.191705081605233,7,"MA",70000,2015,"donor_7","UT"
0.135121478829962,0.142497313409247,-0.0567876710084814,0.656647670377034,-0.17631315331195,-0.0121622119475332,-0.183729149158204,7,"MA",70000,2015,"donor_1","IA"
0.135121478829962,0.142497313409247,-0.0567876710084814,0.656647670377034,-0.17631315331195,-0.0121622119475332,-0.183729149158204,7,"MA",70000,2015,"donor_2","MO"
0.135121478829962,0.142497313409247,-0.0567876710084814,0.656647670377034,-0.17631315331195,-0.0121622119475332,-0.183729149158204,7,"MA",70000,2015,"donor_3","CO"
0.135121478829962,0.142497313409247,-0.0567876710084814,0.656647670377034,-0.17631315331195,-0.0121622119475332,-0.183729149158204,7,"MA",70000,2015,"donor_4","NC"
0.135121478829962,0.142497313409247,-0.0567876710084814,0.656647670377034,-0.17631315331195,-0.0121622119475332,-0.183729149158204,7,"MA",70000,2015,"donor_5","IL"
0.135121478829962,0.142497313409247,-0.0567876710084814,0.656647670377034,-0.17631315331195,-0.0121622119475332,-0.183729149158204,7,"MA",70000,2015,"donor_6","AL"
0.135121478829962,0.142497313409247,-0.0567876710084814,0.656647670377034,-0.17631315331195,-0.0121622119475332,-0.183729149158204,7,"MA",70000,2015,"donor_7","OR"
0.0203415320649879,0.142649121858703,-0.0380772094938443,0.64387514737776,-0.0949776023128602,0.0207737319451324,-0.104257978905265,7,"MA",70000,2015,"donor_1","MI"
0.0203415320649879,0.142649121858703,-0.0380772094938443,0.64387514737776,-0.0949776023128602,0.0207737319451324,-0.104257978905265,7,"MA",70000,2015,"donor_2","FL"
0.0203415320649879,0.142649121858703,-0.0380772094938443,0.64387514737776,-0.0949776023128602,0.0207737319451324,-0.104257978905265,7,"MA",70000,2015,"donor_3","CO"
0.0203415320649879,0.142649121858703,-0.0380772094938443,0.64387514737776,-0.0949776023128602,0.0207737319451324,-0.104257978905265,7,"MA",70000,2015,"donor_4","TX"
0.0203415320649879,0.142649121858703,-0.0380772094938443,0.64387514737776,-0.0949776023128602,0.0207737319451324,-0.104257978905265,7,"MA",70000,2015,"donor_5","NY"
0.0203415320649879,0.142649121858703,-0.0380772094938443,0.64387514737776,-0.0949776023128602,0.0207737319451324,-0.104257978905265,7,"MA",70000,2015,"donor_6","WA"
0.0203415320649879,0.142649121858703,-0.0380772094938443,0.64387514737776,-0.0949776023128602,0.0207737319451324,-0.104257978905265,7,"MA",70000,2015,"donor_7","OR"
0.00926285457082121,0.142691468079432,-0.0218572262423984,0.633198133360298,-0.141212704130061,0.0397051964491402,-0.150585844532396,7,"MA",70000,2015,"donor_1","OR"
0.00926285457082121,0.142691468079432,-0.0218572262423984,0.633198133360298,-0.141212704130061,0.0397051964491402,-0.150585844532396,7,"MA",70000,2015,"donor_2","NC"
0.00926285457082121,0.142691468079432,-0.0218572262423984,0.633198133360298,-0.141212704130061,0.0397051964491402,-0.150585844532396,7,"MA",70000,2015,"donor_3","CO"
0.00926285457082121,0.142691468079432,-0.0218572262423984,0.633198133360298,-0.141212704130061,0.0397051964491402,-0.150585844532396,7,"MA",70000,2015,"donor_4","MI"
0.00926285457082121,0.142691468079432,-0.0218572262423984,0.633198133360298,-0.141212704130061,0.0397051964491402,-0.150585844532396,7,"MA",70000,2015,"donor_5","AZ"
0.00926285457082121,0.142691468079432,-0.0218572262423984,0.633198133360298,-0.141212704130061,0.0397051964491402,-0.150585844532396,7,"MA",70000,2015,"donor_6","MO"
0.00926285457082121,0.142691468079432,-0.0218572262423984,0.633198133360298,-0.141212704130061,0.0397051964491402,-0.150585844532396,7,"MA",70000,2015,"donor_7","IA"
0.0690115610317116,0.143365899456896,-0.0917811723639279,0.681948182152592,-0.176905809709145,-0.0474105752501659,-0.184846914044494,7,"MA",70000,2015,"donor_1","CO"
0.0690115610317116,0.143365899456896,-0.0917811723639279,0.681948182152592,-0.176905809709145,-0.0474105752501659,-0.184846914044494,7,"MA",70000,2015,"donor_2","MI"
0.0690115610317116,0.143365899456896,-0.0917811723639279,0.681948182152592,-0.176905809709145,-0.0474105752501659,-0.184846914044494,7,"MA",70000,2015,"donor_3","TX"
0.0690115610317116,0.143365899456896,-0.0917811723639279,0.681948182152592,-0.176905809709145,-0.0474105752501659,-0.184846914044494,7,"MA",70000,2015,"donor_4","NJ"
0.0690115610317116,0.143365899456896,-0.0917811723639279,0.681948182152592,-0.176905809709145,-0.0474105752501659,-0.184846914044494,7,"MA",70000,2015,"donor_5","AL"
0.0690115610317116,0.143365899456896,-0.0917811723639279,0.681948182152592,-0.176905809709145,-0.0474105752501659,-0.184846914044494,7,"MA",70000,2015,"donor_6","PA"
0.0690115610317116,0.143365899456896,-0.0917811723639279,0.681948182152592,-0.176905809709145,-0.0474105752501659,-0.184846914044494,7,"MA",70000,2015,"donor_7","IA"
0.733297993010368,0.143616763577655,-0.0709795609565153,0.666678742978858,-0.150362014471882,-0.0230644352381497,-0.158536554568439,7,"MA",70000,2015,"donor_1","CO"
0.733297993010368,0.143616763577655,-0.0709795609565153,0.666678742978858,-0.150362014471882,-0.0230644352381497,-0.158536554568439,7,"MA",70000,2015,"donor_2","WA"
0.733297993010368,0.143616763577655,-0.0709795609565153,0.666678742978858,-0.150362014471882,-0.0230644352381497,-0.158536554568439,7,"MA",70000,2015,"donor_3","UT"
0.733297993010368,0.143616763577655,-0.0709795609565153,0.666678742978858,-0.150362014471882,-0.0230644352381497,-0.158536554568439,7,"MA",70000,2015,"donor_4","MN"
0.733297993010368,0.143616763577655,-0.0709795609565153,0.666678742978858,-0.150362014471882,-0.0230644352381497,-0.158536554568439,7,"MA",70000,2015,"donor_5","TN"
0.733297993010368,0.143616763577655,-0.0709795609565153,0.666678742978858,-0.150362014471882,-0.0230644352381497,-0.158536554568439,7,"MA",70000,2015,"donor_6","AL"
0.733297993010368,0.143616763577655,-0.0709795609565153,0.666678742978858,-0.150362014471882,-0.0230644352381497,-0.158536554568439,7,"MA",70000,2015,"donor_7","MI"
0.481231951744944,0.143858567696489,-0.118703424743223,0.702780648299602,-0.126318601895164,-0.0683446969701806,-0.135815445641126,7,"MA",70000,2015,"donor_1","AL"
0.481231951744944,0.143858567696489,-0.118703424743223,0.702780648299602,-0.126318601895164,-0.0683446969701806,-0.135815445641126,7,"MA",70000,2015,"donor_2","MN"
0.481231951744944,0.143858567696489,-0.118703424743223,0.702780648299602,-0.126318601895164,-0.0683446969701806,-0.135815445641126,7,"MA",70000,2015,"donor_3","FL"
0.481231951744944,0.143858567696489,-0.118703424743223,0.702780648299602,-0.126318601895164,-0.0683446969701806,-0.135815445641126,7,"MA",70000,2015,"donor_4","PA"
0.481231951744944,0.143858567696489,-0.118703424743223,0.702780648299602,-0.126318601895164,-0.0683446969701806,-0.135815445641126,7,"MA",70000,2015,"donor_5","WA"
0.481231951744944,0.143858567696489,-0.118703424743223,0.702780648299602,-0.126318601895164,-0.0683446969701806,-0.135815445641126,7,"MA",70000,2015,"donor_6","OR"
0.481231951744944,0.143858567696489,-0.118703424743223,0.702780648299602,-0.126318601895164,-0.0683446969701806,-0.135815445641126,7,"MA",70000,2015,"donor_7","CO"
0.0264008327259145,0.14386732655563,-0.0654285890753465,0.662718943959983,-0.157309182517187,-0.00897551413836334,-0.166747022535087,7,"MA",70000,2015,"donor_1","MN"
0.0264008327259145,0.14386732655563,-0.0654285890753465,0.662718943959983,-0.157309182517187,-0.00897551413836334,-0.166747022535087,7,"MA",70000,2015,"donor_2","CO"
0.0264008327259145,0.14386732655563,-0.0654285890753465,0.662718943959983,-0.157309182517187,-0.00897551413836334,-0.166747022535087,7,"MA",70000,2015,"donor_3","AL"
0.0264008327259145,0.14386732655563,-0.0654285890753465,0.662718943959983,-0.157309182517187,-0.00897551413836334,-0.166747022535087,7,"MA",70000,2015,"donor_4","WA"
0.0264008327259145,0.14386732655563,-0.0654285890753465,0.662718943959983,-0.157309182517187,-0.00897551413836334,-0.166747022535087,7,"MA",70000,2015,"donor_5","TX"
0.0264008327259145,0.14386732655563,-0.0654285890753465,0.662718943959983,-0.157309182517187,-0.00897551413836334,-0.166747022535087,7,"MA",70000,2015,"donor_6","AZ"
0.0264008327259145,0.14386732655563,-0.0654285890753465,0.662718943959983,-0.157309182517187,-0.00897551413836334,-0.166747022535087,7,"MA",70000,2015,"donor_7","GA"
0.3760283133788,0.144147869834542,-0.11302955965101,0.698285027694365,-0.171768291238545,-0.0643360422935241,-0.180853271438022,7,"MA",70000,2015,"donor_1","AL"
0.3760283133788,0.144147869834542,-0.11302955965101,0.698285027694365,-0.171768291238545,-0.0643360422935241,-0.180853271438022,7,"MA",70000,2015,"donor_2","CO"
0.3760283133788,0.144147869834542,-0.11302955965101,0.698285027694365,-0.171768291238545,-0.0643360422935241,-0.180853271438022,7,"MA",70000,2015,"donor_3","WA"
0.3760283133788,0.144147869834542,-0.11302955965101,0.698285027694365,-0.171768291238545,-0.0643360422935241,-0.180853271438022,7,"MA",70000,2015,"donor_4","IL"
0.3760283133788,0.144147869834542,-0.11302955965101,0.698285027694365,-0.171768291238545,-0.0643360422935241,-0.180853271438022,7,"MA",70000,2015,"donor_5","IA"
0.3760283133788,0.144147869834542,-0.11302955965101,0.698285027694365,-0.171768291238545,-0.0643360422935241,-0.180853271438022,7,"MA",70000,2015,"donor_6","NJ"
0.3760283133788,0.144147869834542,-0.11302955965101,0.698285027694365,-0.171768291238545,-0.0643360422935241,-0.180853271438022,7,"MA",70000,2015,"donor_7","TX"
0.557856342309262,0.144287817998477,-0.0806177936806031,0.673667789354637,-0.158187855036709,-0.0273093980873564,-0.167417960926169,7,"MA",70000,2015,"donor_1","MN"
0.557856342309262,0.144287817998477,-0.0806177936806031,0.673667789354637,-0.158187855036709,-0.0273093980873564,-0.167417960926169,7,"MA",70000,2015,"donor_2","AZ"
0.557856342309262,0.144287817998477,-0.0806177936806031,0.673667789354637,-0.158187855036709,-0.0273093980873564,-0.167417960926169,7,"MA",70000,2015,"donor_3","WI"
0.557856342309262,0.144287817998477,-0.0806177936806031,0.673667789354637,-0.158187855036709,-0.0273093980873564,-0.167417960926169,7,"MA",70000,2015,"donor_4","MI"
0.557856342309262,0.144287817998477,-0.0806177936806031,0.673667789354637,-0.158187855036709,-0.0273093980873564,-0.167417960926169,7,"MA",70000,2015,"donor_5","AL"
0.557856342309262,0.144287817998477,-0.0806177936806031,0.673667789354637,-0.158187855036709,-0.0273093980873564,-0.167417960926169,7,"MA",70000,2015,"donor_6","IA"
0.557856342309262,0.144287817998477,-0.0806177936806031,0.673667789354637,-0.158187855036709,-0.0273093980873564,-0.167417960926169,7,"MA",70000,2015,"donor_7","CO"
0.0124060308612803,0.144603780203234,-0.0321319057253515,0.639920028531723,-0.14481358563589,0.0105673472822888,-0.15157318144027,7,"MA",70000,2015,"donor_1","WA"
0.0124060308612803,0.144603780203234,-0.0321319057253515,0.639920028531723,-0.14481358563589,0.0105673472822888,-0.15157318144027,7,"MA",70000,2015,"donor_2","WI"
0.0124060308612803,0.144603780203234,-0.0321319057253515,0.639920028531723,-0.14481358563589,0.0105673472822888,-0.15157318144027,7,"MA",70000,2015,"donor_3","AL"
0.0124060308612803,0.144603780203234,-0.0321319057253515,0.639920028531723,-0.14481358563589,0.0105673472822888,-0.15157318144027,7,"MA",70000,2015,"donor_4","MO"
0.0124060308612803,0.144603780203234,-0.0321319057253515,0.639920028531723,-0.14481358563589,0.0105673472822888,-0.15157318144027,7,"MA",70000,2015,"donor_5","IA"
0.0124060308612803,0.144603780203234,-0.0321319057253515,0.639920028531723,-0.14481358563589,0.0105673472822888,-0.15157318144027,7,"MA",70000,2015,"donor_6","OR"
0.0124060308612803,0.144603780203234,-0.0321319057253515,0.639920028531723,-0.14481358563589,0.0105673472822888,-0.15157318144027,7,"MA",70000,2015,"donor_7","CO"
0.553727824583799,0.144763042942967,0.0274809141556623,0.602792879137943,-0.117937951418547,0.0962772225320988,-0.127394940022331,7,"MA",70000,2015,"donor_1","MI"
0.553727824583799,0.144763042942967,0.0274809141556623,0.602792879137943,-0.117937951418547,0.0962772225320988,-0.127394940022331,7,"MA",70000,2015,"donor_2","NY"
0.553727824583799,0.144763042942967,0.0274809141556623,0.602792879137943,-0.117937951418547,0.0962772225320988,-0.127394940022331,7,"MA",70000,2015,"donor_3","TX"
0.553727824583799,0.144763042942967,0.0274809141556623,0.602792879137943,-0.117937951418547,0.0962772225320988,-0.127394940022331,7,"MA",70000,2015,"donor_4","CO"
0.553727824583799,0.144763042942967,0.0274809141556623,0.602792879137943,-0.117937951418547,0.0962772225320988,-0.127394940022331,7,"MA",70000,2015,"donor_5","TN"
0.553727824583799,0.144763042942967,0.0274809141556623,0.602792879137943,-0.117937951418547,0.0962772225320988,-0.127394940022331,7,"MA",70000,2015,"donor_6","MN"
0.553727824583799,0.144763042942967,0.0274809141556623,0.602792879137943,-0.117937951418547,0.0962772225320988,-0.127394940022331,7,"MA",70000,2015,"donor_7","PA"
0.690006570013161,0.145436616034154,-0.0546419402911439,0.655157241367279,-0.184094821936824,-0.00653672129960706,-0.192025785074961,7,"MA",70000,2015,"donor_1","MN"
0.690006570013161,0.145436616034154,-0.0546419402911439,0.655157241367279,-0.184094821936824,-0.00653672129960706,-0.192025785074961,7,"MA",70000,2015,"donor_2","CO"
0.690006570013161,0.145436616034154,-0.0546419402911439,0.655157241367279,-0.184094821936824,-0.00653672129960706,-0.192025785074961,7,"MA",70000,2015,"donor_3","MI"
0.690006570013161,0.145436616034154,-0.0546419402911439,0.655157241367279,-0.184094821936824,-0.00653672129960706,-0.192025785074961,7,"MA",70000,2015,"donor_4","NC"
0.690006570013161,0.145436616034154,-0.0546419402911439,0.655157241367279,-0.184094821936824,-0.00653672129960706,-0.192025785074961,7,"MA",70000,2015,"donor_5","IA"
0.690006570013161,0.145436616034154,-0.0546419402911439,0.655157241367279,-0.184094821936824,-0.00653672129960706,-0.192025785074961,7,"MA",70000,2015,"donor_6","AL"
0.690006570013161,0.145436616034154,-0.0546419402911439,0.655157241367279,-0.184094821936824,-0.00653672129960706,-0.192025785074961,7,"MA",70000,2015,"donor_7","NY"
0.407770982554544,0.145639574252736,-0.0379355459911898,0.643780337089042,-0.183418983247062,0.0163494262958819,-0.192015337230654,7,"MA",70000,2015,"donor_1","NY"
0.407770982554544,0.145639574252736,-0.0379355459911898,0.643780337089042,-0.183418983247062,0.0163494262958819,-0.192015337230654,7,"MA",70000,2015,"donor_2","TX"
0.407770982554544,0.145639574252736,-0.0379355459911898,0.643780337089042,-0.183418983247062,0.0163494262958819,-0.192015337230654,7,"MA",70000,2015,"donor_3","GA"
0.407770982554544,0.145639574252736,-0.0379355459911898,0.643780337089042,-0.183418983247062,0.0163494262958819,-0.192015337230654,7,"MA",70000,2015,"donor_4","CO"
0.407770982554544,0.145639574252736,-0.0379355459911898,0.643780337089042,-0.183418983247062,0.0163494262958819,-0.192015337230654,7,"MA",70000,2015,"donor_5","IA"
0.407770982554544,0.145639574252736,-0.0379355459911898,0.643780337089042,-0.183418983247062,0.0163494262958819,-0.192015337230654,7,"MA",70000,2015,"donor_6","AL"
0.407770982554544,0.145639574252736,-0.0379355459911898,0.643780337089042,-0.183418983247062,0.0163494262958819,-0.192015337230654,7,"MA",70000,2015,"donor_7","MI"
0.577696288987553,0.145892024219036,-0.0570075933718796,0.656800812127248,-0.167217130311296,0.00105642803113269,-0.176741192927796,7,"MA",70000,2015,"donor_1","PA"
0.577696288987553,0.145892024219036,-0.0570075933718796,0.656800812127248,-0.167217130311296,0.00105642803113269,-0.176741192927796,7,"MA",70000,2015,"donor_2","IA"
0.577696288987553,0.145892024219036,-0.0570075933718796,0.656800812127248,-0.167217130311296,0.00105642803113269,-0.176741192927796,7,"MA",70000,2015,"donor_3","MN"
0.577696288987553,0.145892024219036,-0.0570075933718796,0.656800812127248,-0.167217130311296,0.00105642803113269,-0.176741192927796,7,"MA",70000,2015,"donor_4","IL"
0.577696288987553,0.145892024219036,-0.0570075933718796,0.656800812127248,-0.167217130311296,0.00105642803113269,-0.176741192927796,7,"MA",70000,2015,"donor_5","MO"
0.577696288987553,0.145892024219036,-0.0570075933718796,0.656800812127248,-0.167217130311296,0.00105642803113269,-0.176741192927796,7,"MA",70000,2015,"donor_6","AL"
0.577696288987553,0.145892024219036,-0.0570075933718796,0.656800812127248,-0.167217130311296,0.00105642803113269,-0.176741192927796,7,"MA",70000,2015,"donor_7","CO"
0.591204639804185,0.146177571897738,0.00429630661369056,0.616708609226637,-0.114579842934474,0.0709555616823102,-0.124176258032425,7,"MA",70000,2015,"donor_1","PA"
0.591204639804185,0.146177571897738,0.00429630661369056,0.616708609226637,-0.114579842934474,0.0709555616823102,-0.124176258032425,7,"MA",70000,2015,"donor_2","WA"
0.591204639804185,0.146177571897738,0.00429630661369056,0.616708609226637,-0.114579842934474,0.0709555616823102,-0.124176258032425,7,"MA",70000,2015,"donor_3","TN"
0.591204639804185,0.146177571897738,0.00429630661369056,0.616708609226637,-0.114579842934474,0.0709555616823102,-0.124176258032425,7,"MA",70000,2015,"donor_4","TX"
0.591204639804185,0.146177571897738,0.00429630661369056,0.616708609226637,-0.114579842934474,0.0709555616823102,-0.124176258032425,7,"MA",70000,2015,"donor_5","MN"
0.591204639804185,0.146177571897738,0.00429630661369056,0.616708609226637,-0.114579842934474,0.0709555616823102,-0.124176258032425,7,"MA",70000,2015,"donor_6","CO"
0.591204639804185,0.146177571897738,0.00429630661369056,0.616708609226637,-0.114579842934474,0.0709555616823102,-0.124176258032425,7,"MA",70000,2015,"donor_7","MI"
0.0734171751214406,0.146318141501643,0.203223158001365,0.514749217037987,-0.168115672636866,0.301693260173085,-0.177850571315646,7,"MA",70000,2015,"donor_1","MN"
0.0734171751214406,0.146318141501643,0.203223158001365,0.514749217037987,-0.168115672636866,0.301693260173085,-0.177850571315646,7,"MA",70000,2015,"donor_2","MD"
0.0734171751214406,0.146318141501643,0.203223158001365,0.514749217037987,-0.168115672636866,0.301693260173085,-0.177850571315646,7,"MA",70000,2015,"donor_3","IN"
0.0734171751214406,0.146318141501643,0.203223158001365,0.514749217037987,-0.168115672636866,0.301693260173085,-0.177850571315646,7,"MA",70000,2015,"donor_4","IL"
0.0734171751214406,0.146318141501643,0.203223158001365,0.514749217037987,-0.168115672636866,0.301693260173085,-0.177850571315646,7,"MA",70000,2015,"donor_5","CO"
0.0734171751214406,0.146318141501643,0.203223158001365,0.514749217037987,-0.168115672636866,0.301693260173085,-0.177850571315646,7,"MA",70000,2015,"donor_6","TN"
0.0734171751214406,0.146318141501643,0.203223158001365,0.514749217037987,-0.168115672636866,0.301693260173085,-0.177850571315646,7,"MA",70000,2015,"donor_7","WA"
0.384921899266966,0.146411105305388,0.00154639953694062,0.618401882119025,-0.186434462474741,0.0678314430062367,-0.196031200776985,7,"MA",70000,2015,"donor_1","TX"
0.384921899266966,0.146411105305388,0.00154639953694062,0.618401882119025,-0.186434462474741,0.0678314430062367,-0.196031200776985,7,"MA",70000,2015,"donor_2","IA"
0.384921899266966,0.146411105305388,0.00154639953694062,0.618401882119025,-0.186434462474741,0.0678314430062367,-0.196031200776985,7,"MA",70000,2015,"donor_3","AL"
0.384921899266966,0.146411105305388,0.00154639953694062,0.618401882119025,-0.186434462474741,0.0678314430062367,-0.196031200776985,7,"MA",70000,2015,"donor_4","CO"
0.384921899266966,0.146411105305388,0.00154639953694062,0.618401882119025,-0.186434462474741,0.0678314430062367,-0.196031200776985,7,"MA",70000,2015,"donor_5","IN"
0.384921899266966,0.146411105305388,0.00154639953694062,0.618401882119025,-0.186434462474741,0.0678314430062367,-0.196031200776985,7,"MA",70000,2015,"donor_6","NC"
0.384921899266966,0.146411105305388,0.00154639953694062,0.618401882119025,-0.186434462474741,0.0678314430062367,-0.196031200776985,7,"MA",70000,2015,"donor_7","NY"
0.320625238377553,0.146546130549865,0.00439796337860499,0.616646191137,-0.128193379194247,0.0717304383239209,-0.137878723738485,7,"MA",70000,2015,"donor_1","OR"
0.320625238377553,0.146546130549865,0.00439796337860499,0.616646191137,-0.128193379194247,0.0717304383239209,-0.137878723738485,7,"MA",70000,2015,"donor_2","NC"
0.320625238377553,0.146546130549865,0.00439796337860499,0.616646191137,-0.128193379194247,0.0717304383239209,-0.137878723738485,7,"MA",70000,2015,"donor_3","MO"
0.320625238377553,0.146546130549865,0.00439796337860499,0.616646191137,-0.128193379194247,0.0717304383239209,-0.137878723738485,7,"MA",70000,2015,"donor_4","NY"
0.320625238377553,0.146546130549865,0.00439796337860499,0.616646191137,-0.128193379194247,0.0717304383239209,-0.137878723738485,7,"MA",70000,2015,"donor_5","CO"
0.320625238377553,0.146546130549865,0.00439796337860499,0.616646191137,-0.128193379194247,0.0717304383239209,-0.137878723738485,7,"MA",70000,2015,"donor_6","WA"
0.320625238377553,0.146546130549865,0.00439796337860499,0.616646191137,-0.128193379194247,0.0717304383239209,-0.137878723738485,7,"MA",70000,2015,"donor_7","IA"
0.0922301317325583,0.146687998209899,-0.0929573421568505,0.682832470058183,-0.143806069524458,-0.0383565741287642,-0.153498637553484,7,"MA",70000,2015,"donor_1","CO"
0.0922301317325583,0.146687998209899,-0.0929573421568505,0.682832470058183,-0.143806069524458,-0.0383565741287642,-0.153498637553484,7,"MA",70000,2015,"donor_2","GA"
0.0922301317325583,0.146687998209899,-0.0929573421568505,0.682832470058183,-0.143806069524458,-0.0383565741287642,-0.153498637553484,7,"MA",70000,2015,"donor_3","AL"
0.0922301317325583,0.146687998209899,-0.0929573421568505,0.682832470058183,-0.143806069524458,-0.0383565741287642,-0.153498637553484,7,"MA",70000,2015,"donor_4","MN"
0.0922301317325583,0.146687998209899,-0.0929573421568505,0.682832470058183,-0.143806069524458,-0.0383565741287642,-0.153498637553484,7,"MA",70000,2015,"donor_5","OR"
0.0922301317325583,0.146687998209899,-0.0929573421568505,0.682832470058183,-0.143806069524458,-0.0383565741287642,-0.153498637553484,7,"MA",70000,2015,"donor_6","AZ"
0.0922301317325583,0.146687998209899,-0.0929573421568505,0.682832470058183,-0.143806069524458,-0.0383565741287642,-0.153498637553484,7,"MA",70000,2015,"donor_7","MI"
0.612372593940585,0.146750950384818,-0.0164427103727732,0.629712356397579,-0.198243914918266,0.0293524301489737,-0.2052477760364,7,"MA",70000,2015,"donor_1","IA"
0.612372593940585,0.146750950384818,-0.0164427103727732,0.629712356397579,-0.198243914918266,0.0293524301489737,-0.2052477760364,7,"MA",70000,2015,"donor_2","AL"
0.612372593940585,0.146750950384818,-0.0164427103727732,0.629712356397579,-0.198243914918266,0.0293524301489737,-0.2052477760364,7,"MA",70000,2015,"donor_3","NY"
0.612372593940585,0.146750950384818,-0.0164427103727732,0.629712356397579,-0.198243914918266,0.0293524301489737,-0.2052477760364,7,"MA",70000,2015,"donor_4","MN"
0.612372593940585,0.146750950384818,-0.0164427103727732,0.629712356397579,-0.198243914918266,0.0293524301489737,-0.2052477760364,7,"MA",70000,2015,"donor_5","MO"
0.612372593940585,0.146750950384818,-0.0164427103727732,0.629712356397579,-0.198243914918266,0.0293524301489737,-0.2052477760364,7,"MA",70000,2015,"donor_6","CO"
0.612372593940585,0.146750950384818,-0.0164427103727732,0.629712356397579,-0.198243914918266,0.0293524301489737,-0.2052477760364,7,"MA",70000,2015,"donor_7","NC"
0.612372593940586,0.146750950384818,-0.0164427103727735,0.62971235639758,-0.198243914918266,0.0293524301489736,-0.2052477760364,7,"MA",70000,2015,"donor_1","AL"
0.612372593940586,0.146750950384818,-0.0164427103727735,0.62971235639758,-0.198243914918266,0.0293524301489736,-0.2052477760364,7,"MA",70000,2015,"donor_2","MO"
0.612372593940586,0.146750950384818,-0.0164427103727735,0.62971235639758,-0.198243914918266,0.0293524301489736,-0.2052477760364,7,"MA",70000,2015,"donor_3","IA"
0.612372593940586,0.146750950384818,-0.0164427103727735,0.62971235639758,-0.198243914918266,0.0293524301489736,-0.2052477760364,7,"MA",70000,2015,"donor_4","NC"
0.612372593940586,0.146750950384818,-0.0164427103727735,0.62971235639758,-0.198243914918266,0.0293524301489736,-0.2052477760364,7,"MA",70000,2015,"donor_5","MN"
0.612372593940586,0.146750950384818,-0.0164427103727735,0.62971235639758,-0.198243914918266,0.0293524301489736,-0.2052477760364,7,"MA",70000,2015,"donor_6","CO"
0.612372593940586,0.146750950384818,-0.0164427103727735,0.62971235639758,-0.198243914918266,0.0293524301489736,-0.2052477760364,7,"MA",70000,2015,"donor_7","NY"
0.37854314461467,0.00124755624588167,0.0616120396927003,1.48559546543914,0.0361087897829688,0.0613518110262063,0.0361816392421028,2,"CT",20000,2014,"donor_1","IL"
0.37854314461467,0.00124755624588167,0.0616120396927003,1.48559546543914,0.0361087897829688,0.0613518110262063,0.0361816392421028,2,"CT",20000,2014,"donor_2","TX"
0.37854314461467,0.00124755624588167,0.0616120396927003,1.48559546543914,0.0361087897829688,0.0613518110262063,0.0361816392421028,2,"CT",20000,2014,"donor_1","TX"
0.37854314461467,0.00124755624588167,0.0616120396927003,1.48559546543914,0.0361087897829688,0.0613518110262063,0.0361816392421028,2,"CT",20000,2014,"donor_2","IL"
0.37854314461467,0.00124755624588167,0.0616120396927003,1.48559546543914,0.0361087897829688,0.0613518110262063,0.0361816392421028,2,"CT",20000,2014,"donor_1","TX"
0.37854314461467,0.00124755624588167,0.0616120396927003,1.48559546543914,0.0361087897829688,0.0613518110262063,0.0361816392421028,2,"CT",20000,2014,"donor_2","IL"
0.37854314461467,0.00124755624588167,0.0616120396927003,1.48559546543914,0.0361087897829688,0.0613518110262063,0.0361816392421028,2,"CT",20000,2014,"donor_1","TX"
0.37854314461467,0.00124755624588167,0.0616120396927003,1.48559546543914,0.0361087897829688,0.0613518110262063,0.0361816392421028,2,"CT",20000,2014,"donor_2","IL"
0.37854314461467,0.00124755624588167,0.0616120396927003,1.48559546543914,0.0361087897829688,0.0613518110262063,0.0361816392421028,2,"CT",20000,2014,"donor_1","IL"
0.37854314461467,0.00124755624588167,0.0616120396927003,1.48559546543914,0.0361087897829688,0.0613518110262063,0.0361816392421028,2,"CT",20000,2014,"donor_2","TX"
0.37854314461467,0.00124755624588167,0.0616120396927003,1.48559546543914,0.0361087897829688,0.0613518110262063,0.0361816392421028,2,"CT",20000,2014,"donor_1","TX"
0.37854314461467,0.00124755624588167,0.0616120396927003,1.48559546543914,0.0361087897829688,0.0613518110262063,0.0361816392421028,2,"CT",20000,2014,"donor_2","IL"
0.37854314461467,0.00124755624588167,0.0616120396927003,1.48559546543914,0.0361087897829688,0.0613518110262063,0.0361816392421028,2,"CT",20000,2014,"donor_1","TX"
0.37854314461467,0.00124755624588167,0.0616120396927003,1.48559546543914,0.0361087897829688,0.0613518110262063,0.0361816392421028,2,"CT",20000,2014,"donor_2","IL"
0.37854314461467,0.00124755624588167,0.0616120396927003,1.48559546543914,0.0361087897829688,0.0613518110262063,0.0361816392421028,2,"CT",20000,2014,"donor_1","TX"
0.37854314461467,0.00124755624588167,0.0616120396927003,1.48559546543914,0.0361087897829688,0.0613518110262063,0.0361816392421028,2,"CT",20000,2014,"donor_2","IL"
0.37854314461467,0.00124755624588167,0.0616120396927003,1.48559546543914,0.0361087897829688,0.0613518110262063,0.0361816392421028,2,"CT",20000,2014,"donor_1","IL"
0.37854314461467,0.00124755624588167,0.0616120396927003,1.48559546543914,0.0361087897829688,0.0613518110262063,0.0361816392421028,2,"CT",20000,2014,"donor_2","TX"
0.37854314461467,0.00124755624588167,0.0616120396927003,1.48559546543914,0.0361087897829688,0.0613518110262063,0.0361816392421028,2,"CT",20000,2014,"donor_1","TX"
0.37854314461467,0.00124755624588167,0.0616120396927003,1.48559546543914,0.0361087897829688,0.0613518110262063,0.0361816392421028,2,"CT",20000,2014,"donor_2","IL"
0.37854314461467,0.00124755624588167,0.0616120396927003,1.48559546543914,0.0361087897829688,0.0613518110262063,0.0361816392421028,2,"CT",20000,2014,"donor_1","IL"
0.37854314461467,0.00124755624588167,0.0616120396927003,1.48559546543914,0.0361087897829688,0.0613518110262063,0.0361816392421028,2,"CT",20000,2014,"donor_2","TX"
0.37854314461467,0.00124755624588167,0.0616120396927003,1.48559546543914,0.0361087897829688,0.0613518110262063,0.0361816392421028,2,"CT",20000,2014,"donor_1","TX"
0.37854314461467,0.00124755624588167,0.0616120396927003,1.48559546543914,0.0361087897829688,0.0613518110262063,0.0361816392421028,2,"CT",20000,2014,"donor_2","IL"
0.37854314461467,0.00124755624588167,0.0616120396927003,1.48559546543914,0.0361087897829688,0.0613518110262063,0.0361816392421028,2,"CT",20000,2014,"donor_1","IL"
0.37854314461467,0.00124755624588167,0.0616120396927003,1.48559546543914,0.0361087897829688,0.0613518110262063,0.0361816392421028,2,"CT",20000,2014,"donor_2","TX"
0.37854314461467,0.00124755624588167,0.0616120396927003,1.48559546543914,0.0361087897829688,0.0613518110262063,0.0361816392421028,2,"CT",20000,2014,"donor_1","IL"
0.37854314461467,0.00124755624588167,0.0616120396927003,1.48559546543914,0.0361087897829688,0.0613518110262063,0.0361816392421028,2,"CT",20000,2014,"donor_2","TX"
0.37854314461467,0.00124755624588167,0.0616120396927003,1.48559546543914,0.0361087897829688,0.0613518110262063,0.0361816392421028,2,"CT",20000,2014,"donor_1","TX"
0.37854314461467,0.00124755624588167,0.0616120396927003,1.48559546543914,0.0361087897829688,0.0613518110262063,0.0361816392421028,2,"CT",20000,2014,"donor_2","IL"
0.37854314461467,0.00124755624588167,0.0616120396927003,1.48559546543914,0.0361087897829688,0.0613518110262063,0.0361816392421028,2,"CT",20000,2014,"donor_1","IL"
0.37854314461467,0.00124755624588167,0.0616120396927003,1.48559546543914,0.0361087897829688,0.0613518110262063,0.0361816392421028,2,"CT",20000,2014,"donor_2","TX"
0.37854314461467,0.00124755624588167,0.0616120396927003,1.48559546543914,0.0361087897829688,0.0613518110262063,0.0361816392421028,2,"CT",20000,2014,"donor_1","TX"
0.37854314461467,0.00124755624588167,0.0616120396927003,1.48559546543914,0.0361087897829688,0.0613518110262063,0.0361816392421028,2,"CT",20000,2014,"donor_2","IL"
0.37854314461467,0.00124755624588167,0.0616120396927003,1.48559546543914,0.0361087897829688,0.0613518110262063,0.0361816392421028,2,"CT",20000,2014,"donor_1","TX"
0.37854314461467,0.00124755624588167,0.0616120396927003,1.48559546543914,0.0361087897829688,0.0613518110262063,0.0361816392421028,2,"CT",20000,2014,"donor_2","IL"
0.37854314461467,0.00124755624588167,0.0616120396927003,1.48559546543914,0.0361087897829688,0.0613518110262063,0.0361816392421028,2,"CT",20000,2014,"donor_1","TX"
0.37854314461467,0.00124755624588167,0.0616120396927003,1.48559546543914,0.0361087897829688,0.0613518110262063,0.0361816392421028,2,"CT",20000,2014,"donor_2","IL"
0.37854314461467,0.00124755624588167,0.0616120396927003,1.48559546543914,0.0361087897829688,0.0613518110262063,0.0361816392421028,2,"CT",20000,2014,"donor_1","TX"
0.37854314461467,0.00124755624588167,0.0616120396927003,1.48559546543914,0.0361087897829688,0.0613518110262063,0.0361816392421028,2,"CT",20000,2014,"donor_2","IL"
0.37854314461467,0.00124755624588167,0.0616120396927003,1.48559546543914,0.0361087897829688,0.0613518110262063,0.0361816392421028,2,"CT",20000,2014,"donor_1","TX"
0.37854314461467,0.00124755624588167,0.0616120396927003,1.48559546543914,0.0361087897829688,0.0613518110262063,0.0361816392421028,2,"CT",20000,2014,"donor_2","IL"
0.37854314461467,0.00124755624588167,0.0616120396927003,1.48559546543914,0.0361087897829688,0.0613518110262063,0.0361816392421028,2,"CT",20000,2014,"donor_1","TX"
0.37854314461467,0.00124755624588167,0.0616120396927003,1.48559546543914,0.0361087897829688,0.0613518110262063,0.0361816392421028,2,"CT",20000,2014,"donor_2","IL"
0.37854314461467,0.00124755624588167,0.0616120396927003,1.48559546543914,0.0361087897829688,0.0613518110262063,0.0361816392421028,2,"CT",20000,2014,"donor_1","IL"
0.37854314461467,0.00124755624588167,0.0616120396927003,1.48559546543914,0.0361087897829688,0.0613518110262063,0.0361816392421028,2,"CT",20000,2014,"donor_2","TX"
0.37854314461467,0.00124755624588167,0.0616120396927003,1.48559546543914,0.0361087897829688,0.0613518110262063,0.0361816392421028,2,"CT",20000,2014,"donor_1","IL"
0.37854314461467,0.00124755624588167,0.0616120396927003,1.48559546543914,0.0361087897829688,0.0613518110262063,0.0361816392421028,2,"CT",20000,2014,"donor_2","TX"
0.37854314461467,0.00124755624588167,0.0616120396927003,1.48559546543914,0.0361087897829688,0.0613518110262063,0.0361816392421028,2,"CT",20000,2014,"donor_1","IL"
0.37854314461467,0.00124755624588167,0.0616120396927003,1.48559546543914,0.0361087897829688,0.0613518110262063,0.0361816392421028,2,"CT",20000,2014,"donor_2","TX"
0.37854314461467,0.00124755624588167,0.0616120396927003,1.48559546543914,0.0361087897829688,0.0613518110262063,0.0361816392421028,2,"CT",20000,2014,"donor_1","IL"
0.37854314461467,0.00124755624588167,0.0616120396927003,1.48559546543914,0.0361087897829688,0.0613518110262063,0.0361816392421028,2,"CT",20000,2014,"donor_2","TX"
0.37854314461467,0.00124755624588167,0.0616120396927003,1.48559546543914,0.0361087897829688,0.0613518110262063,0.0361816392421028,2,"CT",20000,2014,"donor_1","TX"
0.37854314461467,0.00124755624588167,0.0616120396927003,1.48559546543914,0.0361087897829688,0.0613518110262063,0.0361816392421028,2,"CT",20000,2014,"donor_2","IL"
0.37854314461467,0.00124755624588167,0.0616120396927003,1.48559546543914,0.0361087897829688,0.0613518110262063,0.0361816392421028,2,"CT",20000,2014,"donor_1","IL"
0.37854314461467,0.00124755624588167,0.0616120396927003,1.48559546543914,0.0361087897829688,0.0613518110262063,0.0361816392421028,2,"CT",20000,2014,"donor_2","TX"
0.37854314461467,0.00124755624588167,0.0616120396927003,1.48559546543914,0.0361087897829688,0.0613518110262063,0.0361816392421028,2,"CT",20000,2014,"donor_1","IL"
0.37854314461467,0.00124755624588167,0.0616120396927003,1.48559546543914,0.0361087897829688,0.0613518110262063,0.0361816392421028,2,"CT",20000,2014,"donor_2","TX"
0.37854314461467,0.00124755624588167,0.0616120396927003,1.48559546543914,0.0361087897829688,0.0613518110262063,0.0361816392421028,2,"CT",20000,2014,"donor_1","IL"
0.37854314461467,0.00124755624588167,0.0616120396927003,1.48559546543914,0.0361087897829688,0.0613518110262063,0.0361816392421028,2,"CT",20000,2014,"donor_2","TX"
0.37854314461467,0.00124755624588167,0.0616120396927003,1.48559546543914,0.0361087897829688,0.0613518110262063,0.0361816392421028,2,"CT",20000,2014,"donor_1","TX"
0.37854314461467,0.00124755624588167,0.0616120396927003,1.48559546543914,0.0361087897829688,0.0613518110262063,0.0361816392421028,2,"CT",20000,2014,"donor_2","IL"
0.37854314461467,0.00124755624588167,0.0616120396927003,1.48559546543914,0.0361087897829688,0.0613518110262063,0.0361816392421028,2,"CT",20000,2014,"donor_1","TX"
0.37854314461467,0.00124755624588167,0.0616120396927003,1.48559546543914,0.0361087897829688,0.0613518110262063,0.0361816392421028,2,"CT",20000,2014,"donor_2","IL"
0.37854314461467,0.00124755624588167,0.0616120396927003,1.48559546543914,0.0361087897829688,0.0613518110262063,0.0361816392421028,2,"CT",20000,2014,"donor_1","TX"
0.37854314461467,0.00124755624588167,0.0616120396927003,1.48559546543914,0.0361087897829688,0.0613518110262063,0.0361816392421028,2,"CT",20000,2014,"donor_2","IL"
0.37854314461467,0.00124755624588167,0.0616120396927003,1.48559546543914,0.0361087897829688,0.0613518110262063,0.0361816392421028,2,"CT",20000,2014,"donor_1","TX"
0.37854314461467,0.00124755624588167,0.0616120396927003,1.48559546543914,0.0361087897829688,0.0613518110262063,0.0361816392421028,2,"CT",20000,2014,"donor_2","IL"
0.37854314461467,0.00124755624588167,0.0616120396927003,1.48559546543914,0.0361087897829688,0.0613518110262063,0.0361816392421028,2,"CT",20000,2014,"donor_1","TX"
0.37854314461467,0.00124755624588167,0.0616120396927003,1.48559546543914,0.0361087897829688,0.0613518110262063,0.0361816392421028,2,"CT",20000,2014,"donor_2","IL"
0.37854314461467,0.00124755624588167,0.0616120396927003,1.48559546543914,0.0361087897829688,0.0613518110262063,0.0361816392421028,2,"CT",20000,2014,"donor_1","IL"
0.37854314461467,0.00124755624588167,0.0616120396927003,1.48559546543914,0.0361087897829688,0.0613518110262063,0.0361816392421028,2,"CT",20000,2014,"donor_2","TX"
0.37854314461467,0.00124755624588167,0.0616120396927003,1.48559546543914,0.0361087897829688,0.0613518110262063,0.0361816392421028,2,"CT",20000,2014,"donor_1","IL"
0.37854314461467,0.00124755624588167,0.0616120396927003,1.48559546543914,0.0361087897829688,0.0613518110262063,0.0361816392421028,2,"CT",20000,2014,"donor_2","TX"
0.37854314461467,0.00124755624588167,0.0616120396927003,1.48559546543914,0.0361087897829688,0.0613518110262063,0.0361816392421028,2,"CT",20000,2014,"donor_1","TX"
0.37854314461467,0.00124755624588167,0.0616120396927003,1.48559546543914,0.0361087897829688,0.0613518110262063,0.0361816392421028,2,"CT",20000,2014,"donor_2","IL"
0.37854314461467,0.00124755624588167,0.0616120396927003,1.48559546543914,0.0361087897829688,0.0613518110262063,0.0361816392421028,2,"CT",20000,2014,"donor_1","IL"
0.37854314461467,0.00124755624588167,0.0616120396927003,1.48559546543914,0.0361087897829688,0.0613518110262063,0.0361816392421028,2,"CT",20000,2014,"donor_2","TX"
0.37854314461467,0.00124755624588167,0.0616120396927003,1.48559546543914,0.0361087897829688,0.0613518110262063,0.0361816392421028,2,"CT",20000,2014,"donor_1","IL"
0.37854314461467,0.00124755624588167,0.0616120396927003,1.48559546543914,0.0361087897829688,0.0613518110262063,0.0361816392421028,2,"CT",20000,2014,"donor_2","TX"
0.37854314461467,0.00124755624588167,0.0616120396927003,1.48559546543914,0.0361087897829688,0.0613518110262063,0.0361816392421028,2,"CT",20000,2014,"donor_1","TX"
0.37854314461467,0.00124755624588167,0.0616120396927003,1.48559546543914,0.0361087897829688,0.0613518110262063,0.0361816392421028,2,"CT",20000,2014,"donor_2","IL"
0.37854314461467,0.00124755624588167,0.0616120396927003,1.48559546543914,0.0361087897829688,0.0613518110262063,0.0361816392421028,2,"CT",20000,2014,"donor_1","IL"
0.37854314461467,0.00124755624588167,0.0616120396927003,1.48559546543914,0.0361087897829688,0.0613518110262063,0.0361816392421028,2,"CT",20000,2014,"donor_2","TX"
0.37854314461467,0.00124755624588167,0.0616120396927003,1.48559546543914,0.0361087897829688,0.0613518110262063,0.0361816392421028,2,"CT",20000,2014,"donor_1","IL"
0.37854314461467,0.00124755624588167,0.0616120396927003,1.48559546543914,0.0361087897829688,0.0613518110262063,0.0361816392421028,2,"CT",20000,2014,"donor_2","TX"
0.37854314461467,0.00124755624588167,0.0616120396927003,1.48559546543914,0.0361087897829688,0.0613518110262063,0.0361816392421028,2,"CT",20000,2014,"donor_1","TX"
0.37854314461467,0.00124755624588167,0.0616120396927003,1.48559546543914,0.0361087897829688,0.0613518110262063,0.0361816392421028,2,"CT",20000,2014,"donor_2","IL"
0.37854314461467,0.00124755624588167,0.0616120396927003,1.48559546543914,0.0361087897829688,0.0613518110262063,0.0361816392421028,2,"CT",20000,2014,"donor_1","IL"
0.37854314461467,0.00124755624588167,0.0616120396927003,1.48559546543914,0.0361087897829688,0.0613518110262063,0.0361816392421028,2,"CT",20000,2014,"donor_2","TX"
0.37854314461467,0.00124755624588167,0.0616120396927003,1.48559546543914,0.0361087897829688,0.0613518110262063,0.0361816392421028,2,"CT",20000,2014,"donor_1","TX"
0.37854314461467,0.00124755624588167,0.0616120396927003,1.48559546543914,0.0361087897829688,0.0613518110262063,0.0361816392421028,2,"CT",20000,2014,"donor_2","IL"
0.37854314461467,0.00124755624588167,0.0616120396927003,1.48559546543914,0.0361087897829688,0.0613518110262063,0.0361816392421028,2,"CT",20000,2014,"donor_1","IL"
0.37854314461467,0.00124755624588167,0.0616120396927003,1.48559546543914,0.0361087897829688,0.0613518110262063,0.0361816392421028,2,"CT",20000,2014,"donor_2","TX"
0.37854314461467,0.00124755624588167,0.0616120396927003,1.48559546543914,0.0361087897829688,0.0613518110262063,0.0361816392421028,2,"CT",20000,2014,"donor_1","IL"
0.37854314461467,0.00124755624588167,0.0616120396927003,1.48559546543914,0.0361087897829688,0.0613518110262063,0.0361816392421028,2,"CT",20000,2014,"donor_2","TX"
0.37854314461467,0.00124755624588167,0.0616120396927003,1.48559546543914,0.0361087897829688,0.0613518110262063,0.0361816392421028,2,"CT",20000,2014,"donor_1","TX"
0.37854314461467,0.00124755624588167,0.0616120396927003,1.48559546543914,0.0361087897829688,0.0613518110262063,0.0361816392421028,2,"CT",20000,2014,"donor_2","IL"
0.37854314461467,0.00124755624588167,0.0616120396927003,1.48559546543914,0.0361087897829688,0.0613518110262063,0.0361816392421028,2,"CT",20000,2014,"donor_1","IL"
0.37854314461467,0.00124755624588167,0.0616120396927003,1.48559546543914,0.0361087897829688,0.0613518110262063,0.0361816392421028,2,"CT",20000,2014,"donor_2","TX"
0.368471393948961,0.377530513352936,-0.190789272790977,0.403292496269816,-0.210087542376449,-0.024836510907522,-0.232964904087743,3,"RI",30000,2016,"donor_1","CO"
0.368471393948961,0.377530513352936,-0.190789272790977,0.403292496269816,-0.210087542376449,-0.024836510907522,-0.232964904087743,3,"RI",30000,2016,"donor_2","MO"
0.368471393948961,0.377530513352936,-0.190789272790977,0.403292496269816,-0.210087542376449,-0.024836510907522,-0.232964904087743,3,"RI",30000,2016,"donor_3","MD"
0.368471393948961,0.377530513352936,-0.190789272790977,0.403292496269816,-0.210087542376449,-0.024836510907522,-0.232964904087743,3,"RI",30000,2016,"donor_1","CO"
0.368471393948961,0.377530513352936,-0.190789272790977,0.403292496269816,-0.210087542376449,-0.024836510907522,-0.232964904087743,3,"RI",30000,2016,"donor_2","MO"
0.368471393948961,0.377530513352936,-0.190789272790977,0.403292496269816,-0.210087542376449,-0.024836510907522,-0.232964904087743,3,"RI",30000,2016,"donor_3","MD"
0.368471393948961,0.377530513352936,-0.190789272790977,0.403292496269816,-0.210087542376449,-0.024836510907522,-0.232964904087743,3,"RI",30000,2016,"donor_1","MO"
0.368471393948961,0.377530513352936,-0.190789272790977,0.403292496269816,-0.210087542376449,-0.024836510907522,-0.232964904087743,3,"RI",30000,2016,"donor_2","CO"
0.368471393948961,0.377530513352936,-0.190789272790977,0.403292496269816,-0.210087542376449,-0.024836510907522,-0.232964904087743,3,"RI",30000,2016,"donor_3","MD"
0.368471393948961,0.377530513352936,-0.190789272790977,0.403292496269816,-0.210087542376449,-0.024836510907522,-0.232964904087743,3,"RI",30000,2016,"donor_1","MO"
0.368471393948961,0.377530513352936,-0.190789272790977,0.403292496269816,-0.210087542376449,-0.024836510907522,-0.232964904087743,3,"RI",30000,2016,"donor_2","CO"
0.368471393948961,0.377530513352936,-0.190789272790977,0.403292496269816,-0.210087542376449,-0.024836510907522,-0.232964904087743,3,"RI",30000,2016,"donor_3","MD"
0.368471393948961,0.377530513352936,-0.190789272790977,0.403292496269816,-0.210087542376449,-0.024836510907522,-0.232964904087743,3,"RI",30000,2016,"donor_1","CO"
0.368471393948961,0.377530513352936,-0.190789272790977,0.403292496269816,-0.210087542376449,-0.024836510907522,-0.232964904087743,3,"RI",30000,2016,"donor_2","MD"
0.368471393948961,0.377530513352936,-0.190789272790977,0.403292496269816,-0.210087542376449,-0.024836510907522,-0.232964904087743,3,"RI",30000,2016,"donor_3","MO"
0.368471393948961,0.377530513352936,-0.190789272790977,0.403292496269816,-0.210087542376449,-0.024836510907522,-0.232964904087743,3,"RI",30000,2016,"donor_1","CO"
0.368471393948961,0.377530513352936,-0.190789272790977,0.403292496269816,-0.210087542376449,-0.024836510907522,-0.232964904087743,3,"RI",30000,2016,"donor_2","MD"
0.368471393948961,0.377530513352936,-0.190789272790977,0.403292496269816,-0.210087542376449,-0.024836510907522,-0.232964904087743,3,"RI",30000,2016,"donor_3","MO"
0.368471393948961,0.377530513352936,-0.190789272790977,0.403292496269816,-0.210087542376449,-0.024836510907522,-0.232964904087743,3,"RI",30000,2016,"donor_1","CO"
0.368471393948961,0.377530513352936,-0.190789272790977,0.403292496269816,-0.210087542376449,-0.024836510907522,-0.232964904087743,3,"RI",30000,2016,"donor_2","MD"
0.368471393948961,0.377530513352936,-0.190789272790977,0.403292496269816,-0.210087542376449,-0.024836510907522,-0.232964904087743,3,"RI",30000,2016,"donor_3","MO"
0.368471393948961,0.377530513352936,-0.190789272790977,0.403292496269816,-0.210087542376449,-0.024836510907522,-0.232964904087743,3,"RI",30000,2016,"donor_1","MD"
0.368471393948961,0.377530513352936,-0.190789272790977,0.403292496269816,-0.210087542376449,-0.024836510907522,-0.232964904087743,3,"RI",30000,2016,"donor_2","CO"
0.368471393948961,0.377530513352936,-0.190789272790977,0.403292496269816,-0.210087542376449,-0.024836510907522,-0.232964904087743,3,"RI",30000,2016,"donor_3","MO"
0.219822773834927,0.393206473524959,-0.244663941495552,0.432057506734955,-0.205489020604851,-0.0911867472951064,-0.229810472663185,3,"RI",30000,2016,"donor_1","MD"
0.219822773834927,0.393206473524959,-0.244663941495552,0.432057506734955,-0.205489020604851,-0.0911867472951064,-0.229810472663185,3,"RI",30000,2016,"donor_2","CO"
0.219822773834927,0.393206473524959,-0.244663941495552,0.432057506734955,-0.205489020604851,-0.0911867472951064,-0.229810472663185,3,"RI",30000,2016,"donor_3","TX"
0.219822773834927,0.393206473524959,-0.244663941495552,0.432057506734955,-0.205489020604851,-0.0911867472951064,-0.229810472663185,3,"RI",30000,2016,"donor_1","MD"
0.219822773834927,0.393206473524959,-0.244663941495552,0.432057506734955,-0.205489020604851,-0.0911867472951064,-0.229810472663185,3,"RI",30000,2016,"donor_2","TX"
0.219822773834927,0.393206473524959,-0.244663941495552,0.432057506734955,-0.205489020604851,-0.0911867472951064,-0.229810472663185,3,"RI",30000,2016,"donor_3","CO"
0.219822773834927,0.393206473524959,-0.244663941495552,0.432057506734955,-0.205489020604851,-0.0911867472951064,-0.229810472663185,3,"RI",30000,2016,"donor_1","MD"
0.219822773834927,0.393206473524959,-0.244663941495552,0.432057506734955,-0.205489020604851,-0.0911867472951064,-0.229810472663185,3,"RI",30000,2016,"donor_2","TX"
0.219822773834927,0.393206473524959,-0.244663941495552,0.432057506734955,-0.205489020604851,-0.0911867472951064,-0.229810472663185,3,"RI",30000,2016,"donor_3","CO"
0.219822773834927,0.393206473524959,-0.244663941495552,0.432057506734955,-0.205489020604851,-0.0911867472951064,-0.229810472663185,3,"RI",30000,2016,"donor_1","CO"
0.219822773834927,0.393206473524959,-0.244663941495552,0.432057506734955,-0.205489020604851,-0.0911867472951064,-0.229810472663185,3,"RI",30000,2016,"donor_2","TX"
0.219822773834927,0.393206473524959,-0.244663941495552,0.432057506734955,-0.205489020604851,-0.0911867472951064,-0.229810472663185,3,"RI",30000,2016,"donor_3","MD"
0.219822773834927,0.393206473524959,-0.244663941495552,0.432057506734955,-0.205489020604851,-0.0911867472951064,-0.229810472663185,3,"RI",30000,2016,"donor_1","TX"
0.219822773834927,0.393206473524959,-0.244663941495552,0.432057506734955,-0.205489020604851,-0.0911867472951064,-0.229810472663185,3,"RI",30000,2016,"donor_2","MD"
0.219822773834927,0.393206473524959,-0.244663941495552,0.432057506734955,-0.205489020604851,-0.0911867472951064,-0.229810472663185,3,"RI",30000,2016,"donor_3","CO"
0.219822773834927,0.393206473524959,-0.244663941495552,0.432057506734955,-0.205489020604851,-0.0911867472951064,-0.229810472663185,3,"RI",30000,2016,"donor_1","CO"
0.219822773834927,0.393206473524959,-0.244663941495552,0.432057506734955,-0.205489020604851,-0.0911867472951064,-0.229810472663185,3,"RI",30000,2016,"donor_2","MD"
0.219822773834927,0.393206473524959,-0.244663941495552,0.432057506734955,-0.205489020604851,-0.0911867472951064,-0.229810472663185,3,"RI",30000,2016,"donor_3","TX"
0.219822773834927,0.393206473524959,-0.244663941495552,0.432057506734955,-0.205489020604851,-0.0911867472951064,-0.229810472663185,3,"RI",30000,2016,"donor_1","TX"
0.219822773834927,0.393206473524959,-0.244663941495552,0.432057506734955,-0.205489020604851,-0.0911867472951064,-0.229810472663185,3,"RI",30000,2016,"donor_2","MD"
0.219822773834927,0.393206473524959,-0.244663941495552,0.432057506734955,-0.205489020604851,-0.0911867472951064,-0.229810472663185,3,"RI",30000,2016,"donor_3","CO"
0.126434440009388,0.408620176687301,-0.295950667542979,0.463530890719738,-0.195519109537803,-0.150815485208233,-0.221926656688649,3,"RI",30000,2016,"donor_1","MD"
0.126434440009388,0.408620176687301,-0.295950667542979,0.463530890719738,-0.195519109537803,-0.150815485208233,-0.221926656688649,3,"RI",30000,2016,"donor_2","TX"
0.126434440009388,0.408620176687301,-0.295950667542979,0.463530890719738,-0.195519109537803,-0.150815485208233,-0.221926656688649,3,"RI",30000,2016,"donor_3","MO"
0.126434440009388,0.408620176687301,-0.29595066754298,0.463530890719738,-0.195519109537803,-0.150815485208233,-0.221926656688649,3,"RI",30000,2016,"donor_1","TX"
0.126434440009388,0.408620176687301,-0.29595066754298,0.463530890719738,-0.195519109537803,-0.150815485208233,-0.221926656688649,3,"RI",30000,2016,"donor_2","MO"
0.126434440009388,0.408620176687301,-0.29595066754298,0.463530890719738,-0.195519109537803,-0.150815485208233,-0.221926656688649,3,"RI",30000,2016,"donor_3","MD"
0.126434440009388,0.408620176687301,-0.29595066754298,0.463530890719738,-0.195519109537803,-0.150815485208233,-0.221926656688649,3,"RI",30000,2016,"donor_1","MO"
0.126434440009388,0.408620176687301,-0.29595066754298,0.463530890719738,-0.195519109537803,-0.150815485208233,-0.221926656688649,3,"RI",30000,2016,"donor_2","TX"
0.126434440009388,0.408620176687301,-0.29595066754298,0.463530890719738,-0.195519109537803,-0.150815485208233,-0.221926656688649,3,"RI",30000,2016,"donor_3","MD"
0.126434440009388,0.408620176687301,-0.29595066754298,0.463530890719738,-0.195519109537803,-0.150815485208234,-0.221926656688649,3,"RI",30000,2016,"donor_1","MO"
0.126434440009388,0.408620176687301,-0.29595066754298,0.463530890719738,-0.195519109537803,-0.150815485208234,-0.221926656688649,3,"RI",30000,2016,"donor_2","MD"
0.126434440009388,0.408620176687301,-0.29595066754298,0.463530890719738,-0.195519109537803,-0.150815485208234,-0.221926656688649,3,"RI",30000,2016,"donor_3","TX"
0.126434440009388,0.408620176687301,-0.29595066754298,0.463530890719738,-0.195519109537803,-0.150815485208234,-0.221926656688649,3,"RI",30000,2016,"donor_1","MD"
0.126434440009388,0.408620176687301,-0.29595066754298,0.463530890719738,-0.195519109537803,-0.150815485208234,-0.221926656688649,3,"RI",30000,2016,"donor_2","MO"
0.126434440009388,0.408620176687301,-0.29595066754298,0.463530890719738,-0.195519109537803,-0.150815485208234,-0.221926656688649,3,"RI",30000,2016,"donor_3","TX"
0.192453628214912,0.412954103696294,-0.291020385893625,0.460307472445145,-0.221425488374371,-0.143670049250625,-0.247827484849649,3,"RI",30000,2016,"donor_1","NC"
0.192453628214912,0.412954103696294,-0.291020385893625,0.460307472445145,-0.221425488374371,-0.143670049250625,-0.247827484849649,3,"RI",30000,2016,"donor_2","CO"
0.192453628214912,0.412954103696294,-0.291020385893625,0.460307472445145,-0.221425488374371,-0.143670049250625,-0.247827484849649,3,"RI",30000,2016,"donor_3","MD"
0.192453628214912,0.412954103696294,-0.291020385893625,0.460307472445145,-0.221425488374371,-0.143670049250625,-0.247827484849649,3,"RI",30000,2016,"donor_1","CO"
0.192453628214912,0.412954103696294,-0.291020385893625,0.460307472445145,-0.221425488374371,-0.143670049250625,-0.247827484849649,3,"RI",30000,2016,"donor_2","NC"
0.192453628214912,0.412954103696294,-0.291020385893625,0.460307472445145,-0.221425488374371,-0.143670049250625,-0.247827484849649,3,"RI",30000,2016,"donor_3","MD"
0.192453628214912,0.412954103696294,-0.291020385893625,0.460307472445145,-0.221425488374371,-0.143670049250625,-0.247827484849649,3,"RI",30000,2016,"donor_1","NC"
0.192453628214912,0.412954103696294,-0.291020385893625,0.460307472445145,-0.221425488374371,-0.143670049250625,-0.247827484849649,3,"RI",30000,2016,"donor_2","MD"
0.192453628214912,0.412954103696294,-0.291020385893625,0.460307472445145,-0.221425488374371,-0.143670049250625,-0.247827484849649,3,"RI",30000,2016,"donor_3","CO"
0.192453628214912,0.412954103696294,-0.291020385893625,0.460307472445145,-0.221425488374371,-0.143670049250625,-0.247827484849649,3,"RI",30000,2016,"donor_1","MD"
0.192453628214912,0.412954103696294,-0.291020385893625,0.460307472445145,-0.221425488374371,-0.143670049250625,-0.247827484849649,3,"RI",30000,2016,"donor_2","NC"
0.192453628214912,0.412954103696294,-0.291020385893625,0.460307472445145,-0.221425488374371,-0.143670049250625,-0.247827484849649,3,"RI",30000,2016,"donor_3","CO"
0.192453628214912,0.412954103696294,-0.291020385893625,0.460307472445145,-0.221425488374371,-0.143670049250625,-0.247827484849649,3,"RI",30000,2016,"donor_1","NC"
0.192453628214912,0.412954103696294,-0.291020385893625,0.460307472445145,-0.221425488374371,-0.143670049250625,-0.247827484849649,3,"RI",30000,2016,"donor_2","MD"
0.192453628214912,0.412954103696294,-0.291020385893625,0.460307472445145,-0.221425488374371,-0.143670049250625,-0.247827484849649,3,"RI",30000,2016,"donor_3","CO"
0.192453628214912,0.412954103696294,-0.291020385893625,0.460307472445145,-0.221425488374371,-0.143670049250625,-0.247827484849649,3,"RI",30000,2016,"donor_1","NC"
0.192453628214912,0.412954103696294,-0.291020385893625,0.460307472445145,-0.221425488374371,-0.143670049250625,-0.247827484849649,3,"RI",30000,2016,"donor_2","MD"
0.192453628214912,0.412954103696294,-0.291020385893625,0.460307472445145,-0.221425488374371,-0.143670049250625,-0.247827484849649,3,"RI",30000,2016,"donor_3","CO"
0.252923834367477,0.413647726602904,-0.261662865217557,0.44200487664839,-0.178336360246259,-0.101760692962537,-0.204564537737361,3,"RI",30000,2016,"donor_1","MD"
0.252923834367477,0.413647726602904,-0.261662865217557,0.44200487664839,-0.178336360246259,-0.101760692962537,-0.204564537737361,3,"RI",30000,2016,"donor_2","MI"
0.252923834367477,0.413647726602904,-0.261662865217557,0.44200487664839,-0.178336360246259,-0.101760692962537,-0.204564537737361,3,"RI",30000,2016,"donor_3","CO"
0.252923834367477,0.413647726602904,-0.261662865217557,0.44200487664839,-0.178336360246259,-0.101760692962537,-0.204564537737361,3,"RI",30000,2016,"donor_1","MI"
0.252923834367477,0.413647726602904,-0.261662865217557,0.44200487664839,-0.178336360246259,-0.101760692962537,-0.204564537737361,3,"RI",30000,2016,"donor_2","CO"
0.252923834367477,0.413647726602904,-0.261662865217557,0.44200487664839,-0.178336360246259,-0.101760692962537,-0.204564537737361,3,"RI",30000,2016,"donor_3","MD"
0.252923834367477,0.413647726602904,-0.261662865217557,0.44200487664839,-0.178336360246259,-0.101760692962537,-0.204564537737361,3,"RI",30000,2016,"donor_1","MI"
0.252923834367477,0.413647726602904,-0.261662865217557,0.44200487664839,-0.178336360246259,-0.101760692962537,-0.204564537737361,3,"RI",30000,2016,"donor_2","MD"
0.252923834367477,0.413647726602904,-0.261662865217557,0.44200487664839,-0.178336360246259,-0.101760692962537,-0.204564537737361,3,"RI",30000,2016,"donor_3","CO"
0.252923834367477,0.413647726602904,-0.261662865217556,0.44200487664839,-0.178336360246259,-0.101760692962537,-0.204564537737361,3,"RI",30000,2016,"donor_1","MD"
0.252923834367477,0.413647726602904,-0.261662865217556,0.44200487664839,-0.178336360246259,-0.101760692962537,-0.204564537737361,3,"RI",30000,2016,"donor_2","CO"
0.252923834367477,0.413647726602904,-0.261662865217556,0.44200487664839,-0.178336360246259,-0.101760692962537,-0.204564537737361,3,"RI",30000,2016,"donor_3","MI"
0.252923834367477,0.413647726602904,-0.261662865217556,0.44200487664839,-0.178336360246259,-0.101760692962537,-0.204564537737361,3,"RI",30000,2016,"donor_1","CO"
0.252923834367477,0.413647726602904,-0.261662865217556,0.44200487664839,-0.178336360246259,-0.101760692962537,-0.204564537737361,3,"RI",30000,2016,"donor_2","MD"
0.252923834367477,0.413647726602904,-0.261662865217556,0.44200487664839,-0.178336360246259,-0.101760692962537,-0.204564537737361,3,"RI",30000,2016,"donor_3","MI"
0.252923834367477,0.413647726602904,-0.261662865217556,0.44200487664839,-0.178336360246259,-0.101760692962537,-0.204564537737361,3,"RI",30000,2016,"donor_1","CO"
0.252923834367477,0.413647726602904,-0.261662865217556,0.44200487664839,-0.178336360246259,-0.101760692962537,-0.204564537737361,3,"RI",30000,2016,"donor_2","MD"
0.252923834367477,0.413647726602904,-0.261662865217556,0.44200487664839,-0.178336360246259,-0.101760692962537,-0.204564537737361,3,"RI",30000,2016,"donor_3","MI"
0.252923834367477,0.413647726602904,-0.261662865217557,0.44200487664839,-0.178336360246259,-0.101760692962537,-0.204564537737361,3,"RI",30000,2016,"donor_1","MI"
0.252923834367477,0.413647726602904,-0.261662865217557,0.44200487664839,-0.178336360246259,-0.101760692962537,-0.204564537737361,3,"RI",30000,2016,"donor_2","MD"
0.252923834367477,0.413647726602904,-0.261662865217557,0.44200487664839,-0.178336360246259,-0.101760692962537,-0.204564537737361,3,"RI",30000,2016,"donor_3","CO"
0.252923834367477,0.413647726602904,-0.261662865217557,0.44200487664839,-0.178336360246259,-0.101760692962537,-0.204564537737361,3,"RI",30000,2016,"donor_1","CO"
0.252923834367477,0.413647726602904,-0.261662865217557,0.44200487664839,-0.178336360246259,-0.101760692962537,-0.204564537737361,3,"RI",30000,2016,"donor_2","MI"
0.252923834367477,0.413647726602904,-0.261662865217557,0.44200487664839,-0.178336360246259,-0.101760692962537,-0.204564537737361,3,"RI",30000,2016,"donor_3","MD"
0.252923834367477,0.413647726602904,-0.261662865217557,0.44200487664839,-0.178336360246259,-0.101760692962537,-0.204564537737361,3,"RI",30000,2016,"donor_1","MI"
0.252923834367477,0.413647726602904,-0.261662865217557,0.44200487664839,-0.178336360246259,-0.101760692962537,-0.204564537737361,3,"RI",30000,2016,"donor_2","CO"
0.252923834367477,0.413647726602904,-0.261662865217557,0.44200487664839,-0.178336360246259,-0.101760692962537,-0.204564537737361,3,"RI",30000,2016,"donor_3","MD"
0.252923834367477,0.413647726602904,-0.261662865217556,0.44200487664839,-0.178336360246259,-0.101760692962537,-0.204564537737361,3,"RI",30000,2016,"donor_1","CO"
0.252923834367477,0.413647726602904,-0.261662865217556,0.44200487664839,-0.178336360246259,-0.101760692962537,-0.204564537737361,3,"RI",30000,2016,"donor_2","MD"
0.252923834367477,0.413647726602904,-0.261662865217556,0.44200487664839,-0.178336360246259,-0.101760692962537,-0.204564537737361,3,"RI",30000,2016,"donor_3","MI"
0.252923834367477,0.413647726602904,-0.261662865217557,0.44200487664839,-0.178336360246259,-0.101760692962537,-0.204564537737361,3,"RI",30000,2016,"donor_1","MI"
0.252923834367477,0.413647726602904,-0.261662865217557,0.44200487664839,-0.178336360246259,-0.101760692962537,-0.204564537737361,3,"RI",30000,2016,"donor_2","MD"
0.252923834367477,0.413647726602904,-0.261662865217557,0.44200487664839,-0.178336360246259,-0.101760692962537,-0.204564537737361,3,"RI",30000,2016,"donor_3","CO"
0.252923834367477,0.413647726602904,-0.261662865217557,0.44200487664839,-0.178336360246259,-0.101760692962537,-0.204564537737361,3,"RI",30000,2016,"donor_1","CO"
0.252923834367477,0.413647726602904,-0.261662865217557,0.44200487664839,-0.178336360246259,-0.101760692962537,-0.204564537737361,3,"RI",30000,2016,"donor_2","MI"
0.252923834367477,0.413647726602904,-0.261662865217557,0.44200487664839,-0.178336360246259,-0.101760692962537,-0.204564537737361,3,"RI",30000,2016,"donor_3","MD"
0.252923834367477,0.413647726602904,-0.261662865217556,0.44200487664839,-0.178336360246259,-0.101760692962537,-0.204564537737361,3,"RI",30000,2016,"donor_1","CO"
0.252923834367477,0.413647726602904,-0.261662865217556,0.44200487664839,-0.178336360246259,-0.101760692962537,-0.204564537737361,3,"RI",30000,2016,"donor_2","MD"
0.252923834367477,0.413647726602904,-0.261662865217556,0.44200487664839,-0.178336360246259,-0.101760692962537,-0.204564537737361,3,"RI",30000,2016,"donor_3","MI"
0.252923834367477,0.413647726602904,-0.261662865217556,0.44200487664839,-0.178336360246259,-0.101760692962537,-0.204564537737361,3,"RI",30000,2016,"donor_1","MD"
0.252923834367477,0.413647726602904,-0.261662865217556,0.44200487664839,-0.178336360246259,-0.101760692962537,-0.204564537737361,3,"RI",30000,2016,"donor_2","CO"
0.252923834367477,0.413647726602904,-0.261662865217556,0.44200487664839,-0.178336360246259,-0.101760692962537,-0.204564537737361,3,"RI",30000,2016,"donor_3","MI"
0.252923834367477,0.413647726602904,-0.261662865217557,0.44200487664839,-0.178336360246259,-0.101760692962537,-0.204564537737361,3,"RI",30000,2016,"donor_1","CO"
0.252923834367477,0.413647726602904,-0.261662865217557,0.44200487664839,-0.178336360246259,-0.101760692962537,-0.204564537737361,3,"RI",30000,2016,"donor_2","MI"
0.252923834367477,0.413647726602904,-0.261662865217557,0.44200487664839,-0.178336360246259,-0.101760692962537,-0.204564537737361,3,"RI",30000,2016,"donor_3","MD"
0.252923834367477,0.413647726602904,-0.261662865217557,0.44200487664839,-0.178336360246259,-0.101760692962537,-0.204564537737361,3,"RI",30000,2016,"donor_1","MD"
0.252923834367477,0.413647726602904,-0.261662865217557,0.44200487664839,-0.178336360246259,-0.101760692962537,-0.204564537737361,3,"RI",30000,2016,"donor_2","MI"
0.252923834367477,0.413647726602904,-0.261662865217557,0.44200487664839,-0.178336360246259,-0.101760692962537,-0.204564537737361,3,"RI",30000,2016,"donor_3","CO"
0.249726416053176,0.417986500603279,-0.279344352435437,0.452849589519386,-0.152635362496043,-0.122281127818822,-0.179647054983059,3,"RI",30000,2016,"donor_1","CO"
0.249726416053176,0.417986500603279,-0.279344352435437,0.452849589519386,-0.152635362496043,-0.122281127818822,-0.179647054983059,3,"RI",30000,2016,"donor_2","MD"
0.249726416053176,0.417986500603279,-0.279344352435437,0.452849589519386,-0.152635362496043,-0.122281127818822,-0.179647054983059,3,"RI",30000,2016,"donor_3","PA"
0.249726416053176,0.417986500603279,-0.279344352435437,0.452849589519386,-0.152635362496043,-0.122281127818822,-0.179647054983059,3,"RI",30000,2016,"donor_1","CO"
0.249726416053176,0.417986500603279,-0.279344352435437,0.452849589519386,-0.152635362496043,-0.122281127818822,-0.179647054983059,3,"RI",30000,2016,"donor_2","MD"
0.249726416053176,0.417986500603279,-0.279344352435437,0.452849589519386,-0.152635362496043,-0.122281127818822,-0.179647054983059,3,"RI",30000,2016,"donor_3","PA"
0.249726416053176,0.417986500603279,-0.279344352435437,0.452849589519386,-0.152635362496043,-0.122281127818822,-0.179647054983059,3,"RI",30000,2016,"donor_1","PA"
0.249726416053176,0.417986500603279,-0.279344352435437,0.452849589519386,-0.152635362496043,-0.122281127818822,-0.179647054983059,3,"RI",30000,2016,"donor_2","CO"
0.249726416053176,0.417986500603279,-0.279344352435437,0.452849589519386,-0.152635362496043,-0.122281127818822,-0.179647054983059,3,"RI",30000,2016,"donor_3","MD"
0.249726416053176,0.417986500603279,-0.279344352435437,0.452849589519386,-0.152635362496043,-0.122281127818822,-0.179647054983059,3,"RI",30000,2016,"donor_1","CO"
0.249726416053176,0.417986500603279,-0.279344352435437,0.452849589519386,-0.152635362496043,-0.122281127818822,-0.179647054983059,3,"RI",30000,2016,"donor_2","MD"
0.249726416053176,0.417986500603279,-0.279344352435437,0.452849589519386,-0.152635362496043,-0.122281127818822,-0.179647054983059,3,"RI",30000,2016,"donor_3","PA"
0.249726416053176,0.417986500603279,-0.279344352435437,0.452849589519386,-0.152635362496043,-0.122281127818822,-0.179647054983059,3,"RI",30000,2016,"donor_1","PA"
0.249726416053176,0.417986500603279,-0.279344352435437,0.452849589519386,-0.152635362496043,-0.122281127818822,-0.179647054983059,3,"RI",30000,2016,"donor_2","CO"
0.249726416053176,0.417986500603279,-0.279344352435437,0.452849589519386,-0.152635362496043,-0.122281127818822,-0.179647054983059,3,"RI",30000,2016,"donor_3","MD"
0.249726416053176,0.417986500603279,-0.279344352435437,0.452849589519386,-0.152635362496043,-0.122281127818822,-0.179647054983059,3,"RI",30000,2016,"donor_1","PA"
0.249726416053176,0.417986500603279,-0.279344352435437,0.452849589519386,-0.152635362496043,-0.122281127818822,-0.179647054983059,3,"RI",30000,2016,"donor_2","MD"
0.249726416053176,0.417986500603279,-0.279344352435437,0.452849589519386,-0.152635362496043,-0.122281127818822,-0.179647054983059,3,"RI",30000,2016,"donor_3","CO"
0.249726416053176,0.417986500603279,-0.279344352435437,0.452849589519386,-0.152635362496043,-0.122281127818822,-0.179647054983059,3,"RI",30000,2016,"donor_1","MD"
0.249726416053176,0.417986500603279,-0.279344352435437,0.452849589519386,-0.152635362496043,-0.122281127818822,-0.179647054983059,3,"RI",30000,2016,"donor_2","PA"
0.249726416053176,0.417986500603279,-0.279344352435437,0.452849589519386,-0.152635362496043,-0.122281127818822,-0.179647054983059,3,"RI",30000,2016,"donor_3","CO"
0.249726416053176,0.417986500603279,-0.279344352435437,0.452849589519386,-0.152635362496043,-0.122281127818822,-0.179647054983059,3,"RI",30000,2016,"donor_1","MD"
0.249726416053176,0.417986500603279,-0.279344352435437,0.452849589519386,-0.152635362496043,-0.122281127818822,-0.179647054983059,3,"RI",30000,2016,"donor_2","PA"
0.249726416053176,0.417986500603279,-0.279344352435437,0.452849589519386,-0.152635362496043,-0.122281127818822,-0.179647054983059,3,"RI",30000,2016,"donor_3","CO"
0.341461136018581,0.00905553994888111,0.0983247491015989,0.438791136091322,-0.115874603890661,0.101953296334818,-0.116356225742852,3,"CA",30000,2016,"donor_1","CO"
0.341461136018581,0.00905553994888111,0.0983247491015989,0.438791136091322,-0.115874603890661,0.101953296334818,-0.116356225742852,3,"CA",30000,2016,"donor_2","OH"
0.341461136018581,0.00905553994888111,0.0983247491015989,0.438791136091322,-0.115874603890661,0.101953296334818,-0.116356225742852,3,"CA",30000,2016,"donor_3","AZ"
0.341461136018581,0.00905553994888111,0.0983247491015989,0.438791136091322,-0.115874603890661,0.101953296334818,-0.116356225742852,3,"CA",30000,2016,"donor_1","OH"
0.341461136018581,0.00905553994888111,0.0983247491015989,0.438791136091322,-0.115874603890661,0.101953296334818,-0.116356225742852,3,"CA",30000,2016,"donor_2","CO"
0.341461136018581,0.00905553994888111,0.0983247491015989,0.438791136091322,-0.115874603890661,0.101953296334818,-0.116356225742852,3,"CA",30000,2016,"donor_3","AZ"
0.341461136018581,0.00905553994888111,0.0983247491015989,0.438791136091322,-0.115874603890661,0.101953296334818,-0.116356225742852,3,"CA",30000,2016,"donor_1","CO"
0.341461136018581,0.00905553994888111,0.0983247491015989,0.438791136091322,-0.115874603890661,0.101953296334818,-0.116356225742852,3,"CA",30000,2016,"donor_2","OH"
0.341461136018581,0.00905553994888111,0.0983247491015989,0.438791136091322,-0.115874603890661,0.101953296334818,-0.116356225742852,3,"CA",30000,2016,"donor_3","AZ"
0.341461136018581,0.00905553994888126,0.0983247491015989,0.438791136091322,-0.115874603890661,0.101953296334819,-0.116356225742852,3,"CA",30000,2016,"donor_1","AZ"
0.341461136018581,0.00905553994888126,0.0983247491015989,0.438791136091322,-0.115874603890661,0.101953296334819,-0.116356225742852,3,"CA",30000,2016,"donor_2","OH"
0.341461136018581,0.00905553994888126,0.0983247491015989,0.438791136091322,-0.115874603890661,0.101953296334819,-0.116356225742852,3,"CA",30000,2016,"donor_3","CO"
0.341461136018581,0.00905553994888126,0.0983247491015989,0.438791136091322,-0.115874603890661,0.101953296334819,-0.116356225742852,3,"CA",30000,2016,"donor_1","OH"
0.341461136018581,0.00905553994888126,0.0983247491015989,0.438791136091322,-0.115874603890661,0.101953296334819,-0.116356225742852,3,"CA",30000,2016,"donor_2","AZ"
0.341461136018581,0.00905553994888126,0.0983247491015989,0.438791136091322,-0.115874603890661,0.101953296334819,-0.116356225742852,3,"CA",30000,2016,"donor_3","CO"
0.341461136018581,0.00905553994888126,0.0983247491015989,0.438791136091322,-0.115874603890661,0.101953296334819,-0.116356225742852,3,"CA",30000,2016,"donor_1","OH"
0.341461136018581,0.00905553994888126,0.0983247491015989,0.438791136091322,-0.115874603890661,0.101953296334819,-0.116356225742852,3,"CA",30000,2016,"donor_2","AZ"
0.341461136018581,0.00905553994888126,0.0983247491015989,0.438791136091322,-0.115874603890661,0.101953296334819,-0.116356225742852,3,"CA",30000,2016,"donor_3","CO"
0.341461136018581,0.00905553994888126,0.0983247491015989,0.438791136091322,-0.115874603890661,0.101953296334819,-0.116356225742852,3,"CA",30000,2016,"donor_1","OH"
0.341461136018581,0.00905553994888126,0.0983247491015989,0.438791136091322,-0.115874603890661,0.101953296334819,-0.116356225742852,3,"CA",30000,2016,"donor_2","AZ"
0.341461136018581,0.00905553994888126,0.0983247491015989,0.438791136091322,-0.115874603890661,0.101953296334819,-0.116356225742852,3,"CA",30000,2016,"donor_3","CO"
0.34146113601858,0.0090555399488814,0.098324749101599,0.438791136091322,-0.115874603890661,0.101953296334818,-0.116356225742852,3,"CA",30000,2016,"donor_1","AZ"
0.34146113601858,0.0090555399488814,0.098324749101599,0.438791136091322,-0.115874603890661,0.101953296334818,-0.116356225742852,3,"CA",30000,2016,"donor_2","CO"
0.34146113601858,0.0090555399488814,0.098324749101599,0.438791136091322,-0.115874603890661,0.101953296334818,-0.116356225742852,3,"CA",30000,2016,"donor_3","OH"
0.34146113601858,0.0090555399488814,0.098324749101599,0.438791136091322,-0.115874603890661,0.101953296334818,-0.116356225742852,3,"CA",30000,2016,"donor_1","AZ"
0.34146113601858,0.0090555399488814,0.098324749101599,0.438791136091322,-0.115874603890661,0.101953296334818,-0.116356225742852,3,"CA",30000,2016,"donor_2","CO"
0.34146113601858,0.0090555399488814,0.098324749101599,0.438791136091322,-0.115874603890661,0.101953296334818,-0.116356225742852,3,"CA",30000,2016,"donor_3","OH"
0.34146113601858,0.0090555399488814,0.098324749101599,0.438791136091322,-0.115874603890661,0.101953296334818,-0.116356225742852,3,"CA",30000,2016,"donor_1","CO"
0.34146113601858,0.0090555399488814,0.098324749101599,0.438791136091322,-0.115874603890661,0.101953296334818,-0.116356225742852,3,"CA",30000,2016,"donor_2","AZ"
0.34146113601858,0.0090555399488814,0.098324749101599,0.438791136091322,-0.115874603890661,0.101953296334818,-0.116356225742852,3,"CA",30000,2016,"donor_3","OH"
0.34146113601858,0.0090555399488814,0.098324749101599,0.438791136091322,-0.115874603890661,0.101953296334818,-0.116356225742852,3,"CA",30000,2016,"donor_1","AZ"
0.34146113601858,0.0090555399488814,0.098324749101599,0.438791136091322,-0.115874603890661,0.101953296334818,-0.116356225742852,3,"CA",30000,2016,"donor_2","CO"
0.34146113601858,0.0090555399488814,0.098324749101599,0.438791136091322,-0.115874603890661,0.101953296334818,-0.116356225742852,3,"CA",30000,2016,"donor_3","OH"
0.159030657998502,0.014024024763281,0.15438219520085,0.417483192706082,-0.0978314172580391,0.152425322252585,-0.0975951151595035,3,"CA",30000,2016,"donor_1","OH"
0.159030657998502,0.014024024763281,0.15438219520085,0.417483192706082,-0.0978314172580391,0.152425322252585,-0.0975951151595035,3,"CA",30000,2016,"donor_2","CO"
0.159030657998502,0.014024024763281,0.15438219520085,0.417483192706082,-0.0978314172580391,0.152425322252585,-0.0975951151595035,3,"CA",30000,2016,"donor_3","PA"
0.159030657998502,0.014024024763281,0.15438219520085,0.417483192706082,-0.0978314172580391,0.152425322252585,-0.0975951151595035,3,"CA",30000,2016,"donor_1","PA"
0.159030657998502,0.014024024763281,0.15438219520085,0.417483192706082,-0.0978314172580391,0.152425322252585,-0.0975951151595035,3,"CA",30000,2016,"donor_2","OH"
0.159030657998502,0.014024024763281,0.15438219520085,0.417483192706082,-0.0978314172580391,0.152425322252585,-0.0975951151595035,3,"CA",30000,2016,"donor_3","CO"
0.159030657998502,0.014024024763281,0.15438219520085,0.417483192706082,-0.0978314172580391,0.152425322252585,-0.0975951151595035,3,"CA",30000,2016,"donor_1","OH"
0.159030657998502,0.014024024763281,0.15438219520085,0.417483192706082,-0.0978314172580391,0.152425322252585,-0.0975951151595035,3,"CA",30000,2016,"donor_2","CO"
0.159030657998502,0.014024024763281,0.15438219520085,0.417483192706082,-0.0978314172580391,0.152425322252585,-0.0975951151595035,3,"CA",30000,2016,"donor_3","PA"
0.159030657998502,0.014024024763281,0.15438219520085,0.417483192706082,-0.0978314172580391,0.152425322252585,-0.0975951151595035,3,"CA",30000,2016,"donor_1","OH"
0.159030657998502,0.014024024763281,0.15438219520085,0.417483192706082,-0.0978314172580391,0.152425322252585,-0.0975951151595035,3,"CA",30000,2016,"donor_2","CO"
0.159030657998502,0.014024024763281,0.15438219520085,0.417483192706082,-0.0978314172580391,0.152425322252585,-0.0975951151595035,3,"CA",30000,2016,"donor_3","PA"
0.159030657998502,0.014024024763281,0.15438219520085,0.417483192706082,-0.0978314172580391,0.152425322252585,-0.0975951151595035,3,"CA",30000,2016,"donor_1","CO"
0.159030657998502,0.014024024763281,0.15438219520085,0.417483192706082,-0.0978314172580391,0.152425322252585,-0.0975951151595035,3,"CA",30000,2016,"donor_2","OH"
0.159030657998502,0.014024024763281,0.15438219520085,0.417483192706082,-0.0978314172580391,0.152425322252585,-0.0975951151595035,3,"CA",30000,2016,"donor_3","PA"
0.159030657998502,0.014024024763281,0.15438219520085,0.417483192706082,-0.0978314172580391,0.152425322252585,-0.0975951151595035,3,"CA",30000,2016,"donor_1","OH"
0.159030657998502,0.014024024763281,0.15438219520085,0.417483192706082,-0.0978314172580391,0.152425322252585,-0.0975951151595035,3,"CA",30000,2016,"donor_2","PA"
0.159030657998502,0.014024024763281,0.15438219520085,0.417483192706082,-0.0978314172580391,0.152425322252585,-0.0975951151595035,3,"CA",30000,2016,"donor_3","CO"
0.159030657998502,0.014024024763281,0.15438219520085,0.417483192706082,-0.0978314172580391,0.152425322252585,-0.0975951151595035,3,"CA",30000,2016,"donor_1","CO"
0.159030657998502,0.014024024763281,0.15438219520085,0.417483192706082,-0.0978314172580391,0.152425322252585,-0.0975951151595035,3,"CA",30000,2016,"donor_2","OH"
0.159030657998502,0.014024024763281,0.15438219520085,0.417483192706082,-0.0978314172580391,0.152425322252585,-0.0975951151595035,3,"CA",30000,2016,"donor_3","PA"
0.159030657998502,0.014024024763281,0.15438219520085,0.417483192706082,-0.0978314172580391,0.152425322252585,-0.0975951151595035,3,"CA",30000,2016,"donor_1","OH"
0.159030657998502,0.014024024763281,0.15438219520085,0.417483192706082,-0.0978314172580391,0.152425322252585,-0.0975951151595035,3,"CA",30000,2016,"donor_2","CO"
0.159030657998502,0.014024024763281,0.15438219520085,0.417483192706082,-0.0978314172580391,0.152425322252585,-0.0975951151595035,3,"CA",30000,2016,"donor_3","PA"
0.159030657998504,0.0140240247632811,0.15438219520085,0.417483192706082,-0.0978314172580391,0.152425322252585,-0.0975951151595035,3,"CA",30000,2016,"donor_1","PA"
0.159030657998504,0.0140240247632811,0.15438219520085,0.417483192706082,-0.0978314172580391,0.152425322252585,-0.0975951151595035,3,"CA",30000,2016,"donor_2","CO"
0.159030657998504,0.0140240247632811,0.15438219520085,0.417483192706082,-0.0978314172580391,0.152425322252585,-0.0975951151595035,3,"CA",30000,2016,"donor_3","OH"
0.159030657998504,0.0140240247632811,0.15438219520085,0.417483192706082,-0.0978314172580391,0.152425322252585,-0.0975951151595035,3,"CA",30000,2016,"donor_1","CO"
0.159030657998504,0.0140240247632811,0.15438219520085,0.417483192706082,-0.0978314172580391,0.152425322252585,-0.0975951151595035,3,"CA",30000,2016,"donor_2","PA"
0.159030657998504,0.0140240247632811,0.15438219520085,0.417483192706082,-0.0978314172580391,0.152425322252585,-0.0975951151595035,3,"CA",30000,2016,"donor_3","OH"
0.0192741690501872,0.0166819426872084,0.359867897176815,0.354398515808807,-0.130427824967509,0.367132849387643,-0.13105558358465,3,"CA",30000,2016,"donor_1","IN"
0.0192741690501872,0.0166819426872084,0.359867897176815,0.354398515808807,-0.130427824967509,0.367132849387643,-0.13105558358465,3,"CA",30000,2016,"donor_2","OH"
0.0192741690501872,0.0166819426872084,0.359867897176815,0.354398515808807,-0.130427824967509,0.367132849387643,-0.13105558358465,3,"CA",30000,2016,"donor_3","CO"
0.0192741690501872,0.0166819426872084,0.359867897176815,0.354398515808807,-0.130427824967509,0.367132849387643,-0.13105558358465,3,"CA",30000,2016,"donor_1","IN"
0.0192741690501872,0.0166819426872084,0.359867897176815,0.354398515808807,-0.130427824967509,0.367132849387643,-0.13105558358465,3,"CA",30000,2016,"donor_2","CO"
0.0192741690501872,0.0166819426872084,0.359867897176815,0.354398515808807,-0.130427824967509,0.367132849387643,-0.13105558358465,3,"CA",30000,2016,"donor_3","OH"
0.0192741690501872,0.0166819426872084,0.359867897176815,0.354398515808807,-0.130427824967509,0.367132849387643,-0.13105558358465,3,"CA",30000,2016,"donor_1","OH"
0.0192741690501872,0.0166819426872084,0.359867897176815,0.354398515808807,-0.130427824967509,0.367132849387643,-0.13105558358465,3,"CA",30000,2016,"donor_2","IN"
0.0192741690501872,0.0166819426872084,0.359867897176815,0.354398515808807,-0.130427824967509,0.367132849387643,-0.13105558358465,3,"CA",30000,2016,"donor_3","CO"
0.0192741690501872,0.0166819426872084,0.359867897176815,0.354398515808807,-0.130427824967509,0.367132849387643,-0.13105558358465,3,"CA",30000,2016,"donor_1","OH"
0.0192741690501872,0.0166819426872084,0.359867897176815,0.354398515808807,-0.130427824967509,0.367132849387643,-0.13105558358465,3,"CA",30000,2016,"donor_2","IN"
0.0192741690501872,0.0166819426872084,0.359867897176815,0.354398515808807,-0.130427824967509,0.367132849387643,-0.13105558358465,3,"CA",30000,2016,"donor_3","CO"
0.0192741690501872,0.0166819426872084,0.359867897176815,0.354398515808807,-0.130427824967509,0.367132849387643,-0.13105558358465,3,"CA",30000,2016,"donor_1","IN"
0.0192741690501872,0.0166819426872084,0.359867897176815,0.354398515808807,-0.130427824967509,0.367132849387643,-0.13105558358465,3,"CA",30000,2016,"donor_2","OH"
0.0192741690501872,0.0166819426872084,0.359867897176815,0.354398515808807,-0.130427824967509,0.367132849387643,-0.13105558358465,3,"CA",30000,2016,"donor_3","CO"
0.0192741690501872,0.0166819426872084,0.359867897176815,0.354398515808807,-0.130427824967509,0.367132849387643,-0.13105558358465,3,"CA",30000,2016,"donor_1","IN"
0.0192741690501872,0.0166819426872084,0.359867897176815,0.354398515808807,-0.130427824967509,0.367132849387643,-0.13105558358465,3,"CA",30000,2016,"donor_2","CO"
0.0192741690501872,0.0166819426872084,0.359867897176815,0.354398515808807,-0.130427824967509,0.367132849387643,-0.13105558358465,3,"CA",30000,2016,"donor_3","OH"
0.019274169050194,0.0166819426872084,0.359867897176815,0.354398515808807,-0.130427824967509,0.367132849387643,-0.13105558358465,3,"CA",30000,2016,"donor_1","OH"
0.019274169050194,0.0166819426872084,0.359867897176815,0.354398515808807,-0.130427824967509,0.367132849387643,-0.13105558358465,3,"CA",30000,2016,"donor_2","CO"
0.019274169050194,0.0166819426872084,0.359867897176815,0.354398515808807,-0.130427824967509,0.367132849387643,-0.13105558358465,3,"CA",30000,2016,"donor_3","IN"
0.0192741690501872,0.0166819426872084,0.359867897176815,0.354398515808807,-0.130427824967509,0.367132849387643,-0.13105558358465,3,"CA",30000,2016,"donor_1","CO"
0.0192741690501872,0.0166819426872084,0.359867897176815,0.354398515808807,-0.130427824967509,0.367132849387643,-0.13105558358465,3,"CA",30000,2016,"donor_2","IN"
0.0192741690501872,0.0166819426872084,0.359867897176815,0.354398515808807,-0.130427824967509,0.367132849387643,-0.13105558358465,3,"CA",30000,2016,"donor_3","OH"
0.0192741690501872,0.0166819426872084,0.359867897176815,0.354398515808807,-0.130427824967509,0.367132849387643,-0.13105558358465,3,"CA",30000,2016,"donor_1","IN"
0.0192741690501872,0.0166819426872084,0.359867897176815,0.354398515808807,-0.130427824967509,0.367132849387643,-0.13105558358465,3,"CA",30000,2016,"donor_2","OH"
0.0192741690501872,0.0166819426872084,0.359867897176815,0.354398515808807,-0.130427824967509,0.367132849387643,-0.13105558358465,3,"CA",30000,2016,"donor_3","CO"
0.0192741690501872,0.0166819426872084,0.359867897176815,0.354398515808807,-0.130427824967509,0.367132849387643,-0.13105558358465,3,"CA",30000,2016,"donor_1","IN"
0.0192741690501872,0.0166819426872084,0.359867897176815,0.354398515808807,-0.130427824967509,0.367132849387643,-0.13105558358465,3,"CA",30000,2016,"donor_2","CO"
0.0192741690501872,0.0166819426872084,0.359867897176815,0.354398515808807,-0.130427824967509,0.367132849387643,-0.13105558358465,3,"CA",30000,2016,"donor_3","OH"
0.0192741690501872,0.0166819426872084,0.359867897176815,0.354398515808807,-0.130427824967509,0.367132849387643,-0.13105558358465,3,"CA",30000,2016,"donor_1","IN"
0.0192741690501872,0.0166819426872084,0.359867897176815,0.354398515808807,-0.130427824967509,0.367132849387643,-0.13105558358465,3,"CA",30000,2016,"donor_2","OH"
0.0192741690501872,0.0166819426872084,0.359867897176815,0.354398515808807,-0.130427824967509,0.367132849387643,-0.13105558358465,3,"CA",30000,2016,"donor_3","CO"
0.0192741690501872,0.0166819426872084,0.359867897176815,0.354398515808807,-0.130427824967509,0.367132849387643,-0.13105558358465,3,"CA",30000,2016,"donor_1","IN"
0.0192741690501872,0.0166819426872084,0.359867897176815,0.354398515808807,-0.130427824967509,0.367132849387643,-0.13105558358465,3,"CA",30000,2016,"donor_2","CO"
0.0192741690501872,0.0166819426872084,0.359867897176815,0.354398515808807,-0.130427824967509,0.367132849387643,-0.13105558358465,3,"CA",30000,2016,"donor_3","OH"
0.435439344404654,0.020654916380903,0.134122333876342,0.424941075631841,-0.166621543136367,0.127388914029411,-0.165775545026094,3,"CA",30000,2016,"donor_1","OH"
0.435439344404654,0.020654916380903,0.134122333876342,0.424941075631841,-0.166621543136367,0.127388914029411,-0.165775545026094,3,"CA",30000,2016,"donor_2","NC"
0.435439344404654,0.020654916380903,0.134122333876342,0.424941075631841,-0.166621543136367,0.127388914029411,-0.165775545026094,3,"CA",30000,2016,"donor_3","CO"
0.435439344404654,0.020654916380903,0.134122333876342,0.424941075631841,-0.166621543136367,0.127388914029411,-0.165775545026094,3,"CA",30000,2016,"donor_1","NC"
0.435439344404654,0.020654916380903,0.134122333876342,0.424941075631841,-0.166621543136367,0.127388914029411,-0.165775545026094,3,"CA",30000,2016,"donor_2","OH"
0.435439344404654,0.020654916380903,0.134122333876342,0.424941075631841,-0.166621543136367,0.127388914029411,-0.165775545026094,3,"CA",30000,2016,"donor_3","CO"
0.435439344404654,0.020654916380903,0.134122333876342,0.424941075631841,-0.166621543136367,0.127388914029411,-0.165775545026094,3,"CA",30000,2016,"donor_1","NC"
0.435439344404654,0.020654916380903,0.134122333876342,0.424941075631841,-0.166621543136367,0.127388914029411,-0.165775545026094,3,"CA",30000,2016,"donor_2","CO"
0.435439344404654,0.020654916380903,0.134122333876342,0.424941075631841,-0.166621543136367,0.127388914029411,-0.165775545026094,3,"CA",30000,2016,"donor_3","OH"
0.435439344404654,0.020654916380903,0.134122333876342,0.424941075631841,-0.166621543136367,0.127388914029411,-0.165775545026094,3,"CA",30000,2016,"donor_1","OH"
0.435439344404654,0.020654916380903,0.134122333876342,0.424941075631841,-0.166621543136367,0.127388914029411,-0.165775545026094,3,"CA",30000,2016,"donor_2","NC"
0.435439344404654,0.020654916380903,0.134122333876342,0.424941075631841,-0.166621543136367,0.127388914029411,-0.165775545026094,3,"CA",30000,2016,"donor_3","CO"
0.435439344404654,0.020654916380903,0.134122333876342,0.424941075631841,-0.166621543136367,0.127388914029411,-0.165775545026094,3,"CA",30000,2016,"donor_1","NC"
0.435439344404654,0.020654916380903,0.134122333876342,0.424941075631841,-0.166621543136367,0.127388914029411,-0.165775545026094,3,"CA",30000,2016,"donor_2","OH"
0.435439344404654,0.020654916380903,0.134122333876342,0.424941075631841,-0.166621543136367,0.127388914029411,-0.165775545026094,3,"CA",30000,2016,"donor_3","CO"
0.435439344404654,0.020654916380903,0.134122333876342,0.424941075631841,-0.166621543136367,0.127388914029411,-0.165775545026094,3,"CA",30000,2016,"donor_1","OH"
0.435439344404654,0.020654916380903,0.134122333876342,0.424941075631841,-0.166621543136367,0.127388914029411,-0.165775545026094,3,"CA",30000,2016,"donor_2","NC"
0.435439344404654,0.020654916380903,0.134122333876342,0.424941075631841,-0.166621543136367,0.127388914029411,-0.165775545026094,3,"CA",30000,2016,"donor_3","CO"
0.435439344404657,0.020654916380903,0.134122333876342,0.424941075631841,-0.166621543136367,0.127388914029411,-0.165775545026094,3,"CA",30000,2016,"donor_1","OH"
0.435439344404657,0.020654916380903,0.134122333876342,0.424941075631841,-0.166621543136367,0.127388914029411,-0.165775545026094,3,"CA",30000,2016,"donor_2","CO"
0.435439344404657,0.020654916380903,0.134122333876342,0.424941075631841,-0.166621543136367,0.127388914029411,-0.165775545026094,3,"CA",30000,2016,"donor_3","NC"
0.435439344404657,0.020654916380903,0.134122333876342,0.424941075631841,-0.166621543136367,0.127388914029411,-0.165775545026094,3,"CA",30000,2016,"donor_1","CO"
0.435439344404657,0.020654916380903,0.134122333876342,0.424941075631841,-0.166621543136367,0.127388914029411,-0.165775545026094,3,"CA",30000,2016,"donor_2","OH"
0.435439344404657,0.020654916380903,0.134122333876342,0.424941075631841,-0.166621543136367,0.127388914029411,-0.165775545026094,3,"CA",30000,2016,"donor_3","NC"
0.435439344404657,0.020654916380903,0.134122333876342,0.424941075631841,-0.166621543136367,0.127388914029411,-0.165775545026094,3,"CA",30000,2016,"donor_1","CO"
0.435439344404657,0.020654916380903,0.134122333876342,0.424941075631841,-0.166621543136367,0.127388914029411,-0.165775545026094,3,"CA",30000,2016,"donor_2","OH"
0.435439344404657,0.020654916380903,0.134122333876342,0.424941075631841,-0.166621543136367,0.127388914029411,-0.165775545026094,3,"CA",30000,2016,"donor_3","NC"
0.435439344404657,0.020654916380903,0.134122333876342,0.424941075631841,-0.166621543136367,0.127388914029411,-0.165775545026094,3,"CA",30000,2016,"donor_1","CO"
0.435439344404657,0.020654916380903,0.134122333876342,0.424941075631841,-0.166621543136367,0.127388914029411,-0.165775545026094,3,"CA",30000,2016,"donor_2","OH"
0.435439344404657,0.020654916380903,0.134122333876342,0.424941075631841,-0.166621543136367,0.127388914029411,-0.165775545026094,3,"CA",30000,2016,"donor_3","NC"
0.470067098803738,0.0212976346983186,0.178837484329968,0.408822395675203,-0.0999041904629095,0.184195456178561,-0.100520771922125,3,"CA",30000,2016,"donor_1","WI"
0.470067098803738,0.0212976346983186,0.178837484329968,0.408822395675203,-0.0999041904629095,0.184195456178561,-0.100520771922125,3,"CA",30000,2016,"donor_2","CO"
0.470067098803738,0.0212976346983186,0.178837484329968,0.408822395675203,-0.0999041904629095,0.184195456178561,-0.100520771922125,3,"CA",30000,2016,"donor_3","OH"
0.470067098803738,0.0212976346983186,0.178837484329968,0.408822395675203,-0.0999041904629095,0.184195456178561,-0.100520771922125,3,"CA",30000,2016,"donor_1","CO"
0.470067098803738,0.0212976346983186,0.178837484329968,0.408822395675203,-0.0999041904629095,0.184195456178561,-0.100520771922125,3,"CA",30000,2016,"donor_2","WI"
0.470067098803738,0.0212976346983186,0.178837484329968,0.408822395675203,-0.0999041904629095,0.184195456178561,-0.100520771922125,3,"CA",30000,2016,"donor_3","OH"
0.470067098803739,0.0212976346983186,0.178837484329968,0.408822395675203,-0.0999041904629095,0.184195456178561,-0.100520771922125,3,"CA",30000,2016,"donor_1","OH"
0.470067098803739,0.0212976346983186,0.178837484329968,0.408822395675203,-0.0999041904629095,0.184195456178561,-0.100520771922125,3,"CA",30000,2016,"donor_2","CO"
0.470067098803739,0.0212976346983186,0.178837484329968,0.408822395675203,-0.0999041904629095,0.184195456178561,-0.100520771922125,3,"CA",30000,2016,"donor_3","WI"
0.470067098803738,0.0212976346983186,0.178837484329968,0.408822395675203,-0.0999041904629095,0.184195456178561,-0.100520771922125,3,"CA",30000,2016,"donor_1","CO"
0.470067098803738,0.0212976346983186,0.178837484329968,0.408822395675203,-0.0999041904629095,0.184195456178561,-0.100520771922125,3,"CA",30000,2016,"donor_2","WI"
0.470067098803738,0.0212976346983186,0.178837484329968,0.408822395675203,-0.0999041904629095,0.184195456178561,-0.100520771922125,3,"CA",30000,2016,"donor_3","OH"
0.470067098803739,0.0212976346983186,0.178837484329968,0.408822395675203,-0.0999041904629095,0.184195456178561,-0.100520771922125,3,"CA",30000,2016,"donor_1","CO"
0.470067098803739,0.0212976346983186,0.178837484329968,0.408822395675203,-0.0999041904629095,0.184195456178561,-0.100520771922125,3,"CA",30000,2016,"donor_2","OH"
0.470067098803739,0.0212976346983186,0.178837484329968,0.408822395675203,-0.0999041904629095,0.184195456178561,-0.100520771922125,3,"CA",30000,2016,"donor_3","WI"
0.470067098803737,0.0212976346983188,0.178837484329968,0.408822395675203,-0.0999041904629095,0.184195456178561,-0.100520771922125,3,"CA",30000,2016,"donor_1","OH"
0.470067098803737,0.0212976346983188,0.178837484329968,0.408822395675203,-0.0999041904629095,0.184195456178561,-0.100520771922125,3,"CA",30000,2016,"donor_2","WI"
0.470067098803737,0.0212976346983188,0.178837484329968,0.408822395675203,-0.0999041904629095,0.184195456178561,-0.100520771922125,3,"CA",30000,2016,"donor_3","CO"
0.470067098803737,0.0212976346983188,0.178837484329968,0.408822395675203,-0.0999041904629095,0.184195456178561,-0.100520771922125,3,"CA",30000,2016,"donor_1","OH"
0.470067098803737,0.0212976346983188,0.178837484329968,0.408822395675203,-0.0999041904629095,0.184195456178561,-0.100520771922125,3,"CA",30000,2016,"donor_2","WI"
0.470067098803737,0.0212976346983188,0.178837484329968,0.408822395675203,-0.0999041904629095,0.184195456178561,-0.100520771922125,3,"CA",30000,2016,"donor_3","CO"
0.465808956733992,0.00207035797242558,-0.0663741322115978,0.620724287551089,-0.17436649782725,-0.0654729726808771,-0.174516138124246,7,"VT",70000,2015,"donor_1","MN"
0.465808956733992,0.00207035797242558,-0.0663741322115978,0.620724287551089,-0.17436649782725,-0.0654729726808771,-0.174516138124246,7,"VT",70000,2015,"donor_2","OR"
0.465808956733992,0.00207035797242558,-0.0663741322115978,0.620724287551089,-0.17436649782725,-0.0654729726808771,-0.174516138124246,7,"VT",70000,2015,"donor_3","IA"
0.465808956733992,0.00207035797242558,-0.0663741322115978,0.620724287551089,-0.17436649782725,-0.0654729726808771,-0.174516138124246,7,"VT",70000,2015,"donor_4","NY"
0.465808956733992,0.00207035797242558,-0.0663741322115978,0.620724287551089,-0.17436649782725,-0.0654729726808771,-0.174516138124246,7,"VT",70000,2015,"donor_5","TN"
0.465808956733992,0.00207035797242558,-0.0663741322115978,0.620724287551089,-0.17436649782725,-0.0654729726808771,-0.174516138124246,7,"VT",70000,2015,"donor_6","CO"
0.465808956733992,0.00207035797242558,-0.0663741322115978,0.620724287551089,-0.17436649782725,-0.0654729726808771,-0.174516138124246,7,"VT",70000,2015,"donor_7","MD"
0.33285759142216,0.00301904018566745,-0.0684391290103257,0.622100250954666,-0.150637155927722,-0.0684957655169645,-0.150627699828735,7,"VT",70000,2015,"donor_1","OR"
0.33285759142216,0.00301904018566745,-0.0684391290103257,0.622100250954666,-0.150637155927722,-0.0684957655169645,-0.150627699828735,7,"VT",70000,2015,"donor_2","IA"
0.33285759142216,0.00301904018566745,-0.0684391290103257,0.622100250954666,-0.150637155927722,-0.0684957655169645,-0.150627699828735,7,"VT",70000,2015,"donor_3","WA"
0.33285759142216,0.00301904018566745,-0.0684391290103257,0.622100250954666,-0.150637155927722,-0.0684957655169645,-0.150627699828735,7,"VT",70000,2015,"donor_4","WI"
0.33285759142216,0.00301904018566745,-0.0684391290103257,0.622100250954666,-0.150637155927722,-0.0684957655169645,-0.150627699828735,7,"VT",70000,2015,"donor_5","TN"
0.33285759142216,0.00301904018566745,-0.0684391290103257,0.622100250954666,-0.150637155927722,-0.0684957655169645,-0.150627699828735,7,"VT",70000,2015,"donor_6","CO"
0.33285759142216,0.00301904018566745,-0.0684391290103257,0.622100250954666,-0.150637155927722,-0.0684957655169645,-0.150627699828735,7,"VT",70000,2015,"donor_7","MD"
0.290860060816477,0.0036763374911907,-0.246728557592116,0.769343186261959,-0.142640790714852,-0.245711222934212,-0.142900200476406,7,"VT",70000,2015,"donor_1","IA"
0.290860060816477,0.0036763374911907,-0.246728557592116,0.769343186261959,-0.142640790714852,-0.245711222934212,-0.142900200476406,7,"VT",70000,2015,"donor_2","OK"
0.290860060816477,0.0036763374911907,-0.246728557592116,0.769343186261959,-0.142640790714852,-0.245711222934212,-0.142900200476406,7,"VT",70000,2015,"donor_3","CO"
0.290860060816477,0.0036763374911907,-0.246728557592116,0.769343186261959,-0.142640790714852,-0.245711222934212,-0.142900200476406,7,"VT",70000,2015,"donor_4","OR"
0.290860060816477,0.0036763374911907,-0.246728557592116,0.769343186261959,-0.142640790714852,-0.245711222934212,-0.142900200476406,7,"VT",70000,2015,"donor_5","WA"
0.290860060816477,0.0036763374911907,-0.246728557592116,0.769343186261959,-0.142640790714852,-0.245711222934212,-0.142900200476406,7,"VT",70000,2015,"donor_6","AL"
0.290860060816477,0.0036763374911907,-0.246728557592116,0.769343186261959,-0.142640790714852,-0.245711222934212,-0.142900200476406,7,"VT",70000,2015,"donor_7","MI"
0.220826982031912,0.011476913504674,-0.217446866855001,0.740555787302488,-0.140405780684073,-0.214590684847091,-0.141079048136705,7,"VT",70000,2015,"donor_1","CO"
0.220826982031912,0.011476913504674,-0.217446866855001,0.740555787302488,-0.140405780684073,-0.214590684847091,-0.141079048136705,7,"VT",70000,2015,"donor_2","WA"
0.220826982031912,0.011476913504674,-0.217446866855001,0.740555787302488,-0.140405780684073,-0.214590684847091,-0.141079048136705,7,"VT",70000,2015,"donor_3","NC"
0.220826982031912,0.011476913504674,-0.217446866855001,0.740555787302488,-0.140405780684073,-0.214590684847091,-0.141079048136705,7,"VT",70000,2015,"donor_4","AZ"
0.220826982031912,0.011476913504674,-0.217446866855001,0.740555787302488,-0.140405780684073,-0.214590684847091,-0.141079048136705,7,"VT",70000,2015,"donor_5","NY"
0.220826982031912,0.011476913504674,-0.217446866855001,0.740555787302488,-0.140405780684073,-0.214590684847091,-0.141079048136705,7,"VT",70000,2015,"donor_6","IA"
0.220826982031912,0.011476913504674,-0.217446866855001,0.740555787302488,-0.140405780684073,-0.214590684847091,-0.141079048136705,7,"VT",70000,2015,"donor_7","AL"
0.225787015992685,0.0143327881887059,-0.0516849260754263,0.611109395555508,-0.174045978759247,-0.0451990679970233,-0.17508377854481,7,"VT",70000,2015,"donor_1","NY"
0.225787015992685,0.0143327881887059,-0.0516849260754263,0.611109395555508,-0.174045978759247,-0.0451990679970233,-0.17508377854481,7,"VT",70000,2015,"donor_2","MN"
0.225787015992685,0.0143327881887059,-0.0516849260754263,0.611109395555508,-0.174045978759247,-0.0451990679970233,-0.17508377854481,7,"VT",70000,2015,"donor_3","CO"
0.225787015992685,0.0143327881887059,-0.0516849260754263,0.611109395555508,-0.174045978759247,-0.0451990679970233,-0.17508377854481,7,"VT",70000,2015,"donor_4","TN"
0.225787015992685,0.0143327881887059,-0.0516849260754263,0.611109395555508,-0.174045978759247,-0.0451990679970233,-0.17508377854481,7,"VT",70000,2015,"donor_5","MD"
0.225787015992685,0.0143327881887059,-0.0516849260754263,0.611109395555508,-0.174045978759247,-0.0451990679970233,-0.17508377854481,7,"VT",70000,2015,"donor_6","IA"
0.225787015992685,0.0143327881887059,-0.0516849260754263,0.611109395555508,-0.174045978759247,-0.0451990679970233,-0.17508377854481,7,"VT",70000,2015,"donor_7","PA"
0.117319502728102,0.0147723128096067,-0.0691579251072587,0.622580636666,-0.188499111664799,-0.0627833107146241,-0.18955775464791,7,"VT",70000,2015,"donor_1","CO"
0.117319502728102,0.0147723128096067,-0.0691579251072587,0.622580636666,-0.188499111664799,-0.0627833107146241,-0.18955775464791,7,"VT",70000,2015,"donor_2","MI"
0.117319502728102,0.0147723128096067,-0.0691579251072587,0.622580636666,-0.188499111664799,-0.0627833107146241,-0.18955775464791,7,"VT",70000,2015,"donor_3","WA"
0.117319502728102,0.0147723128096067,-0.0691579251072587,0.622580636666,-0.188499111664799,-0.0627833107146241,-0.18955775464791,7,"VT",70000,2015,"donor_4","IA"
0.117319502728102,0.0147723128096067,-0.0691579251072587,0.622580636666,-0.188499111664799,-0.0627833107146241,-0.18955775464791,7,"VT",70000,2015,"donor_5","GA"
0.117319502728102,0.0147723128096067,-0.0691579251072587,0.622580636666,-0.188499111664799,-0.0627833107146241,-0.18955775464791,7,"VT",70000,2015,"donor_6","MD"
0.117319502728102,0.0147723128096067,-0.0691579251072587,0.622580636666,-0.188499111664799,-0.0627833107146241,-0.18955775464791,7,"VT",70000,2015,"donor_7","TN"
0.535087660643953,0.014879410719541,-0.13761133237492,0.671998918095905,-0.195334543220975,-0.131993088361612,-0.196421934878783,7,"VT",70000,2015,"donor_1","WA"
0.535087660643953,0.014879410719541,-0.13761133237492,0.671998918095905,-0.195334543220975,-0.131993088361612,-0.196421934878783,7,"VT",70000,2015,"donor_2","KY"
0.535087660643953,0.014879410719541,-0.13761133237492,0.671998918095905,-0.195334543220975,-0.131993088361612,-0.196421934878783,7,"VT",70000,2015,"donor_3","CO"
0.535087660643953,0.014879410719541,-0.13761133237492,0.671998918095905,-0.195334543220975,-0.131993088361612,-0.196421934878783,7,"VT",70000,2015,"donor_4","NC"
0.535087660643953,0.014879410719541,-0.13761133237492,0.671998918095905,-0.195334543220975,-0.131993088361612,-0.196421934878783,7,"VT",70000,2015,"donor_5","IA"
0.535087660643953,0.014879410719541,-0.13761133237492,0.671998918095905,-0.195334543220975,-0.131993088361612,-0.196421934878783,7,"VT",70000,2015,"donor_6","TN"
0.535087660643953,0.014879410719541,-0.13761133237492,0.671998918095905,-0.195334543220975,-0.131993088361612,-0.196421934878783,7,"VT",70000,2015,"donor_7","MD"
0.355627076896472,0.0154479199306688,-0.0202296551774226,0.591489888099407,-0.165743505520882,-0.0272980658424846,-0.164668948843625,7,"VT",70000,2015,"donor_1","WI"
0.355627076896472,0.0154479199306688,-0.0202296551774226,0.591489888099407,-0.165743505520882,-0.0272980658424846,-0.164668948843625,7,"VT",70000,2015,"donor_2","NY"
0.355627076896472,0.0154479199306688,-0.0202296551774226,0.591489888099407,-0.165743505520882,-0.0272980658424846,-0.164668948843625,7,"VT",70000,2015,"donor_3","MI"
0.355627076896472,0.0154479199306688,-0.0202296551774226,0.591489888099407,-0.165743505520882,-0.0272980658424846,-0.164668948843625,7,"VT",70000,2015,"donor_4","IA"
0.355627076896472,0.0154479199306688,-0.0202296551774226,0.591489888099407,-0.165743505520882,-0.0272980658424846,-0.164668948843625,7,"VT",70000,2015,"donor_5","MD"
0.355627076896472,0.0154479199306688,-0.0202296551774226,0.591489888099407,-0.165743505520882,-0.0272980658424846,-0.164668948843625,7,"VT",70000,2015,"donor_6","TN"
0.355627076896472,0.0154479199306688,-0.0202296551774226,0.591489888099407,-0.165743505520882,-0.0272980658424846,-0.164668948843625,7,"VT",70000,2015,"donor_7","CO"
0.703181603226323,0.0183961425907768,-0.0714119452883771,0.624091865797474,-0.154958672876941,-0.0634124029779118,-0.156291289628951,7,"VT",70000,2015,"donor_1","IL"
0.703181603226323,0.0183961425907768,-0.0714119452883771,0.624091865797474,-0.154958672876941,-0.0634124029779118,-0.156291289628951,7,"VT",70000,2015,"donor_2","MD"
0.703181603226323,0.0183961425907768,-0.0714119452883771,0.624091865797474,-0.154958672876941,-0.0634124029779118,-0.156291289628951,7,"VT",70000,2015,"donor_3","IA"
0.703181603226323,0.0183961425907768,-0.0714119452883771,0.624091865797474,-0.154958672876941,-0.0634124029779118,-0.156291289628951,7,"VT",70000,2015,"donor_4","WI"
0.703181603226323,0.0183961425907768,-0.0714119452883771,0.624091865797474,-0.154958672876941,-0.0634124029779118,-0.156291289628951,7,"VT",70000,2015,"donor_5","WA"
0.703181603226323,0.0183961425907768,-0.0714119452883771,0.624091865797474,-0.154958672876941,-0.0634124029779118,-0.156291289628951,7,"VT",70000,2015,"donor_6","CO"
0.703181603226323,0.0183961425907768,-0.0714119452883771,0.624091865797474,-0.154958672876941,-0.0634124029779118,-0.156291289628951,7,"VT",70000,2015,"donor_7","TN"
0.366589258587824,0.0187845121681174,-0.220014242362108,0.742993376414018,-0.184931987987144,-0.21808026947721,-0.185391411438028,7,"VT",70000,2015,"donor_1","TX"
0.366589258587824,0.0187845121681174,-0.220014242362108,0.742993376414018,-0.184931987987144,-0.21808026947721,-0.185391411438028,7,"VT",70000,2015,"donor_2","WI"
0.366589258587824,0.0187845121681174,-0.220014242362108,0.742993376414018,-0.184931987987144,-0.21808026947721,-0.185391411438028,7,"VT",70000,2015,"donor_3","TN"
0.366589258587824,0.0187845121681174,-0.220014242362108,0.742993376414018,-0.184931987987144,-0.21808026947721,-0.185391411438028,7,"VT",70000,2015,"donor_4","IA"
0.366589258587824,0.0187845121681174,-0.220014242362108,0.742993376414018,-0.184931987987144,-0.21808026947721,-0.185391411438028,7,"VT",70000,2015,"donor_5","CO"
0.366589258587824,0.0187845121681174,-0.220014242362108,0.742993376414018,-0.184931987987144,-0.21808026947721,-0.185391411438028,7,"VT",70000,2015,"donor_6","AL"
0.366589258587824,0.0187845121681174,-0.220014242362108,0.742993376414018,-0.184931987987144,-0.21808026947721,-0.185391411438028,7,"VT",70000,2015,"donor_7","OK"
0.610732346751799,0.0215395476828887,-0.088878800027368,0.636056159860654,-0.152989986255676,-0.0798030546215235,-0.154558314590091,7,"VT",70000,2015,"donor_1","WI"
0.610732346751799,0.0215395476828887,-0.088878800027368,0.636056159860654,-0.152989986255676,-0.0798030546215235,-0.154558314590091,7,"VT",70000,2015,"donor_2","IL"
0.610732346751799,0.0215395476828887,-0.088878800027368,0.636056159860654,-0.152989986255676,-0.0798030546215235,-0.154558314590091,7,"VT",70000,2015,"donor_3","IA"
0.610732346751799,0.0215395476828887,-0.088878800027368,0.636056159860654,-0.152989986255676,-0.0798030546215235,-0.154558314590091,7,"VT",70000,2015,"donor_4","OR"
0.610732346751799,0.0215395476828887,-0.088878800027368,0.636056159860654,-0.152989986255676,-0.0798030546215235,-0.154558314590091,7,"VT",70000,2015,"donor_5","MD"
0.610732346751799,0.0215395476828887,-0.088878800027368,0.636056159860654,-0.152989986255676,-0.0798030546215235,-0.154558314590091,7,"VT",70000,2015,"donor_6","CO"
0.610732346751799,0.0215395476828887,-0.088878800027368,0.636056159860654,-0.152989986255676,-0.0798030546215235,-0.154558314590091,7,"VT",70000,2015,"donor_7","TN"
0.00333957842407884,0.0222962800239342,-0.144028195261237,0.677036613138316,-0.196338593776145,-0.135770145953702,-0.197955930213936,7,"VT",70000,2015,"donor_1","MN"
0.00333957842407884,0.0222962800239342,-0.144028195261237,0.677036613138316,-0.196338593776145,-0.135770145953702,-0.197955930213936,7,"VT",70000,2015,"donor_2","MD"
0.00333957842407884,0.0222962800239342,-0.144028195261237,0.677036613138316,-0.196338593776145,-0.135770145953702,-0.197955930213936,7,"VT",70000,2015,"donor_3","KY"
0.00333957842407884,0.0222962800239342,-0.144028195261237,0.677036613138316,-0.196338593776145,-0.135770145953702,-0.197955930213936,7,"VT",70000,2015,"donor_4","MI"
0.00333957842407884,0.0222962800239342,-0.144028195261237,0.677036613138316,-0.196338593776145,-0.135770145953702,-0.197955930213936,7,"VT",70000,2015,"donor_5","IA"
0.00333957842407884,0.0222962800239342,-0.144028195261237,0.677036613138316,-0.196338593776145,-0.135770145953702,-0.197955930213936,7,"VT",70000,2015,"donor_6","CO"
0.00333957842407884,0.0222962800239342,-0.144028195261237,0.677036613138316,-0.196338593776145,-0.135770145953702,-0.197955930213936,7,"VT",70000,2015,"donor_7","TN"
0.472954970707139,0.0252159889181201,-0.128055663200192,0.664634457916409,-0.209983859746376,-0.118098390713433,-0.211859904174653,7,"VT",70000,2015,"donor_1","MD"
0.472954970707139,0.0252159889181201,-0.128055663200192,0.664634457916409,-0.209983859746376,-0.118098390713433,-0.211859904174653,7,"VT",70000,2015,"donor_2","IA"
0.472954970707139,0.0252159889181201,-0.128055663200192,0.664634457916409,-0.209983859746376,-0.118098390713433,-0.211859904174653,7,"VT",70000,2015,"donor_3","TN"
0.472954970707139,0.0252159889181201,-0.128055663200192,0.664634457916409,-0.209983859746376,-0.118098390713433,-0.211859904174653,7,"VT",70000,2015,"donor_4","CO"
0.472954970707139,0.0252159889181201,-0.128055663200192,0.664634457916409,-0.209983859746376,-0.118098390713433,-0.211859904174653,7,"VT",70000,2015,"donor_5","FL"
0.472954970707139,0.0252159889181201,-0.128055663200192,0.664634457916409,-0.209983859746376,-0.118098390713433,-0.211859904174653,7,"VT",70000,2015,"donor_6","NC"
0.472954970707139,0.0252159889181201,-0.128055663200192,0.664634457916409,-0.209983859746376,-0.118098390713433,-0.211859904174653,7,"VT",70000,2015,"donor_7","IL"
0.472954970707139,0.0252159889181201,-0.128055663200192,0.664634457916409,-0.209983859746376,-0.118098390713433,-0.211859904174653,7,"VT",70000,2015,"donor_1","MD"
0.472954970707139,0.0252159889181201,-0.128055663200192,0.664634457916409,-0.209983859746376,-0.118098390713433,-0.211859904174653,7,"VT",70000,2015,"donor_2","IA"
0.472954970707139,0.0252159889181201,-0.128055663200192,0.664634457916409,-0.209983859746376,-0.118098390713433,-0.211859904174653,7,"VT",70000,2015,"donor_3","TN"
0.472954970707139,0.0252159889181201,-0.128055663200192,0.664634457916409,-0.209983859746376,-0.118098390713433,-0.211859904174653,7,"VT",70000,2015,"donor_4","FL"
0.472954970707139,0.0252159889181201,-0.128055663200192,0.664634457916409,-0.209983859746376,-0.118098390713433,-0.211859904174653,7,"VT",70000,2015,"donor_5","CO"
0.472954970707139,0.0252159889181201,-0.128055663200192,0.664634457916409,-0.209983859746376,-0.118098390713433,-0.211859904174653,7,"VT",70000,2015,"donor_6","IL"
0.472954970707139,0.0252159889181201,-0.128055663200192,0.664634457916409,-0.209983859746376,-0.118098390713433,-0.211859904174653,7,"VT",70000,2015,"donor_7","NC"
0.783191162456025,0.026241699208715,-0.25171251653593,0.774467386437381,-0.174694608425654,-0.244208491226036,-0.17661697153838,7,"VT",70000,2015,"donor_1","IL"
0.783191162456025,0.026241699208715,-0.25171251653593,0.774467386437381,-0.174694608425654,-0.244208491226036,-0.17661697153838,7,"VT",70000,2015,"donor_2","NC"
0.783191162456025,0.026241699208715,-0.25171251653593,0.774467386437381,-0.174694608425654,-0.244208491226036,-0.17661697153838,7,"VT",70000,2015,"donor_3","MI"
0.783191162456025,0.026241699208715,-0.25171251653593,0.774467386437381,-0.174694608425654,-0.244208491226036,-0.17661697153838,7,"VT",70000,2015,"donor_4","CO"
0.783191162456025,0.026241699208715,-0.25171251653593,0.774467386437381,-0.174694608425654,-0.244208491226036,-0.17661697153838,7,"VT",70000,2015,"donor_5","OK"
0.783191162456025,0.026241699208715,-0.25171251653593,0.774467386437381,-0.174694608425654,-0.244208491226036,-0.17661697153838,7,"VT",70000,2015,"donor_6","IA"
0.783191162456025,0.026241699208715,-0.25171251653593,0.774467386437381,-0.174694608425654,-0.244208491226036,-0.17661697153838,7,"VT",70000,2015,"donor_7","AL"
0.390563540075156,0.0265814020930258,-0.129118994414545,0.665445965528476,-0.20616485986909,-0.118861693338029,-0.208101468335369,7,"VT",70000,2015,"donor_1","FL"
0.390563540075156,0.0265814020930258,-0.129118994414545,0.665445965528476,-0.20616485986909,-0.118861693338029,-0.208101468335369,7,"VT",70000,2015,"donor_2","MI"
0.390563540075156,0.0265814020930258,-0.129118994414545,0.665445965528476,-0.20616485986909,-0.118861693338029,-0.208101468335369,7,"VT",70000,2015,"donor_3","NC"
0.390563540075156,0.0265814020930258,-0.129118994414545,0.665445965528476,-0.20616485986909,-0.118861693338029,-0.208101468335369,7,"VT",70000,2015,"donor_4","IA"
0.390563540075156,0.0265814020930258,-0.129118994414545,0.665445965528476,-0.20616485986909,-0.118861693338029,-0.208101468335369,7,"VT",70000,2015,"donor_5","CO"
0.390563540075156,0.0265814020930258,-0.129118994414545,0.665445965528476,-0.20616485986909,-0.118861693338029,-0.208101468335369,7,"VT",70000,2015,"donor_6","MN"
0.390563540075156,0.0265814020930258,-0.129118994414545,0.665445965528476,-0.20616485986909,-0.118861693338029,-0.208101468335369,7,"VT",70000,2015,"donor_7","MD"
0.445532676184482,0.0276691867940708,-0.137998822726643,0.672300997842426,-0.222079415820914,-0.127319027049947,-0.224136306458143,7,"VT",70000,2015,"donor_1","IA"
0.445532676184482,0.0276691867940708,-0.137998822726643,0.672300997842426,-0.222079415820914,-0.127319027049947,-0.224136306458143,7,"VT",70000,2015,"donor_2","CO"
0.445532676184482,0.0276691867940708,-0.137998822726643,0.672300997842426,-0.222079415820914,-0.127319027049947,-0.224136306458143,7,"VT",70000,2015,"donor_3","MN"
0.445532676184482,0.0276691867940708,-0.137998822726643,0.672300997842426,-0.222079415820914,-0.127319027049947,-0.224136306458143,7,"VT",70000,2015,"donor_4","MD"
0.445532676184482,0.0276691867940708,-0.137998822726643,0.672300997842426,-0.222079415820914,-0.127319027049947,-0.224136306458143,7,"VT",70000,2015,"donor_5","OK"
0.445532676184482,0.0276691867940708,-0.137998822726643,0.672300997842426,-0.222079415820914,-0.127319027049947,-0.224136306458143,7,"VT",70000,2015,"donor_6","TX"
0.445532676184482,0.0276691867940708,-0.137998822726643,0.672300997842426,-0.222079415820914,-0.127319027049947,-0.224136306458143,7,"VT",70000,2015,"donor_7","FL"
0.49786878985531,0.0279375241837629,-0.0709176599279211,0.623759839819217,-0.170686414889708,-0.0687065909857873,-0.17105664622492,7,"VT",70000,2015,"donor_1","MN"
0.49786878985531,0.0279375241837629,-0.0709176599279211,0.623759839819217,-0.170686414889708,-0.0687065909857873,-0.17105664622492,7,"VT",70000,2015,"donor_2","IA"
0.49786878985531,0.0279375241837629,-0.0709176599279211,0.623759839819217,-0.170686414889708,-0.0687065909857873,-0.17105664622492,7,"VT",70000,2015,"donor_3","AZ"
0.49786878985531,0.0279375241837629,-0.0709176599279211,0.623759839819217,-0.170686414889708,-0.0687065909857873,-0.17105664622492,7,"VT",70000,2015,"donor_4","TX"
0.49786878985531,0.0279375241837629,-0.0709176599279211,0.623759839819217,-0.170686414889708,-0.0687065909857873,-0.17105664622492,7,"VT",70000,2015,"donor_5","WA"
0.49786878985531,0.0279375241837629,-0.0709176599279211,0.623759839819217,-0.170686414889708,-0.0687065909857873,-0.17105664622492,7,"VT",70000,2015,"donor_6","CO"
0.49786878985531,0.0279375241837629,-0.0709176599279211,0.623759839819217,-0.170686414889708,-0.0687065909857873,-0.17105664622492,7,"VT",70000,2015,"donor_7","MD"
0.740576988587203,0.0282402747631188,-0.0796393481925007,0.62967082576172,-0.141874771271896,-0.0674294116165793,-0.14393580583111,7,"VT",70000,2015,"donor_1","MN"
0.740576988587203,0.0282402747631188,-0.0796393481925007,0.62967082576172,-0.141874771271896,-0.0674294116165793,-0.14393580583111,7,"VT",70000,2015,"donor_2","NY"
0.740576988587203,0.0282402747631188,-0.0796393481925007,0.62967082576172,-0.141874771271896,-0.0674294116165793,-0.14393580583111,7,"VT",70000,2015,"donor_3","CO"
0.740576988587203,0.0282402747631188,-0.0796393481925007,0.62967082576172,-0.141874771271896,-0.0674294116165793,-0.14393580583111,7,"VT",70000,2015,"donor_4","IA"
0.740576988587203,0.0282402747631188,-0.0796393481925007,0.62967082576172,-0.141874771271896,-0.0674294116165793,-0.14393580583111,7,"VT",70000,2015,"donor_5","PA"
0.740576988587203,0.0282402747631188,-0.0796393481925007,0.62967082576172,-0.141874771271896,-0.0674294116165793,-0.14393580583111,7,"VT",70000,2015,"donor_6","OR"
0.740576988587203,0.0282402747631188,-0.0796393481925007,0.62967082576172,-0.141874771271896,-0.0674294116165793,-0.14393580583111,7,"VT",70000,2015,"donor_7","MD"
0.712074704157079,0.0287178380159608,-0.23961857841556,0.762149409719458,-0.140540861660322,-0.230932366253922,-0.142692880280402,7,"VT",70000,2015,"donor_1","IL"
0.712074704157079,0.0287178380159608,-0.23961857841556,0.762149409719458,-0.140540861660322,-0.230932366253922,-0.142692880280402,7,"VT",70000,2015,"donor_2","OK"
0.712074704157079,0.0287178380159608,-0.23961857841556,0.762149409719458,-0.140540861660322,-0.230932366253922,-0.142692880280402,7,"VT",70000,2015,"donor_3","IA"
0.712074704157079,0.0287178380159608,-0.23961857841556,0.762149409719458,-0.140540861660322,-0.230932366253922,-0.142692880280402,7,"VT",70000,2015,"donor_4","WA"
0.712074704157079,0.0287178380159608,-0.23961857841556,0.762149409719458,-0.140540861660322,-0.230932366253922,-0.142692880280402,7,"VT",70000,2015,"donor_5","NY"
0.712074704157079,0.0287178380159608,-0.23961857841556,0.762149409719458,-0.140540861660322,-0.230932366253922,-0.142692880280402,7,"VT",70000,2015,"donor_6","CO"
0.712074704157079,0.0287178380159608,-0.23961857841556,0.762149409719458,-0.140540861660322,-0.230932366253922,-0.142692880280402,7,"VT",70000,2015,"donor_7","AL"
6.6621281069601e-06,0.0296332317947225,-0.112694201518409,0.653127988810553,-0.172011113103758,-0.100764028429013,-0.174177377077391,7,"VT",70000,2015,"donor_1","NY"
6.6621281069601e-06,0.0296332317947225,-0.112694201518409,0.653127988810553,-0.172011113103758,-0.100764028429013,-0.174177377077391,7,"VT",70000,2015,"donor_2","FL"
6.6621281069601e-06,0.0296332317947225,-0.112694201518409,0.653127988810553,-0.172011113103758,-0.100764028429013,-0.174177377077391,7,"VT",70000,2015,"donor_3","WA"
6.6621281069601e-06,0.0296332317947225,-0.112694201518409,0.653127988810553,-0.172011113103758,-0.100764028429013,-0.174177377077391,7,"VT",70000,2015,"donor_4","MN"
6.6621281069601e-06,0.0296332317947225,-0.112694201518409,0.653127988810553,-0.172011113103758,-0.100764028429013,-0.174177377077391,7,"VT",70000,2015,"donor_5","CO"
6.6621281069601e-06,0.0296332317947225,-0.112694201518409,0.653127988810553,-0.172011113103758,-0.100764028429013,-0.174177377077391,7,"VT",70000,2015,"donor_6","IA"
6.6621281069601e-06,0.0296332317947225,-0.112694201518409,0.653127988810553,-0.172011113103758,-0.100764028429013,-0.174177377077391,7,"VT",70000,2015,"donor_7","MD"
0.131623284786113,0.0301807897318164,-0.0390803164015911,0.603093329769297,-0.16518925548614,-0.052163217480796,-0.163108145499585,7,"VT",70000,2015,"donor_1","CO"
0.131623284786113,0.0301807897318164,-0.0390803164015911,0.603093329769297,-0.16518925548614,-0.052163217480796,-0.163108145499585,7,"VT",70000,2015,"donor_2","MI"
0.131623284786113,0.0301807897318164,-0.0390803164015911,0.603093329769297,-0.16518925548614,-0.052163217480796,-0.163108145499585,7,"VT",70000,2015,"donor_3","TN"
0.131623284786113,0.0301807897318164,-0.0390803164015911,0.603093329769297,-0.16518925548614,-0.052163217480796,-0.163108145499585,7,"VT",70000,2015,"donor_4","OR"
0.131623284786113,0.0301807897318164,-0.0390803164015911,0.603093329769297,-0.16518925548614,-0.052163217480796,-0.163108145499585,7,"VT",70000,2015,"donor_5","IA"
0.131623284786113,0.0301807897318164,-0.0390803164015911,0.603093329769297,-0.16518925548614,-0.052163217480796,-0.163108145499585,7,"VT",70000,2015,"donor_6","MD"
0.131623284786113,0.0301807897318164,-0.0390803164015911,0.603093329769297,-0.16518925548614,-0.052163217480796,-0.163108145499585,7,"VT",70000,2015,"donor_7","NY"
0.507509620749397,0.0312926745591118,-0.282097661054467,0.807246640919764,-0.167306251301687,-0.27339618437895,-0.169723055915956,7,"VT",70000,2015,"donor_1","FL"
0.507509620749397,0.0312926745591118,-0.282097661054467,0.807246640919764,-0.167306251301687,-0.27339618437895,-0.169723055915956,7,"VT",70000,2015,"donor_2","OK"
0.507509620749397,0.0312926745591118,-0.282097661054467,0.807246640919764,-0.167306251301687,-0.27339618437895,-0.169723055915956,7,"VT",70000,2015,"donor_3","WA"
0.507509620749397,0.0312926745591118,-0.282097661054467,0.807246640919764,-0.167306251301687,-0.27339618437895,-0.169723055915956,7,"VT",70000,2015,"donor_4","AZ"
0.507509620749397,0.0312926745591118,-0.282097661054467,0.807246640919764,-0.167306251301687,-0.27339618437895,-0.169723055915956,7,"VT",70000,2015,"donor_5","IA"
0.507509620749397,0.0312926745591118,-0.282097661054467,0.807246640919764,-0.167306251301687,-0.27339618437895,-0.169723055915956,7,"VT",70000,2015,"donor_6","AL"
0.507509620749397,0.0312926745591118,-0.282097661054467,0.807246640919764,-0.167306251301687,-0.27339618437895,-0.169723055915956,7,"VT",70000,2015,"donor_7","CO"
0.0057839183148507,0.0323092355533048,-0.245723082079786,0.768317626926937,-0.199511276243669,-0.235888364312052,-0.201983489289476,7,"VT",70000,2015,"donor_1","OK"
0.0057839183148507,0.0323092355533048,-0.245723082079786,0.768317626926937,-0.199511276243669,-0.235888364312052,-0.201983489289476,7,"VT",70000,2015,"donor_2","IA"
0.0057839183148507,0.0323092355533048,-0.245723082079786,0.768317626926937,-0.199511276243669,-0.235888364312052,-0.201983489289476,7,"VT",70000,2015,"donor_3","TN"
0.0057839183148507,0.0323092355533048,-0.245723082079786,0.768317626926937,-0.199511276243669,-0.235888364312052,-0.201983489289476,7,"VT",70000,2015,"donor_4","AL"
0.0057839183148507,0.0323092355533048,-0.245723082079786,0.768317626926937,-0.199511276243669,-0.235888364312052,-0.201983489289476,7,"VT",70000,2015,"donor_5","CO"
0.0057839183148507,0.0323092355533048,-0.245723082079786,0.768317626926937,-0.199511276243669,-0.235888364312052,-0.201983489289476,7,"VT",70000,2015,"donor_6","GA"
0.0057839183148507,0.0323092355533048,-0.245723082079786,0.768317626926937,-0.199511276243669,-0.235888364312052,-0.201983489289476,7,"VT",70000,2015,"donor_7","MI"
0.131364486632129,0.0331697151035486,-0.0856665925256642,0.633821587273119,-0.152488452772439,-0.071360817688646,-0.154929473215869,7,"VT",70000,2015,"donor_1","CO"
0.131364486632129,0.0331697151035486,-0.0856665925256642,0.633821587273119,-0.152488452772439,-0.071360817688646,-0.154929473215869,7,"VT",70000,2015,"donor_2","IA"
0.131364486632129,0.0331697151035486,-0.0856665925256642,0.633821587273119,-0.152488452772439,-0.071360817688646,-0.154929473215869,7,"VT",70000,2015,"donor_3","WI"
0.131364486632129,0.0331697151035486,-0.0856665925256642,0.633821587273119,-0.152488452772439,-0.071360817688646,-0.154929473215869,7,"VT",70000,2015,"donor_4","NC"
0.131364486632129,0.0331697151035486,-0.0856665925256642,0.633821587273119,-0.152488452772439,-0.071360817688646,-0.154929473215869,7,"VT",70000,2015,"donor_5","MD"
0.131364486632129,0.0331697151035486,-0.0856665925256642,0.633821587273119,-0.152488452772439,-0.071360817688646,-0.154929473215869,7,"VT",70000,2015,"donor_6","IL"
0.131364486632129,0.0331697151035486,-0.0856665925256642,0.633821587273119,-0.152488452772439,-0.071360817688646,-0.154929473215869,7,"VT",70000,2015,"donor_7","WA"
0.324836949431049,0.034326184809188,-0.29258237790211,0.819210934982944,-0.165337564680422,-0.283299990165023,-0.167990080877096,7,"VT",70000,2015,"donor_1","CO"
0.324836949431049,0.034326184809188,-0.29258237790211,0.819210934982944,-0.165337564680422,-0.283299990165023,-0.167990080877096,7,"VT",70000,2015,"donor_2","OR"
0.324836949431049,0.034326184809188,-0.29258237790211,0.819210934982944,-0.165337564680422,-0.283299990165023,-0.167990080877096,7,"VT",70000,2015,"donor_3","AZ"
0.324836949431049,0.034326184809188,-0.29258237790211,0.819210934982944,-0.165337564680422,-0.283299990165023,-0.167990080877096,7,"VT",70000,2015,"donor_4","IA"
0.324836949431049,0.034326184809188,-0.29258237790211,0.819210934982944,-0.165337564680422,-0.283299990165023,-0.167990080877096,7,"VT",70000,2015,"donor_5","FL"
0.324836949431049,0.034326184809188,-0.29258237790211,0.819210934982944,-0.165337564680422,-0.283299990165023,-0.167990080877096,7,"VT",70000,2015,"donor_6","AL"
0.324836949431049,0.034326184809188,-0.29258237790211,0.819210934982944,-0.165337564680422,-0.283299990165023,-0.167990080877096,7,"VT",70000,2015,"donor_7","OK"
0.713558082737743,0.0363886272130288,-0.109058474448085,0.650462723985419,-0.152938253292868,-0.0981642178538341,-0.154902665206983,7,"VT",70000,2015,"donor_1","MD"
0.713558082737743,0.0363886272130288,-0.109058474448085,0.650462723985419,-0.152938253292868,-0.0981642178538341,-0.154902665206983,7,"VT",70000,2015,"donor_2","OR"
0.713558082737743,0.0363886272130288,-0.109058474448085,0.650462723985419,-0.152938253292868,-0.0981642178538341,-0.154902665206983,7,"VT",70000,2015,"donor_3","MN"
0.713558082737743,0.0363886272130288,-0.109058474448085,0.650462723985419,-0.152938253292868,-0.0981642178538341,-0.154902665206983,7,"VT",70000,2015,"donor_4","IL"
0.713558082737743,0.0363886272130288,-0.109058474448085,0.650462723985419,-0.152938253292868,-0.0981642178538341,-0.154902665206983,7,"VT",70000,2015,"donor_5","MI"
0.713558082737743,0.0363886272130288,-0.109058474448085,0.650462723985419,-0.152938253292868,-0.0981642178538341,-0.154902665206983,7,"VT",70000,2015,"donor_6","CO"
0.713558082737743,0.0363886272130288,-0.109058474448085,0.650462723985419,-0.152938253292868,-0.0981642178538341,-0.154902665206983,7,"VT",70000,2015,"donor_7","IA"
0.313385408587629,0.043038475132579,-0.211952956934218,0.73539296507943,-0.115682668988536,-0.1979349198884,-0.118895863928491,7,"VT",70000,2015,"donor_1","MN"
0.313385408587629,0.043038475132579,-0.211952956934218,0.73539296507943,-0.115682668988536,-0.1979349198884,-0.118895863928491,7,"VT",70000,2015,"donor_2","CO"
0.313385408587629,0.043038475132579,-0.211952956934218,0.73539296507943,-0.115682668988536,-0.1979349198884,-0.118895863928491,7,"VT",70000,2015,"donor_3","TN"
0.313385408587629,0.043038475132579,-0.211952956934218,0.73539296507943,-0.115682668988536,-0.1979349198884,-0.118895863928491,7,"VT",70000,2015,"donor_4","OR"
0.313385408587629,0.043038475132579,-0.211952956934218,0.73539296507943,-0.115682668988536,-0.1979349198884,-0.118895863928491,7,"VT",70000,2015,"donor_5","TX"
0.313385408587629,0.043038475132579,-0.211952956934218,0.73539296507943,-0.115682668988536,-0.1979349198884,-0.118895863928491,7,"VT",70000,2015,"donor_6","OK"
0.313385408587629,0.043038475132579,-0.211952956934218,0.73539296507943,-0.115682668988536,-0.1979349198884,-0.118895863928491,7,"VT",70000,2015,"donor_7","WA"
0.113989263700385,0.0433663040709191,-0.241955327219471,0.764498811787057,-0.138251655971054,-0.228735809428119,-0.141527545662105,7,"VT",70000,2015,"donor_1","PA"
0.113989263700385,0.0433663040709191,-0.241955327219471,0.764498811787057,-0.138251655971054,-0.228735809428119,-0.141527545662105,7,"VT",70000,2015,"donor_2","AL"
0.113989263700385,0.0433663040709191,-0.241955327219471,0.764498811787057,-0.138251655971054,-0.228735809428119,-0.141527545662105,7,"VT",70000,2015,"donor_3","OK"
0.113989263700385,0.0433663040709191,-0.241955327219471,0.764498811787057,-0.138251655971054,-0.228735809428119,-0.141527545662105,7,"VT",70000,2015,"donor_4","IL"
0.113989263700385,0.0433663040709191,-0.241955327219471,0.764498811787057,-0.138251655971054,-0.228735809428119,-0.141527545662105,7,"VT",70000,2015,"donor_5","CO"
0.113989263700385,0.0433663040709191,-0.241955327219471,0.764498811787057,-0.138251655971054,-0.228735809428119,-0.141527545662105,7,"VT",70000,2015,"donor_6","NY"
0.113989263700385,0.0433663040709191,-0.241955327219471,0.764498811787057,-0.138251655971054,-0.228735809428119,-0.141527545662105,7,"VT",70000,2015,"donor_7","IA"
0.388770805605876,0.0435183271014073,-0.163737146973969,0.692992938195455,-0.217693053432386,-0.146910880298746,-0.221110188791645,7,"VT",70000,2015,"donor_1","OK"
0.388770805605876,0.0435183271014073,-0.163737146973969,0.692992938195455,-0.217693053432386,-0.146910880298746,-0.221110188791645,7,"VT",70000,2015,"donor_2","UT"
0.388770805605876,0.0435183271014073,-0.163737146973969,0.692992938195455,-0.217693053432386,-0.146910880298746,-0.221110188791645,7,"VT",70000,2015,"donor_3","CO"
0.388770805605876,0.0435183271014073,-0.163737146973969,0.692992938195455,-0.217693053432386,-0.146910880298746,-0.221110188791645,7,"VT",70000,2015,"donor_4","IA"
0.388770805605876,0.0435183271014073,-0.163737146973969,0.692992938195455,-0.217693053432386,-0.146910880298746,-0.221110188791645,7,"VT",70000,2015,"donor_5","FL"
0.388770805605876,0.0435183271014073,-0.163737146973969,0.692992938195455,-0.217693053432386,-0.146910880298746,-0.221110188791645,7,"VT",70000,2015,"donor_6","MD"
0.388770805605876,0.0435183271014073,-0.163737146973969,0.692992938195455,-0.217693053432386,-0.146910880298746,-0.221110188791645,7,"VT",70000,2015,"donor_7","TN"
0.695398986333168,0.0436208033926166,-0.0525431508333517,0.611662950277845,-0.173868090445465,-0.055988303295647,-0.173310027413354,7,"VT",70000,2015,"donor_1","MD"
0.695398986333168,0.0436208033926166,-0.0525431508333517,0.611662950277845,-0.173868090445465,-0.055988303295647,-0.173310027413354,7,"VT",70000,2015,"donor_2","IA"
0.695398986333168,0.0436208033926166,-0.0525431508333517,0.611662950277845,-0.173868090445465,-0.055988303295647,-0.173310027413354,7,"VT",70000,2015,"donor_3","TX"
0.695398986333168,0.0436208033926166,-0.0525431508333517,0.611662950277845,-0.173868090445465,-0.055988303295647,-0.173310027413354,7,"VT",70000,2015,"donor_4","WA"
0.695398986333168,0.0436208033926166,-0.0525431508333517,0.611662950277845,-0.173868090445465,-0.055988303295647,-0.173310027413354,7,"VT",70000,2015,"donor_5","MN"
0.695398986333168,0.0436208033926166,-0.0525431508333517,0.611662950277845,-0.173868090445465,-0.055988303295647,-0.173310027413354,7,"VT",70000,2015,"donor_6","CO"
0.695398986333168,0.0436208033926166,-0.0525431508333517,0.611662950277845,-0.173868090445465,-0.055988303295647,-0.173310027413354,7,"VT",70000,2015,"donor_7","MI"
0.631852749121516,0.045196831031045,-0.253364116244267,0.776180550962935,-0.217464022517431,-0.239717253199824,-0.220947078565109,7,"VT",70000,2015,"donor_1","TN"
0.631852749121516,0.045196831031045,-0.253364116244267,0.776180550962935,-0.217464022517431,-0.239717253199824,-0.220947078565109,7,"VT",70000,2015,"donor_2","OK"
0.631852749121516,0.045196831031045,-0.253364116244267,0.776180550962935,-0.217464022517431,-0.239717253199824,-0.220947078565109,7,"VT",70000,2015,"donor_3","CO"
0.631852749121516,0.045196831031045,-0.253364116244267,0.776180550962935,-0.217464022517431,-0.239717253199824,-0.220947078565109,7,"VT",70000,2015,"donor_4","NC"
0.631852749121516,0.045196831031045,-0.253364116244267,0.776180550962935,-0.217464022517431,-0.239717253199824,-0.220947078565109,7,"VT",70000,2015,"donor_5","AL"
0.631852749121516,0.045196831031045,-0.253364116244267,0.776180550962935,-0.217464022517431,-0.239717253199824,-0.220947078565109,7,"VT",70000,2015,"donor_6","GA"
0.631852749121516,0.045196831031045,-0.253364116244267,0.776180550962935,-0.217464022517431,-0.239717253199824,-0.220947078565109,7,"VT",70000,2015,"donor_7","IA"
0.609988523991438,0.0465643699502835,-0.196874687974087,0.721586336458943,-0.147888815167238,-0.181064332189794,-0.151371548047529,7,"VT",70000,2015,"donor_1","NY"
0.609988523991438,0.0465643699502835,-0.196874687974087,0.721586336458943,-0.147888815167238,-0.181064332189794,-0.151371548047529,7,"VT",70000,2015,"donor_2","IA"
0.609988523991438,0.0465643699502835,-0.196874687974087,0.721586336458943,-0.147888815167238,-0.181064332189794,-0.151371548047529,7,"VT",70000,2015,"donor_3","MI"
0.609988523991438,0.0465643699502835,-0.196874687974087,0.721586336458943,-0.147888815167238,-0.181064332189794,-0.151371548047529,7,"VT",70000,2015,"donor_4","CO"
0.609988523991438,0.0465643699502835,-0.196874687974087,0.721586336458943,-0.147888815167238,-0.181064332189794,-0.151371548047529,7,"VT",70000,2015,"donor_5","NC"
0.609988523991438,0.0465643699502835,-0.196874687974087,0.721586336458943,-0.147888815167238,-0.181064332189794,-0.151371548047529,7,"VT",70000,2015,"donor_6","OK"
0.609988523991438,0.0465643699502835,-0.196874687974087,0.721586336458943,-0.147888815167238,-0.181064332189794,-0.151371548047529,7,"VT",70000,2015,"donor_7","TX"
0.761882190383365,0.046596744082654,-0.210064897333993,0.733635269107989,-0.164953673061429,-0.19458714033112,-0.168478271746338,7,"VT",70000,2015,"donor_1","WA"
0.761882190383365,0.046596744082654,-0.210064897333993,0.733635269107989,-0.164953673061429,-0.19458714033112,-0.168478271746338,7,"VT",70000,2015,"donor_2","CO"
0.761882190383365,0.046596744082654,-0.210064897333993,0.733635269107989,-0.164953673061429,-0.19458714033112,-0.168478271746338,7,"VT",70000,2015,"donor_3","TX"
0.761882190383365,0.046596744082654,-0.210064897333993,0.733635269107989,-0.164953673061429,-0.19458714033112,-0.168478271746338,7,"VT",70000,2015,"donor_4","IA"
0.761882190383365,0.046596744082654,-0.210064897333993,0.733635269107989,-0.164953673061429,-0.19458714033112,-0.168478271746338,7,"VT",70000,2015,"donor_5","NC"
0.761882190383365,0.046596744082654,-0.210064897333993,0.733635269107989,-0.164953673061429,-0.19458714033112,-0.168478271746338,7,"VT",70000,2015,"donor_6","OK"
0.761882190383365,0.046596744082654,-0.210064897333993,0.733635269107989,-0.164953673061429,-0.19458714033112,-0.168478271746338,7,"VT",70000,2015,"donor_7","TN"
0.606773652812664,0.0471275786379177,-0.215295596342076,0.738525550412044,-0.14341496975012,-0.199982257189726,-0.146949045190249,7,"VT",70000,2015,"donor_1","TX"
0.606773652812664,0.0471275786379177,-0.215295596342076,0.738525550412044,-0.14341496975012,-0.199982257189726,-0.146949045190249,7,"VT",70000,2015,"donor_2","NC"
0.606773652812664,0.0471275786379177,-0.215295596342076,0.738525550412044,-0.14341496975012,-0.199982257189726,-0.146949045190249,7,"VT",70000,2015,"donor_3","TN"
0.606773652812664,0.0471275786379177,-0.215295596342076,0.738525550412044,-0.14341496975012,-0.199982257189726,-0.146949045190249,7,"VT",70000,2015,"donor_4","MN"
0.606773652812664,0.0471275786379177,-0.215295596342076,0.738525550412044,-0.14341496975012,-0.199982257189726,-0.146949045190249,7,"VT",70000,2015,"donor_5","CO"
0.606773652812664,0.0471275786379177,-0.215295596342076,0.738525550412044,-0.14341496975012,-0.199982257189726,-0.146949045190249,7,"VT",70000,2015,"donor_6","OK"
0.606773652812664,0.0471275786379177,-0.215295596342076,0.738525550412044,-0.14341496975012,-0.199982257189726,-0.146949045190249,7,"VT",70000,2015,"donor_7","OR"
0.859648233975763,0.0473521919295246,-0.221418843440741,0.744333775278203,-0.114829719300317,-0.206333181299536,-0.118366709757005,7,"VT",70000,2015,"donor_1","MI"
0.859648233975763,0.0473521919295246,-0.221418843440741,0.744333775278203,-0.114829719300317,-0.206333181299536,-0.118366709757005,7,"VT",70000,2015,"donor_2","WA"
0.859648233975763,0.0473521919295246,-0.221418843440741,0.744333775278203,-0.114829719300317,-0.206333181299536,-0.118366709757005,7,"VT",70000,2015,"donor_3","OR"
0.859648233975763,0.0473521919295246,-0.221418843440741,0.744333775278203,-0.114829719300317,-0.206333181299536,-0.118366709757005,7,"VT",70000,2015,"donor_4","IA"
0.859648233975763,0.0473521919295246,-0.221418843440741,0.744333775278203,-0.114829719300317,-0.206333181299536,-0.118366709757005,7,"VT",70000,2015,"donor_5","TX"
0.859648233975763,0.0473521919295246,-0.221418843440741,0.744333775278203,-0.114829719300317,-0.206333181299536,-0.118366709757005,7,"VT",70000,2015,"donor_6","OK"
0.859648233975763,0.0473521919295246,-0.221418843440741,0.744333775278203,-0.114829719300317,-0.206333181299536,-0.118366709757005,7,"VT",70000,2015,"donor_7","CO"
0.388173293255089,0.0475176557602115,-0.124383925943635,0.661847433815975,-0.194513522958824,-0.104763334837507,-0.19813989305147,7,"VT",70000,2015,"donor_1","CO"
0.388173293255089,0.0475176557602115,-0.124383925943635,0.661847433815975,-0.194513522958824,-0.104763334837507,-0.19813989305147,7,"VT",70000,2015,"donor_2","SC"
0.388173293255089,0.0475176557602115,-0.124383925943635,0.661847433815975,-0.194513522958824,-0.104763334837507,-0.19813989305147,7,"VT",70000,2015,"donor_3","NC"
0.388173293255089,0.0475176557602115,-0.124383925943635,0.661847433815975,-0.194513522958824,-0.104763334837507,-0.19813989305147,7,"VT",70000,2015,"donor_4","TN"
0.388173293255089,0.0475176557602115,-0.124383925943635,0.661847433815975,-0.194513522958824,-0.104763334837507,-0.19813989305147,7,"VT",70000,2015,"donor_5","IA"
0.388173293255089,0.0475176557602115,-0.124383925943635,0.661847433815975,-0.194513522958824,-0.104763334837507,-0.19813989305147,7,"VT",70000,2015,"donor_6","IL"
0.388173293255089,0.0475176557602115,-0.124383925943635,0.661847433815975,-0.194513522958824,-0.104763334837507,-0.19813989305147,7,"VT",70000,2015,"donor_7","MD"
0.506541480351266,0.0477233643876188,-0.255155547008738,0.778047348402583,-0.197041056139167,-0.241187152997873,-0.200621672876394,7,"VT",70000,2015,"donor_1","AL"
0.506541480351266,0.0477233643876188,-0.255155547008738,0.778047348402583,-0.197041056139167,-0.241187152997873,-0.200621672876394,7,"VT",70000,2015,"donor_2","CO"
0.506541480351266,0.0477233643876188,-0.255155547008738,0.778047348402583,-0.197041056139167,-0.241187152997873,-0.200621672876394,7,"VT",70000,2015,"donor_3","MI"
0.506541480351266,0.0477233643876188,-0.255155547008738,0.778047348402583,-0.197041056139167,-0.241187152997873,-0.200621672876394,7,"VT",70000,2015,"donor_4","NC"
0.506541480351266,0.0477233643876188,-0.255155547008738,0.778047348402583,-0.197041056139167,-0.241187152997873,-0.200621672876394,7,"VT",70000,2015,"donor_5","IA"
0.506541480351266,0.0477233643876188,-0.255155547008738,0.778047348402583,-0.197041056139167,-0.241187152997873,-0.200621672876394,7,"VT",70000,2015,"donor_6","GA"
0.506541480351266,0.0477233643876188,-0.255155547008738,0.778047348402583,-0.197041056139167,-0.241187152997873,-0.200621672876394,7,"VT",70000,2015,"donor_7","OK"
0.92332054211658,0.0481823694517891,-0.21334688523781,0.736696061767221,-0.117047468652022,-0.197503741312652,-0.120683492374664,7,"VT",70000,2015,"donor_1","MI"
0.92332054211658,0.0481823694517891,-0.21334688523781,0.736696061767221,-0.117047468652022,-0.197503741312652,-0.120683492374664,7,"VT",70000,2015,"donor_2","TX"
0.92332054211658,0.0481823694517891,-0.21334688523781,0.736696061767221,-0.117047468652022,-0.197503741312652,-0.120683492374664,7,"VT",70000,2015,"donor_3","CO"
0.92332054211658,0.0481823694517891,-0.21334688523781,0.736696061767221,-0.117047468652022,-0.197503741312652,-0.120683492374664,7,"VT",70000,2015,"donor_4","AZ"
0.92332054211658,0.0481823694517891,-0.21334688523781,0.736696061767221,-0.117047468652022,-0.197503741312652,-0.120683492374664,7,"VT",70000,2015,"donor_5","OR"
0.92332054211658,0.0481823694517891,-0.21334688523781,0.736696061767221,-0.117047468652022,-0.197503741312652,-0.120683492374664,7,"VT",70000,2015,"donor_6","NC"
0.92332054211658,0.0481823694517891,-0.21334688523781,0.736696061767221,-0.117047468652022,-0.197503741312652,-0.120683492374664,7,"VT",70000,2015,"donor_7","IA"
0.144930638971293,0.0496603657417237,-0.191310650997957,0.716621595594626,-0.0814902662080292,-0.174051640844011,-0.0852338959573342,7,"VT",70000,2015,"donor_1","WA"
0.144930638971293,0.0496603657417237,-0.191310650997957,0.716621595594626,-0.0814902662080292,-0.174051640844011,-0.0852338959573342,7,"VT",70000,2015,"donor_2","NY"
0.144930638971293,0.0496603657417237,-0.191310650997957,0.716621595594626,-0.0814902662080292,-0.174051640844011,-0.0852338959573342,7,"VT",70000,2015,"donor_3","CO"
0.144930638971293,0.0496603657417237,-0.191310650997957,0.716621595594626,-0.0814902662080292,-0.174051640844011,-0.0852338959573342,7,"VT",70000,2015,"donor_4","MN"
0.144930638971293,0.0496603657417237,-0.191310650997957,0.716621595594626,-0.0814902662080292,-0.174051640844011,-0.0852338959573342,7,"VT",70000,2015,"donor_5","NC"
0.144930638971293,0.0496603657417237,-0.191310650997957,0.716621595594626,-0.0814902662080292,-0.174051640844011,-0.0852338959573342,7,"VT",70000,2015,"donor_6","AZ"
0.144930638971293,0.0496603657417237,-0.191310650997957,0.716621595594626,-0.0814902662080292,-0.174051640844011,-0.0852338959573342,7,"VT",70000,2015,"donor_7","MI"
0.698864886512129,0.0499962459311825,-0.26492720456007,0.788390286264623,-0.133799629968461,-0.250595099977977,-0.137569051556817,7,"VT",70000,2015,"donor_1","WI"
0.698864886512129,0.0499962459311825,-0.26492720456007,0.788390286264623,-0.133799629968461,-0.250595099977977,-0.137569051556817,7,"VT",70000,2015,"donor_2","CO"
0.698864886512129,0.0499962459311825,-0.26492720456007,0.788390286264623,-0.133799629968461,-0.250595099977977,-0.137569051556817,7,"VT",70000,2015,"donor_3","OK"
0.698864886512129,0.0499962459311825,-0.26492720456007,0.788390286264623,-0.133799629968461,-0.250595099977977,-0.137569051556817,7,"VT",70000,2015,"donor_4","OR"
0.698864886512129,0.0499962459311825,-0.26492720456007,0.788390286264623,-0.133799629968461,-0.250595099977977,-0.137569051556817,7,"VT",70000,2015,"donor_5","IL"
0.698864886512129,0.0499962459311825,-0.26492720456007,0.788390286264623,-0.133799629968461,-0.250595099977977,-0.137569051556817,7,"VT",70000,2015,"donor_6","IA"
0.698864886512129,0.0499962459311825,-0.26492720456007,0.788390286264623,-0.133799629968461,-0.250595099977977,-0.137569051556817,7,"VT",70000,2015,"donor_7","AL"
0.0836978381956529,0.0514898687245769,-0.207895341934877,0.731625859943596,-0.0858703957883884,-0.190714999674094,-0.089753324137366,7,"VT",70000,2015,"donor_1","AZ"
0.0836978381956529,0.0514898687245769,-0.207895341934877,0.731625859943596,-0.0858703957883884,-0.190714999674094,-0.089753324137366,7,"VT",70000,2015,"donor_2","NY"
0.0836978381956529,0.0514898687245769,-0.207895341934877,0.731625859943596,-0.0858703957883884,-0.190714999674094,-0.089753324137366,7,"VT",70000,2015,"donor_3","CO"
0.0836978381956529,0.0514898687245769,-0.207895341934877,0.731625859943596,-0.0858703957883884,-0.190714999674094,-0.089753324137366,7,"VT",70000,2015,"donor_4","WA"
0.0836978381956529,0.0514898687245769,-0.207895341934877,0.731625859943596,-0.0858703957883884,-0.190714999674094,-0.089753324137366,7,"VT",70000,2015,"donor_5","MN"
0.0836978381956529,0.0514898687245769,-0.207895341934877,0.731625859943596,-0.0858703957883884,-0.190714999674094,-0.089753324137366,7,"VT",70000,2015,"donor_6","MI"
0.0836978381956529,0.0514898687245769,-0.207895341934877,0.731625859943596,-0.0858703957883884,-0.190714999674094,-0.089753324137366,7,"VT",70000,2015,"donor_7","OK"
0.320029525526078,0.0531156254447183,-0.0233653949892389,0.59338902046773,-0.17287073388346,0.00366221008060545,-0.176865574960692,7,"VT",70000,2015,"donor_1","MD"
0.320029525526078,0.0531156254447183,-0.0233653949892389,0.59338902046773,-0.17287073388346,0.00366221008060545,-0.176865574960692,7,"VT",70000,2015,"donor_2","CO"
0.320029525526078,0.0531156254447183,-0.0233653949892389,0.59338902046773,-0.17287073388346,0.00366221008060545,-0.176865574960692,7,"VT",70000,2015,"donor_3","IA"
0.320029525526078,0.0531156254447183,-0.0233653949892389,0.59338902046773,-0.17287073388346,0.00366221008060545,-0.176865574960692,7,"VT",70000,2015,"donor_4","NC"
0.320029525526078,0.0531156254447183,-0.0233653949892389,0.59338902046773,-0.17287073388346,0.00366221008060545,-0.176865574960692,7,"VT",70000,2015,"donor_5","NY"
0.320029525526078,0.0531156254447183,-0.0233653949892389,0.59338902046773,-0.17287073388346,0.00366221008060545,-0.176865574960692,7,"VT",70000,2015,"donor_6","WA"
0.320029525526078,0.0531156254447183,-0.0233653949892389,0.59338902046773,-0.17287073388346,0.00366221008060545,-0.176865574960692,7,"VT",70000,2015,"donor_7","OH"
0.591131503148998,0.0564310393605116,-0.221209823139244,0.744134002765984,-0.19049578364337,-0.201673813907632,-0.195048248851467,7,"VT",70000,2015,"donor_1","CO"
0.591131503148998,0.0564310393605116,-0.221209823139244,0.744134002765984,-0.19049578364337,-0.201673813907632,-0.195048248851467,7,"VT",70000,2015,"donor_2","IA"
0.591131503148998,0.0564310393605116,-0.221209823139244,0.744134002765984,-0.19049578364337,-0.201673813907632,-0.195048248851467,7,"VT",70000,2015,"donor_3","NY"
0.591131503148998,0.0564310393605116,-0.221209823139244,0.744134002765984,-0.19049578364337,-0.201673813907632,-0.195048248851467,7,"VT",70000,2015,"donor_4","TX"
0.591131503148998,0.0564310393605116,-0.221209823139244,0.744134002765984,-0.19049578364337,-0.201673813907632,-0.195048248851467,7,"VT",70000,2015,"donor_5","TN"
0.591131503148998,0.0564310393605116,-0.221209823139244,0.744134002765984,-0.19049578364337,-0.201673813907632,-0.195048248851467,7,"VT",70000,2015,"donor_6","MS"
0.591131503148998,0.0564310393605116,-0.221209823139244,0.744134002765984,-0.19049578364337,-0.201673813907632,-0.195048248851467,7,"VT",70000,2015,"donor_7","OK"
0.0620498499080245,0.0570924775351277,-0.111450080102466,0.652213498245605,-0.15682156743326,-0.0869643335237449,-0.161194324987983,7,"VT",70000,2015,"donor_1","UT"
0.0620498499080245,0.0570924775351277,-0.111450080102466,0.652213498245605,-0.15682156743326,-0.0869643335237449,-0.161194324987983,7,"VT",70000,2015,"donor_2","WI"
0.0620498499080245,0.0570924775351277,-0.111450080102466,0.652213498245605,-0.15682156743326,-0.0869643335237449,-0.161194324987983,7,"VT",70000,2015,"donor_3","MI"
0.0620498499080245,0.0570924775351277,-0.111450080102466,0.652213498245605,-0.15682156743326,-0.0869643335237449,-0.161194324987983,7,"VT",70000,2015,"donor_4","MD"
0.0620498499080245,0.0570924775351277,-0.111450080102466,0.652213498245605,-0.15682156743326,-0.0869643335237449,-0.161194324987983,7,"VT",70000,2015,"donor_5","CO"
0.0620498499080245,0.0570924775351277,-0.111450080102466,0.652213498245605,-0.15682156743326,-0.0869643335237449,-0.161194324987983,7,"VT",70000,2015,"donor_6","MN"
0.0620498499080245,0.0570924775351277,-0.111450080102466,0.652213498245605,-0.15682156743326,-0.0869643335237449,-0.161194324987983,7,"VT",70000,2015,"donor_7","IA"
0.871393347963928,0.0578503242575933,-0.108343726696565,0.649941315923438,-0.195206133901407,-0.0835389669775945,-0.19960393085949,7,"VT",70000,2015,"donor_1","CO"
0.871393347963928,0.0578503242575933,-0.108343726696565,0.649941315923438,-0.195206133901407,-0.0835389669775945,-0.19960393085949,7,"VT",70000,2015,"donor_2","WA"
0.871393347963928,0.0578503242575933,-0.108343726696565,0.649941315923438,-0.195206133901407,-0.0835389669775945,-0.19960393085949,7,"VT",70000,2015,"donor_3","MD"
0.871393347963928,0.0578503242575933,-0.108343726696565,0.649941315923438,-0.195206133901407,-0.0835389669775945,-0.19960393085949,7,"VT",70000,2015,"donor_4","GA"
0.871393347963928,0.0578503242575933,-0.108343726696565,0.649941315923438,-0.195206133901407,-0.0835389669775945,-0.19960393085949,7,"VT",70000,2015,"donor_5","NC"
0.871393347963928,0.0578503242575933,-0.108343726696565,0.649941315923438,-0.195206133901407,-0.0835389669775945,-0.19960393085949,7,"VT",70000,2015,"donor_6","IA"
0.871393347963928,0.0578503242575933,-0.108343726696565,0.649941315923438,-0.195206133901407,-0.0835389669775945,-0.19960393085949,7,"VT",70000,2015,"donor_7","MN"
0.816522678480031,0.0581411168572648,-0.207069140895705,0.730863536168666,-0.135806935713323,-0.18729374885664,-0.14025291878976,7,"VT",70000,2015,"donor_1","IA"
0.816522678480031,0.0581411168572648,-0.207069140895705,0.730863536168666,-0.135806935713323,-0.18729374885664,-0.14025291878976,7,"VT",70000,2015,"donor_2","TN"
0.816522678480031,0.0581411168572648,-0.207069140895705,0.730863536168666,-0.135806935713323,-0.18729374885664,-0.14025291878976,7,"VT",70000,2015,"donor_3","WA"
0.816522678480031,0.0581411168572648,-0.207069140895705,0.730863536168666,-0.135806935713323,-0.18729374885664,-0.14025291878976,7,"VT",70000,2015,"donor_4","TX"
0.816522678480031,0.0581411168572648,-0.207069140895705,0.730863536168666,-0.135806935713323,-0.18729374885664,-0.14025291878976,7,"VT",70000,2015,"donor_5","OK"
0.816522678480031,0.0581411168572648,-0.207069140895705,0.730863536168666,-0.135806935713323,-0.18729374885664,-0.14025291878976,7,"VT",70000,2015,"donor_6","CO"
0.816522678480031,0.0581411168572648,-0.207069140895705,0.730863536168666,-0.135806935713323,-0.18729374885664,-0.14025291878976,7,"VT",70000,2015,"donor_7","WI"
0.816522678480027,0.0581411168572651,-0.207069140895706,0.730863536168667,-0.135806935713323,-0.18729374885664,-0.14025291878976,7,"VT",70000,2015,"donor_1","CO"
0.816522678480027,0.0581411168572651,-0.207069140895706,0.730863536168667,-0.135806935713323,-0.18729374885664,-0.14025291878976,7,"VT",70000,2015,"donor_2","WA"
0.816522678480027,0.0581411168572651,-0.207069140895706,0.730863536168667,-0.135806935713323,-0.18729374885664,-0.14025291878976,7,"VT",70000,2015,"donor_3","TN"
0.816522678480027,0.0581411168572651,-0.207069140895706,0.730863536168667,-0.135806935713323,-0.18729374885664,-0.14025291878976,7,"VT",70000,2015,"donor_4","IA"
0.816522678480027,0.0581411168572651,-0.207069140895706,0.730863536168667,-0.135806935713323,-0.18729374885664,-0.14025291878976,7,"VT",70000,2015,"donor_5","WI"
0.816522678480027,0.0581411168572651,-0.207069140895706,0.730863536168667,-0.135806935713323,-0.18729374885664,-0.14025291878976,7,"VT",70000,2015,"donor_6","TX"
0.816522678480027,0.0581411168572651,-0.207069140895706,0.730863536168667,-0.135806935713323,-0.18729374885664,-0.14025291878976,7,"VT",70000,2015,"donor_7","OK"
0.252070333722394,0.0584844446539377,-0.200892489542492,0.725214372331993,-0.137149915962283,-0.180893575654538,-0.141576538483942,7,"VT",70000,2015,"donor_1","IA"
0.252070333722394,0.0584844446539377,-0.200892489542492,0.725214372331993,-0.137149915962283,-0.180893575654538,-0.141576538483942,7,"VT",70000,2015,"donor_2","TX"
0.252070333722394,0.0584844446539377,-0.200892489542492,0.725214372331993,-0.137149915962283,-0.180893575654538,-0.141576538483942,7,"VT",70000,2015,"donor_3","CO"
0.252070333722394,0.0584844446539377,-0.200892489542492,0.725214372331993,-0.137149915962283,-0.180893575654538,-0.141576538483942,7,"VT",70000,2015,"donor_4","TN"
0.252070333722394,0.0584844446539377,-0.200892489542492,0.725214372331993,-0.137149915962283,-0.180893575654538,-0.141576538483942,7,"VT",70000,2015,"donor_5","AZ"
0.252070333722394,0.0584844446539377,-0.200892489542492,0.725214372331993,-0.137149915962283,-0.180893575654538,-0.141576538483942,7,"VT",70000,2015,"donor_6","NC"
0.252070333722394,0.0584844446539377,-0.200892489542492,0.725214372331993,-0.137149915962283,-0.180893575654538,-0.141576538483942,7,"VT",70000,2015,"donor_7","PA"
0.512338099353027,0.0594907778919052,-0.306088926844662,0.83515636807325,-0.15076471650013,-0.290646121987911,-0.155310105345107,7,"VT",70000,2015,"donor_1","IL"
0.512338099353027,0.0594907778919052,-0.306088926844662,0.83515636807325,-0.15076471650013,-0.290646121987911,-0.155310105345107,7,"VT",70000,2015,"donor_2","IA"
0.512338099353027,0.0594907778919052,-0.306088926844662,0.83515636807325,-0.15076471650013,-0.290646121987911,-0.155310105345107,7,"VT",70000,2015,"donor_3","AL"
0.512338099353027,0.0594907778919052,-0.306088926844662,0.83515636807325,-0.15076471650013,-0.290646121987911,-0.155310105345107,7,"VT",70000,2015,"donor_4","OK"
0.512338099353027,0.0594907778919052,-0.306088926844662,0.83515636807325,-0.15076471650013,-0.290646121987911,-0.155310105345107,7,"VT",70000,2015,"donor_5","KY"
0.512338099353027,0.0594907778919052,-0.306088926844662,0.83515636807325,-0.15076471650013,-0.290646121987911,-0.155310105345107,7,"VT",70000,2015,"donor_6","WA"
0.512338099353027,0.0594907778919052,-0.306088926844662,0.83515636807325,-0.15076471650013,-0.290646121987911,-0.155310105345107,7,"VT",70000,2015,"donor_7","CO"
