"r_sq","mape","att","cf","intercept","att2","intercept2","sample_size","county_id","iterations","ban_year","donor_number","chosen_donor"
0.110011147636835,0.0982391660098977,-0.0578753966804158,0.641021155048958,-0.166811369709569,-0.0378013705026524,-0.17015472186485,6,"MA",60000,2015,"donor_1","MI"
0.110011147636835,0.0982391660098977,-0.0578753966804158,0.641021155048958,-0.166811369709569,-0.0378013705026524,-0.17015472186485,6,"MA",60000,2015,"donor_2","CO"
0.110011147636835,0.0982391660098977,-0.0578753966804158,0.641021155048958,-0.166811369709569,-0.0378013705026524,-0.17015472186485,6,"MA",60000,2015,"donor_3","AL"
0.110011147636835,0.0982391660098977,-0.0578753966804158,0.641021155048958,-0.166811369709569,-0.0378013705026524,-0.17015472186485,6,"MA",60000,2015,"donor_4","MN"
0.110011147636835,0.0982391660098977,-0.0578753966804158,0.641021155048958,-0.166811369709569,-0.0378013705026524,-0.17015472186485,6,"MA",60000,2015,"donor_5","UT"
0.110011147636835,0.0982391660098977,-0.0578753966804158,0.641021155048958,-0.166811369709569,-0.0378013705026524,-0.17015472186485,6,"MA",60000,2015,"donor_6","TX"
-1.14171604130259,0.0984048815434254,0.078998399630047,0.559705928782681,-0.132037608075793,0.0945684170037421,-0.134028034370743,6,"MA",60000,2015,"donor_1","MO"
-1.14171604130259,0.0984048815434254,0.078998399630047,0.559705928782681,-0.132037608075793,0.0945684170037421,-0.134028034370743,6,"MA",60000,2015,"donor_2","CO"
-1.14171604130259,0.0984048815434254,0.078998399630047,0.559705928782681,-0.132037608075793,0.0945684170037421,-0.134028034370743,6,"MA",60000,2015,"donor_3","TX"
-1.14171604130259,0.0984048815434254,0.078998399630047,0.559705928782681,-0.132037608075793,0.0945684170037421,-0.134028034370743,6,"MA",60000,2015,"donor_4","WA"
-1.14171604130259,0.0984048815434254,0.078998399630047,0.559705928782681,-0.132037608075793,0.0945684170037421,-0.134028034370743,6,"MA",60000,2015,"donor_5","MN"
-1.14171604130259,0.0984048815434254,0.078998399630047,0.559705928782681,-0.132037608075793,0.0945684170037421,-0.134028034370743,6,"MA",60000,2015,"donor_6","MI"
-2.32479611939508,0.0991424724098599,0.0648600466030003,0.567137252774697,-0.176525648428374,0.0774517387545396,-0.178182617700813,6,"MA",60000,2015,"donor_1","AL"
-2.32479611939508,0.0991424724098599,0.0648600466030003,0.567137252774697,-0.176525648428374,0.0774517387545396,-0.178182617700813,6,"MA",60000,2015,"donor_2","MO"
-2.32479611939508,0.0991424724098599,0.0648600466030003,0.567137252774697,-0.176525648428374,0.0774517387545396,-0.178182617700813,6,"MA",60000,2015,"donor_3","MI"
-2.32479611939508,0.0991424724098599,0.0648600466030003,0.567137252774697,-0.176525648428374,0.0774517387545396,-0.178182617700813,6,"MA",60000,2015,"donor_4","IN"
-2.32479611939508,0.0991424724098599,0.0648600466030003,0.567137252774697,-0.176525648428374,0.0774517387545396,-0.178182617700813,6,"MA",60000,2015,"donor_5","CO"
-2.32479611939508,0.0991424724098599,0.0648600466030003,0.567137252774697,-0.176525648428374,0.0774517387545396,-0.178182617700813,6,"MA",60000,2015,"donor_6","MN"
0.421168752870516,0.0992347392524311,-0.00515664248975196,0.607052152342225,-0.134295902638768,0.0293829272541657,-0.139388108755385,6,"MA",60000,2015,"donor_1","CO"
0.421168752870516,0.0992347392524311,-0.00515664248975196,0.607052152342225,-0.134295902638768,0.0293829272541657,-0.139388108755385,6,"MA",60000,2015,"donor_2","TX"
0.421168752870516,0.0992347392524311,-0.00515664248975196,0.607052152342225,-0.134295902638768,0.0293829272541657,-0.139388108755385,6,"MA",60000,2015,"donor_3","MI"
0.421168752870516,0.0992347392524311,-0.00515664248975196,0.607052152342225,-0.134295902638768,0.0293829272541657,-0.139388108755385,6,"MA",60000,2015,"donor_4","MN"
0.421168752870516,0.0992347392524311,-0.00515664248975196,0.607052152342225,-0.134295902638768,0.0293829272541657,-0.139388108755385,6,"MA",60000,2015,"donor_5","NC"
0.421168752870516,0.0992347392524311,-0.00515664248975196,0.607052152342225,-0.134295902638768,0.0293829272541657,-0.139388108755385,6,"MA",60000,2015,"donor_6","WA"
0.0280361649589178,0.100032096147704,0.000394224708929278,0.603683814343967,-0.192620540532101,0.0310318540862173,-0.197105232467572,6,"MA",60000,2015,"donor_1","TX"
0.0280361649589178,0.100032096147704,0.000394224708929278,0.603683814343967,-0.192620540532101,0.0310318540862173,-0.197105232467572,6,"MA",60000,2015,"donor_2","MN"
0.0280361649589178,0.100032096147704,0.000394224708929278,0.603683814343967,-0.192620540532101,0.0310318540862173,-0.197105232467572,6,"MA",60000,2015,"donor_3","AL"
0.0280361649589178,0.100032096147704,0.000394224708929278,0.603683814343967,-0.192620540532101,0.0310318540862173,-0.197105232467572,6,"MA",60000,2015,"donor_4","NC"
0.0280361649589178,0.100032096147704,0.000394224708929278,0.603683814343967,-0.192620540532101,0.0310318540862173,-0.197105232467572,6,"MA",60000,2015,"donor_5","IN"
0.0280361649589178,0.100032096147704,0.000394224708929278,0.603683814343967,-0.192620540532101,0.0310318540862173,-0.197105232467572,6,"MA",60000,2015,"donor_6","CO"
-1.16664913382488,0.101397269661474,0.0754018255197706,0.561577809418419,-0.130439214693532,0.10038309389146,-0.13362649693336,6,"MA",60000,2015,"donor_1","CO"
-1.16664913382488,0.101397269661474,0.0754018255197706,0.561577809418419,-0.130439214693532,0.10038309389146,-0.13362649693336,6,"MA",60000,2015,"donor_2","MN"
-1.16664913382488,0.101397269661474,0.0754018255197706,0.561577809418419,-0.130439214693532,0.10038309389146,-0.13362649693336,6,"MA",60000,2015,"donor_3","MI"
-1.16664913382488,0.101397269661474,0.0754018255197706,0.561577809418419,-0.130439214693532,0.10038309389146,-0.13362649693336,6,"MA",60000,2015,"donor_4","TX"
-1.16664913382488,0.101397269661474,0.0754018255197706,0.561577809418419,-0.130439214693532,0.10038309389146,-0.13362649693336,6,"MA",60000,2015,"donor_5","MO"
-1.16664913382488,0.101397269661474,0.0754018255197706,0.561577809418419,-0.130439214693532,0.10038309389146,-0.13362649693336,6,"MA",60000,2015,"donor_6","WI"
0.28618301628099,0.101510077003748,-0.00898852859750085,0.609399405402724,-0.132048253592822,0.0315181257853984,-0.138030875341955,6,"MA",60000,2015,"donor_1","PA"
0.28618301628099,0.101510077003748,-0.00898852859750085,0.609399405402724,-0.132048253592822,0.0315181257853984,-0.138030875341955,6,"MA",60000,2015,"donor_2","TX"
0.28618301628099,0.101510077003748,-0.00898852859750085,0.609399405402724,-0.132048253592822,0.0315181257853984,-0.138030875341955,6,"MA",60000,2015,"donor_3","CO"
0.28618301628099,0.101510077003748,-0.00898852859750085,0.609399405402724,-0.132048253592822,0.0315181257853984,-0.138030875341955,6,"MA",60000,2015,"donor_4","MI"
0.28618301628099,0.101510077003748,-0.00898852859750085,0.609399405402724,-0.132048253592822,0.0315181257853984,-0.138030875341955,6,"MA",60000,2015,"donor_5","MN"
0.28618301628099,0.101510077003748,-0.00898852859750085,0.609399405402724,-0.132048253592822,0.0315181257853984,-0.138030875341955,6,"MA",60000,2015,"donor_6","NC"
0.833291136855722,0.101778324850691,-0.0664089869744951,0.64688047870429,-0.191495355881751,-0.042420249638146,-0.195546675337333,6,"MA",60000,2015,"donor_1","AL"
0.833291136855722,0.101778324850691,-0.0664089869744951,0.64688047870429,-0.191495355881751,-0.042420249638146,-0.195546675337333,6,"MA",60000,2015,"donor_2","MN"
0.833291136855722,0.101778324850691,-0.0664089869744951,0.64688047870429,-0.191495355881751,-0.042420249638146,-0.195546675337333,6,"MA",60000,2015,"donor_3","CO"
0.833291136855722,0.101778324850691,-0.0664089869744951,0.64688047870429,-0.191495355881751,-0.042420249638146,-0.195546675337333,6,"MA",60000,2015,"donor_4","TX"
0.833291136855722,0.101778324850691,-0.0664089869744951,0.64688047870429,-0.191495355881751,-0.042420249638146,-0.195546675337333,6,"MA",60000,2015,"donor_5","WA"
0.833291136855722,0.101778324850691,-0.0664089869744951,0.64688047870429,-0.191495355881751,-0.042420249638146,-0.195546675337333,6,"MA",60000,2015,"donor_6","IA"
0.33957909719022,0.103684281169339,-0.0191788690486491,0.615730822228703,-0.120514140731277,0.0257453618689834,-0.127255880608732,6,"MA",60000,2015,"donor_1","PA"
0.33957909719022,0.103684281169339,-0.0191788690486491,0.615730822228703,-0.120514140731277,0.0257453618689834,-0.127255880608732,6,"MA",60000,2015,"donor_2","WA"
0.33957909719022,0.103684281169339,-0.0191788690486491,0.615730822228703,-0.120514140731277,0.0257453618689834,-0.127255880608732,6,"MA",60000,2015,"donor_3","NC"
0.33957909719022,0.103684281169339,-0.0191788690486491,0.615730822228703,-0.120514140731277,0.0257453618689834,-0.127255880608732,6,"MA",60000,2015,"donor_4","MN"
0.33957909719022,0.103684281169339,-0.0191788690486491,0.615730822228703,-0.120514140731277,0.0257453618689834,-0.127255880608732,6,"MA",60000,2015,"donor_5","CO"
0.33957909719022,0.103684281169339,-0.0191788690486491,0.615730822228703,-0.120514140731277,0.0257453618689834,-0.127255880608732,6,"MA",60000,2015,"donor_6","TX"
-0.937832855093587,0.103732737324276,0.0120277986948439,0.596744281331803,-0.120897439581118,0.0444782873149012,-0.12553244342601,6,"MA",60000,2015,"donor_1","OR"
-0.937832855093587,0.103732737324276,0.0120277986948439,0.596744281331803,-0.120897439581118,0.0444782873149012,-0.12553244342601,6,"MA",60000,2015,"donor_2","MN"
-0.937832855093587,0.103732737324276,0.0120277986948439,0.596744281331803,-0.120897439581118,0.0444782873149012,-0.12553244342601,6,"MA",60000,2015,"donor_3","MO"
-0.937832855093587,0.103732737324276,0.0120277986948439,0.596744281331803,-0.120897439581118,0.0444782873149012,-0.12553244342601,6,"MA",60000,2015,"donor_4","CO"
-0.937832855093587,0.103732737324276,0.0120277986948439,0.596744281331803,-0.120897439581118,0.0444782873149012,-0.12553244342601,6,"MA",60000,2015,"donor_5","TX"
-0.937832855093587,0.103732737324276,0.0120277986948439,0.596744281331803,-0.120897439581118,0.0444782873149012,-0.12553244342601,6,"MA",60000,2015,"donor_6","IL"
-1.02025575335605,0.103858558872824,0.0634125552312577,0.567909226244398,-0.118905101831988,0.0938162656408196,-0.122851502200138,6,"MA",60000,2015,"donor_1","TX"
-1.02025575335605,0.103858558872824,0.0634125552312577,0.567909226244398,-0.118905101831988,0.0938162656408196,-0.122851502200138,6,"MA",60000,2015,"donor_2","MN"
-1.02025575335605,0.103858558872824,0.0634125552312577,0.567909226244398,-0.118905101831988,0.0938162656408196,-0.122851502200138,6,"MA",60000,2015,"donor_3","WI"
-1.02025575335605,0.103858558872824,0.0634125552312577,0.567909226244398,-0.118905101831988,0.0938162656408196,-0.122851502200138,6,"MA",60000,2015,"donor_4","WA"
-1.02025575335605,0.103858558872824,0.0634125552312577,0.567909226244398,-0.118905101831988,0.0938162656408196,-0.122851502200138,6,"MA",60000,2015,"donor_5","MO"
-1.02025575335605,0.103858558872824,0.0634125552312577,0.567909226244398,-0.118905101831988,0.0938162656408196,-0.122851502200138,6,"MA",60000,2015,"donor_6","CO"
0.888272067674583,0.103987596948221,-0.085004945046149,0.660027393755064,-0.175411109295053,-0.0551382915102309,-0.180626901541785,6,"MA",60000,2015,"donor_1","MI"
0.888272067674583,0.103987596948221,-0.085004945046149,0.660027393755064,-0.175411109295053,-0.0551382915102309,-0.180626901541785,6,"MA",60000,2015,"donor_2","CO"
0.888272067674583,0.103987596948221,-0.085004945046149,0.660027393755064,-0.175411109295053,-0.0551382915102309,-0.180626901541785,6,"MA",60000,2015,"donor_3","PA"
0.888272067674583,0.103987596948221,-0.085004945046149,0.660027393755064,-0.175411109295053,-0.0551382915102309,-0.180626901541785,6,"MA",60000,2015,"donor_4","AL"
0.888272067674583,0.103987596948221,-0.085004945046149,0.660027393755064,-0.175411109295053,-0.0551382915102309,-0.180626901541785,6,"MA",60000,2015,"donor_5","IA"
0.888272067674583,0.103987596948221,-0.085004945046149,0.660027393755064,-0.175411109295053,-0.0551382915102309,-0.180626901541785,6,"MA",60000,2015,"donor_6","MN"
-0.0025097828305578,0.10424617876221,-0.0134867803152874,0.612178113145786,-0.192622958005915,-0.0115507116655006,-0.192922725244087,6,"MA",60000,2015,"donor_1","MI"
-0.0025097828305578,0.10424617876221,-0.0134867803152874,0.612178113145786,-0.192622958005915,-0.0115507116655006,-0.192922725244087,6,"MA",60000,2015,"donor_2","MN"
-0.0025097828305578,0.10424617876221,-0.0134867803152874,0.612178113145786,-0.192622958005915,-0.0115507116655006,-0.192922725244087,6,"MA",60000,2015,"donor_3","TX"
-0.0025097828305578,0.10424617876221,-0.0134867803152874,0.612178113145786,-0.192622958005915,-0.0115507116655006,-0.192922725244087,6,"MA",60000,2015,"donor_4","CO"
-0.0025097828305578,0.10424617876221,-0.0134867803152874,0.612178113145786,-0.192622958005915,-0.0115507116655006,-0.192922725244087,6,"MA",60000,2015,"donor_5","NC"
-0.0025097828305578,0.10424617876221,-0.0134867803152874,0.612178113145786,-0.192622958005915,-0.0115507116655006,-0.192922725244087,6,"MA",60000,2015,"donor_6","AL"
-1.47430132706463,0.104909986772523,0.0547090411475855,0.572595642835164,-0.150625080223743,0.0842191411344803,-0.154521283959467,6,"MA",60000,2015,"donor_1","PA"
-1.47430132706463,0.104909986772523,0.0547090411475855,0.572595642835164,-0.150625080223743,0.0842191411344803,-0.154521283959467,6,"MA",60000,2015,"donor_2","CO"
-1.47430132706463,0.104909986772523,0.0547090411475855,0.572595642835164,-0.150625080223743,0.0842191411344803,-0.154521283959467,6,"MA",60000,2015,"donor_3","MO"
-1.47430132706463,0.104909986772523,0.0547090411475855,0.572595642835164,-0.150625080223743,0.0842191411344803,-0.154521283959467,6,"MA",60000,2015,"donor_4","NC"
-1.47430132706463,0.104909986772523,0.0547090411475855,0.572595642835164,-0.150625080223743,0.0842191411344803,-0.154521283959467,6,"MA",60000,2015,"donor_5","TX"
-1.47430132706463,0.104909986772523,0.0547090411475855,0.572595642835164,-0.150625080223743,0.0842191411344803,-0.154521283959467,6,"MA",60000,2015,"donor_6","MN"
0.233135467051147,0.105327236721519,-0.0439701423798359,0.631697636435015,-0.131163550522621,-0.0026515910507655,-0.137706106509398,6,"MA",60000,2015,"donor_1","CO"
0.233135467051147,0.105327236721519,-0.0439701423798359,0.631697636435015,-0.131163550522621,-0.0026515910507655,-0.137706106509398,6,"MA",60000,2015,"donor_2","IN"
0.233135467051147,0.105327236721519,-0.0439701423798359,0.631697636435015,-0.131163550522621,-0.0026515910507655,-0.137706106509398,6,"MA",60000,2015,"donor_3","AL"
0.233135467051147,0.105327236721519,-0.0439701423798359,0.631697636435015,-0.131163550522621,-0.0026515910507655,-0.137706106509398,6,"MA",60000,2015,"donor_4","OR"
0.233135467051147,0.105327236721519,-0.0439701423798359,0.631697636435015,-0.131163550522621,-0.0026515910507655,-0.137706106509398,6,"MA",60000,2015,"donor_5","MN"
0.233135467051147,0.105327236721519,-0.0439701423798359,0.631697636435015,-0.131163550522621,-0.0026515910507655,-0.137706106509398,6,"MA",60000,2015,"donor_6","WI"
-0.0705479912028748,0.105429369381212,-0.0192222777819657,0.615758074168109,-0.18139961692996,0.0269140890044787,-0.188315687287188,6,"MA",60000,2015,"donor_1","CO"
-0.0705479912028748,0.105429369381212,-0.0192222777819657,0.615758074168109,-0.18139961692996,0.0269140890044787,-0.188315687287188,6,"MA",60000,2015,"donor_2","UT"
-0.0705479912028748,0.105429369381212,-0.0192222777819657,0.615758074168109,-0.18139961692996,0.0269140890044787,-0.188315687287188,6,"MA",60000,2015,"donor_3","NC"
-0.0705479912028748,0.105429369381212,-0.0192222777819657,0.615758074168109,-0.18139961692996,0.0269140890044787,-0.188315687287188,6,"MA",60000,2015,"donor_4","IA"
-0.0705479912028748,0.105429369381212,-0.0192222777819657,0.615758074168109,-0.18139961692996,0.0269140890044787,-0.188315687287188,6,"MA",60000,2015,"donor_5","MO"
-0.0705479912028748,0.105429369381212,-0.0192222777819657,0.615758074168109,-0.18139961692996,0.0269140890044787,-0.188315687287188,6,"MA",60000,2015,"donor_6","TX"
-1.79990980746126,0.105459100079471,-0.0345893772036372,0.625559515463659,-0.192386719993635,-0.0186103080260864,-0.194933073102399,6,"MA",60000,2015,"donor_1","CO"
-1.79990980746126,0.105459100079471,-0.0345893772036372,0.625559515463659,-0.192386719993635,-0.0186103080260864,-0.194933073102399,6,"MA",60000,2015,"donor_2","AL"
-1.79990980746126,0.105459100079471,-0.0345893772036372,0.625559515463659,-0.192386719993635,-0.0186103080260864,-0.194933073102399,6,"MA",60000,2015,"donor_3","MO"
-1.79990980746126,0.105459100079471,-0.0345893772036372,0.625559515463659,-0.192386719993635,-0.0186103080260864,-0.194933073102399,6,"MA",60000,2015,"donor_4","MN"
-1.79990980746126,0.105459100079471,-0.0345893772036372,0.625559515463659,-0.192386719993635,-0.0186103080260864,-0.194933073102399,6,"MA",60000,2015,"donor_5","NC"
-1.79990980746126,0.105459100079471,-0.0345893772036372,0.625559515463659,-0.192386719993635,-0.0186103080260864,-0.194933073102399,6,"MA",60000,2015,"donor_6","UT"
-1.12394559101825,0.105570118821065,-0.020579739915255,0.61661150583888,-0.17837168339955,0.0132468667841233,-0.183517979820017,6,"MA",60000,2015,"donor_1","AL"
-1.12394559101825,0.105570118821065,-0.020579739915255,0.61661150583888,-0.17837168339955,0.0132468667841233,-0.183517979820017,6,"MA",60000,2015,"donor_2","NC"
-1.12394559101825,0.105570118821065,-0.020579739915255,0.61661150583888,-0.17837168339955,0.0132468667841233,-0.183517979820017,6,"MA",60000,2015,"donor_3","TX"
-1.12394559101825,0.105570118821065,-0.020579739915255,0.61661150583888,-0.17837168339955,0.0132468667841233,-0.183517979820017,6,"MA",60000,2015,"donor_4","UT"
-1.12394559101825,0.105570118821065,-0.020579739915255,0.61661150583888,-0.17837168339955,0.0132468667841233,-0.183517979820017,6,"MA",60000,2015,"donor_5","IN"
-1.12394559101825,0.105570118821065,-0.020579739915255,0.61661150583888,-0.17837168339955,0.0132468667841233,-0.183517979820017,6,"MA",60000,2015,"donor_6","CO"
-0.792628277756082,0.105762644835431,0.0202574464459509,0.591930795039735,-0.102949852121754,0.0508239065746739,-0.107254386147946,6,"MA",60000,2015,"donor_1","MI"
-0.792628277756082,0.105762644835431,0.0202574464459509,0.591930795039735,-0.102949852121754,0.0508239065746739,-0.107254386147946,6,"MA",60000,2015,"donor_2","OR"
-0.792628277756082,0.105762644835431,0.0202574464459509,0.591930795039735,-0.102949852121754,0.0508239065746739,-0.107254386147946,6,"MA",60000,2015,"donor_3","MO"
-0.792628277756082,0.105762644835431,0.0202574464459509,0.591930795039735,-0.102949852121754,0.0508239065746739,-0.107254386147946,6,"MA",60000,2015,"donor_4","MN"
-0.792628277756082,0.105762644835431,0.0202574464459509,0.591930795039735,-0.102949852121754,0.0508239065746739,-0.107254386147946,6,"MA",60000,2015,"donor_5","CO"
-0.792628277756082,0.105762644835431,0.0202574464459509,0.591930795039735,-0.102949852121754,0.0508239065746739,-0.107254386147946,6,"MA",60000,2015,"donor_6","WI"
-0.621678302496791,0.105934877896512,0.00514418225452915,0.600831017163498,-0.167880067319595,0.0513099568904622,-0.174476083354364,6,"MA",60000,2015,"donor_1","CO"
-0.621678302496791,0.105934877896512,0.00514418225452915,0.600831017163498,-0.167880067319595,0.0513099568904622,-0.174476083354364,6,"MA",60000,2015,"donor_2","GA"
-0.621678302496791,0.105934877896512,0.00514418225452915,0.600831017163498,-0.167880067319595,0.0513099568904622,-0.174476083354364,6,"MA",60000,2015,"donor_3","MN"
-0.621678302496791,0.105934877896512,0.00514418225452915,0.600831017163498,-0.167880067319595,0.0513099568904622,-0.174476083354364,6,"MA",60000,2015,"donor_4","MI"
-0.621678302496791,0.105934877896512,0.00514418225452915,0.600831017163498,-0.167880067319595,0.0513099568904622,-0.174476083354364,6,"MA",60000,2015,"donor_5","NC"
-0.621678302496791,0.105934877896512,0.00514418225452915,0.600831017163498,-0.167880067319595,0.0513099568904622,-0.174476083354364,6,"MA",60000,2015,"donor_6","MO"
-0.0191563061485056,0.106009240820766,0.024209834262693,0.589646556025028,-0.15651944651332,0.0557381231808583,-0.160921709387457,6,"MA",60000,2015,"donor_1","MO"
-0.0191563061485056,0.106009240820766,0.024209834262693,0.589646556025028,-0.15651944651332,0.0557381231808583,-0.160921709387457,6,"MA",60000,2015,"donor_2","MI"
-0.0191563061485056,0.106009240820766,0.024209834262693,0.589646556025028,-0.15651944651332,0.0557381231808583,-0.160921709387457,6,"MA",60000,2015,"donor_3","IL"
-0.0191563061485056,0.106009240820766,0.024209834262693,0.589646556025028,-0.15651944651332,0.0557381231808583,-0.160921709387457,6,"MA",60000,2015,"donor_4","CO"
-0.0191563061485056,0.106009240820766,0.024209834262693,0.589646556025028,-0.15651944651332,0.0557381231808583,-0.160921709387457,6,"MA",60000,2015,"donor_5","TX"
-0.0191563061485056,0.106009240820766,0.024209834262693,0.589646556025028,-0.15651944651332,0.0557381231808583,-0.160921709387457,6,"MA",60000,2015,"donor_6","IA"
-2.44423402402441,0.106170855607671,0.0573539907763243,0.57116330641222,-0.178830550581395,0.0424399045460662,-0.176787656126223,6,"MA",60000,2015,"donor_1","CO"
-2.44423402402441,0.106170855607671,0.0573539907763243,0.57116330641222,-0.178830550581395,0.0424399045460662,-0.176787656126223,6,"MA",60000,2015,"donor_2","WA"
-2.44423402402441,0.106170855607671,0.0573539907763243,0.57116330641222,-0.178830550581395,0.0424399045460662,-0.176787656126223,6,"MA",60000,2015,"donor_3","AL"
-2.44423402402441,0.106170855607671,0.0573539907763243,0.57116330641222,-0.178830550581395,0.0424399045460662,-0.176787656126223,6,"MA",60000,2015,"donor_4","MO"
-2.44423402402441,0.106170855607671,0.0573539907763243,0.57116330641222,-0.178830550581395,0.0424399045460662,-0.176787656126223,6,"MA",60000,2015,"donor_5","TX"
-2.44423402402441,0.106170855607671,0.0573539907763243,0.57116330641222,-0.178830550581395,0.0424399045460662,-0.176787656126223,6,"MA",60000,2015,"donor_6","MN"
-1.3304939867247,0.106245054774742,-0.0346863669704922,0.625622368477936,-0.143883797174627,-0.00297832772647201,-0.148857926414566,6,"MA",60000,2015,"donor_1","IN"
-1.3304939867247,0.106245054774742,-0.0346863669704922,0.625622368477936,-0.143883797174627,-0.00297832772647201,-0.148857926414566,6,"MA",60000,2015,"donor_2","TX"
-1.3304939867247,0.106245054774742,-0.0346863669704922,0.625622368477936,-0.143883797174627,-0.00297832772647201,-0.148857926414566,6,"MA",60000,2015,"donor_3","OR"
-1.3304939867247,0.106245054774742,-0.0346863669704922,0.625622368477936,-0.143883797174627,-0.00297832772647201,-0.148857926414566,6,"MA",60000,2015,"donor_4","UT"
-1.3304939867247,0.106245054774742,-0.0346863669704922,0.625622368477936,-0.143883797174627,-0.00297832772647201,-0.148857926414566,6,"MA",60000,2015,"donor_5","AL"
-1.3304939867247,0.106245054774742,-0.0346863669704922,0.625622368477936,-0.143883797174627,-0.00297832772647201,-0.148857926414566,6,"MA",60000,2015,"donor_6","CO"
-0.312167962113606,0.106264841516749,0.00231769082970602,0.602525333978734,-0.0960469879660424,0.0495659148731495,-0.10282794654336,6,"MA",60000,2015,"donor_1","MO"
-0.312167962113606,0.106264841516749,0.00231769082970602,0.602525333978734,-0.0960469879660424,0.0495659148731495,-0.10282794654336,6,"MA",60000,2015,"donor_2","WA"
-0.312167962113606,0.106264841516749,0.00231769082970602,0.602525333978734,-0.0960469879660424,0.0495659148731495,-0.10282794654336,6,"MA",60000,2015,"donor_3","WI"
-0.312167962113606,0.106264841516749,0.00231769082970602,0.602525333978734,-0.0960469879660424,0.0495659148731495,-0.10282794654336,6,"MA",60000,2015,"donor_4","IL"
-0.312167962113606,0.106264841516749,0.00231769082970602,0.602525333978734,-0.0960469879660424,0.0495659148731495,-0.10282794654336,6,"MA",60000,2015,"donor_5","CO"
-0.312167962113606,0.106264841516749,0.00231769082970602,0.602525333978734,-0.0960469879660424,0.0495659148731495,-0.10282794654336,6,"MA",60000,2015,"donor_6","MN"
0.469835502501479,0.106324805450217,-0.0391345798913163,0.628518613305547,-0.121777258315021,-0.00408122561721196,-0.127307750908085,6,"MA",60000,2015,"donor_1","OR"
0.469835502501479,0.106324805450217,-0.0391345798913163,0.628518613305547,-0.121777258315021,-0.00408122561721196,-0.127307750908085,6,"MA",60000,2015,"donor_2","MI"
0.469835502501479,0.106324805450217,-0.0391345798913163,0.628518613305547,-0.121777258315021,-0.00408122561721196,-0.127307750908085,6,"MA",60000,2015,"donor_3","CO"
0.469835502501479,0.106324805450217,-0.0391345798913163,0.628518613305547,-0.121777258315021,-0.00408122561721196,-0.127307750908085,6,"MA",60000,2015,"donor_4","TX"
0.469835502501479,0.106324805450217,-0.0391345798913163,0.628518613305547,-0.121777258315021,-0.00408122561721196,-0.127307750908085,6,"MA",60000,2015,"donor_5","WA"
0.469835502501479,0.106324805450217,-0.0391345798913163,0.628518613305547,-0.121777258315021,-0.00408122561721196,-0.127307750908085,6,"MA",60000,2015,"donor_6","IA"
-1.44923432399605,0.106465615382217,0.0617599032195189,0.568793189108688,-0.212331487870302,0.0768554909789784,-0.214324853641081,6,"MA",60000,2015,"donor_1","MO"
-1.44923432399605,0.106465615382217,0.0617599032195189,0.568793189108688,-0.212331487870302,0.0768554909789784,-0.214324853641081,6,"MA",60000,2015,"donor_2","AL"
-1.44923432399605,0.106465615382217,0.0617599032195189,0.568793189108688,-0.212331487870302,0.0768554909789784,-0.214324853641081,6,"MA",60000,2015,"donor_3","IN"
-1.44923432399605,0.106465615382217,0.0617599032195189,0.568793189108688,-0.212331487870302,0.0768554909789784,-0.214324853641081,6,"MA",60000,2015,"donor_4","CO"
-1.44923432399605,0.106465615382217,0.0617599032195189,0.568793189108688,-0.212331487870302,0.0768554909789784,-0.214324853641081,6,"MA",60000,2015,"donor_5","TX"
-1.44923432399605,0.106465615382217,0.0617599032195189,0.568793189108688,-0.212331487870302,0.0768554909789784,-0.214324853641081,6,"MA",60000,2015,"donor_6","IA"
0.540527666157038,0.106505304470202,-0.0222169389477646,0.617643959560984,-0.121648261438557,0.0196272747854869,-0.127985093164728,6,"MA",60000,2015,"donor_1","PA"
0.540527666157038,0.106505304470202,-0.0222169389477646,0.617643959560984,-0.121648261438557,0.0196272747854869,-0.127985093164728,6,"MA",60000,2015,"donor_2","TX"
0.540527666157038,0.106505304470202,-0.0222169389477646,0.617643959560984,-0.121648261438557,0.0196272747854869,-0.127985093164728,6,"MA",60000,2015,"donor_3","WA"
0.540527666157038,0.106505304470202,-0.0222169389477646,0.617643959560984,-0.121648261438557,0.0196272747854869,-0.127985093164728,6,"MA",60000,2015,"donor_4","IA"
0.540527666157038,0.106505304470202,-0.0222169389477646,0.617643959560984,-0.121648261438557,0.0196272747854869,-0.127985093164728,6,"MA",60000,2015,"donor_5","CO"
0.540527666157038,0.106505304470202,-0.0222169389477646,0.617643959560984,-0.121648261438557,0.0196272747854869,-0.127985093164728,6,"MA",60000,2015,"donor_6","MI"
0.407003455652325,0.106534934275684,-0.0338602571707613,0.625087422293011,-0.228604819027362,-0.0181835335706022,-0.231100021308105,6,"MA",60000,2015,"donor_1","AL"
0.407003455652325,0.106534934275684,-0.0338602571707613,0.625087422293011,-0.228604819027362,-0.0181835335706022,-0.231100021308105,6,"MA",60000,2015,"donor_2","MO"
0.407003455652325,0.106534934275684,-0.0338602571707613,0.625087422293011,-0.228604819027362,-0.0181835335706022,-0.231100021308105,6,"MA",60000,2015,"donor_3","IA"
0.407003455652325,0.106534934275684,-0.0338602571707613,0.625087422293011,-0.228604819027362,-0.0181835335706022,-0.231100021308105,6,"MA",60000,2015,"donor_4","NC"
0.407003455652325,0.106534934275684,-0.0338602571707613,0.625087422293011,-0.228604819027362,-0.0181835335706022,-0.231100021308105,6,"MA",60000,2015,"donor_5","MN"
0.407003455652325,0.106534934275684,-0.0338602571707613,0.625087422293011,-0.228604819027362,-0.0181835335706022,-0.231100021308105,6,"MA",60000,2015,"donor_6","CO"
-0.831030814165594,0.106594651428527,-0.00970756285958861,0.609841879802555,-0.133392181094672,0.0338533528198353,-0.139816029948913,6,"MA",60000,2015,"donor_1","OR"
-0.831030814165594,0.106594651428527,-0.00970756285958861,0.609841879802555,-0.133392181094672,0.0338533528198353,-0.139816029948913,6,"MA",60000,2015,"donor_2","MI"
-0.831030814165594,0.106594651428527,-0.00970756285958861,0.609841879802555,-0.133392181094672,0.0338533528198353,-0.139816029948913,6,"MA",60000,2015,"donor_3","GA"
-0.831030814165594,0.106594651428527,-0.00970756285958861,0.609841879802555,-0.133392181094672,0.0338533528198353,-0.139816029948913,6,"MA",60000,2015,"donor_4","CO"
-0.831030814165594,0.106594651428527,-0.00970756285958861,0.609841879802555,-0.133392181094672,0.0338533528198353,-0.139816029948913,6,"MA",60000,2015,"donor_5","MO"
-0.831030814165594,0.106594651428527,-0.00970756285958861,0.609841879802555,-0.133392181094672,0.0338533528198353,-0.139816029948913,6,"MA",60000,2015,"donor_6","MN"
-2.87339045653016,0.10678728556261,-0.0572948641047886,0.640626404189965,-0.155977891699918,-0.0163374871646122,-0.16264643318947,6,"MA",60000,2015,"donor_1","UT"
-2.87339045653016,0.10678728556261,-0.0572948641047886,0.640626404189965,-0.155977891699918,-0.0163374871646122,-0.16264643318947,6,"MA",60000,2015,"donor_2","MO"
-2.87339045653016,0.10678728556261,-0.0572948641047886,0.640626404189965,-0.155977891699918,-0.0163374871646122,-0.16264643318947,6,"MA",60000,2015,"donor_3","TX"
-2.87339045653016,0.10678728556261,-0.0572948641047886,0.640626404189965,-0.155977891699918,-0.0163374871646122,-0.16264643318947,6,"MA",60000,2015,"donor_4","NJ"
-2.87339045653016,0.10678728556261,-0.0572948641047886,0.640626404189965,-0.155977891699918,-0.0163374871646122,-0.16264643318947,6,"MA",60000,2015,"donor_5","CO"
-2.87339045653016,0.10678728556261,-0.0572948641047886,0.640626404189965,-0.155977891699918,-0.0163374871646122,-0.16264643318947,6,"MA",60000,2015,"donor_6","MN"
0.225176920459845,0.106803305097676,-0.0631530687523239,0.644632310014262,-0.190163139490863,-0.0276577785149134,-0.19604620474165,6,"MA",60000,2015,"donor_1","MN"
0.225176920459845,0.106803305097676,-0.0631530687523239,0.644632310014262,-0.190163139490863,-0.0276577785149134,-0.19604620474165,6,"MA",60000,2015,"donor_2","IN"
0.225176920459845,0.106803305097676,-0.0631530687523239,0.644632310014262,-0.190163139490863,-0.0276577785149134,-0.19604620474165,6,"MA",60000,2015,"donor_3","FL"
0.225176920459845,0.106803305097676,-0.0631530687523239,0.644632310014262,-0.190163139490863,-0.0276577785149134,-0.19604620474165,6,"MA",60000,2015,"donor_4","TX"
0.225176920459845,0.106803305097676,-0.0631530687523239,0.644632310014262,-0.190163139490863,-0.0276577785149134,-0.19604620474165,6,"MA",60000,2015,"donor_5","CO"
0.225176920459845,0.106803305097676,-0.0631530687523239,0.644632310014262,-0.190163139490863,-0.0276577785149134,-0.19604620474165,6,"MA",60000,2015,"donor_6","AL"
-0.60119992276484,0.106854579842564,0.00552850219796946,0.600601375395981,-0.125383366697911,0.0339193168761379,-0.129506406587484,6,"MA",60000,2015,"donor_1","NC"
-0.60119992276484,0.106854579842564,0.00552850219796946,0.600601375395981,-0.125383366697911,0.0339193168761379,-0.129506406587484,6,"MA",60000,2015,"donor_2","CO"
-0.60119992276484,0.106854579842564,0.00552850219796946,0.600601375395981,-0.125383366697911,0.0339193168761379,-0.129506406587484,6,"MA",60000,2015,"donor_3","MO"
-0.60119992276484,0.106854579842564,0.00552850219796946,0.600601375395981,-0.125383366697911,0.0339193168761379,-0.129506406587484,6,"MA",60000,2015,"donor_4","OR"
-0.60119992276484,0.106854579842564,0.00552850219796946,0.600601375395981,-0.125383366697911,0.0339193168761379,-0.129506406587484,6,"MA",60000,2015,"donor_5","MN"
-0.60119992276484,0.106854579842564,0.00552850219796946,0.600601375395981,-0.125383366697911,0.0339193168761379,-0.129506406587484,6,"MA",60000,2015,"donor_6","WA"
-0.200276173805493,0.106952976139151,0.0477976078670183,0.576372571272952,-0.18637608403241,0.0689939522846101,-0.189233207664271,6,"MA",60000,2015,"donor_1","TX"
-0.200276173805493,0.106952976139151,0.0477976078670183,0.576372571272952,-0.18637608403241,0.0689939522846101,-0.189233207664271,6,"MA",60000,2015,"donor_2","NC"
-0.200276173805493,0.106952976139151,0.0477976078670183,0.576372571272952,-0.18637608403241,0.0689939522846101,-0.189233207664271,6,"MA",60000,2015,"donor_3","MI"
-0.200276173805493,0.106952976139151,0.0477976078670183,0.576372571272952,-0.18637608403241,0.0689939522846101,-0.189233207664271,6,"MA",60000,2015,"donor_4","IA"
-0.200276173805493,0.106952976139151,0.0477976078670183,0.576372571272952,-0.18637608403241,0.0689939522846101,-0.189233207664271,6,"MA",60000,2015,"donor_5","MO"
-0.200276173805493,0.106952976139151,0.0477976078670183,0.576372571272952,-0.18637608403241,0.0689939522846101,-0.189233207664271,6,"MA",60000,2015,"donor_6","CO"
0.0786702446170415,0.106978665990983,-0.02358529310368,0.618509529971765,-0.181088845144371,-0.0168527192743562,-0.182147730510865,6,"MA",60000,2015,"donor_1","AL"
0.0786702446170415,0.106978665990983,-0.02358529310368,0.618509529971765,-0.181088845144371,-0.0168527192743562,-0.182147730510865,6,"MA",60000,2015,"donor_2","NC"
0.0786702446170415,0.106978665990983,-0.02358529310368,0.618509529971765,-0.181088845144371,-0.0168527192743562,-0.182147730510865,6,"MA",60000,2015,"donor_3","TX"
0.0786702446170415,0.106978665990983,-0.02358529310368,0.618509529971765,-0.181088845144371,-0.0168527192743562,-0.182147730510865,6,"MA",60000,2015,"donor_4","MN"
0.0786702446170415,0.106978665990983,-0.02358529310368,0.618509529971765,-0.181088845144371,-0.0168527192743562,-0.182147730510865,6,"MA",60000,2015,"donor_5","WA"
0.0786702446170415,0.106978665990983,-0.02358529310368,0.618509529971765,-0.181088845144371,-0.0168527192743562,-0.182147730510865,6,"MA",60000,2015,"donor_6","CO"
0.645876555586513,0.107080050021359,-0.0740402101613145,0.652211692178526,-0.164207735652971,-0.0340719241287663,-0.17095455876484,6,"MA",60000,2015,"donor_1","CO"
0.645876555586513,0.107080050021359,-0.0740402101613145,0.652211692178526,-0.164207735652971,-0.0340719241287663,-0.17095455876484,6,"MA",60000,2015,"donor_2","TX"
0.645876555586513,0.107080050021359,-0.0740402101613145,0.652211692178526,-0.164207735652971,-0.0340719241287663,-0.17095455876484,6,"MA",60000,2015,"donor_3","FL"
0.645876555586513,0.107080050021359,-0.0740402101613145,0.652211692178526,-0.164207735652971,-0.0340719241287663,-0.17095455876484,6,"MA",60000,2015,"donor_4","MI"
0.645876555586513,0.107080050021359,-0.0740402101613145,0.652211692178526,-0.164207735652971,-0.0340719241287663,-0.17095455876484,6,"MA",60000,2015,"donor_5","NC"
0.645876555586513,0.107080050021359,-0.0740402101613145,0.652211692178526,-0.164207735652971,-0.0340719241287663,-0.17095455876484,6,"MA",60000,2015,"donor_6","MN"
-3.70488969961723,0.107085074747097,0.132142894324696,0.533432488467095,-0.108981038664387,0.17102126445602,-0.113408581177103,6,"MA",60000,2015,"donor_1","CO"
-3.70488969961723,0.107085074747097,0.132142894324696,0.533432488467095,-0.108981038664387,0.17102126445602,-0.113408581177103,6,"MA",60000,2015,"donor_2","WA"
-3.70488969961723,0.107085074747097,0.132142894324696,0.533432488467095,-0.108981038664387,0.17102126445602,-0.113408581177103,6,"MA",60000,2015,"donor_3","PA"
-3.70488969961723,0.107085074747097,0.132142894324696,0.533432488467095,-0.108981038664387,0.17102126445602,-0.113408581177103,6,"MA",60000,2015,"donor_4","TX"
-3.70488969961723,0.107085074747097,0.132142894324696,0.533432488467095,-0.108981038664387,0.17102126445602,-0.113408581177103,6,"MA",60000,2015,"donor_5","IN"
-3.70488969961723,0.107085074747097,0.132142894324696,0.533432488467095,-0.108981038664387,0.17102126445602,-0.113408581177103,6,"MA",60000,2015,"donor_6","MO"
0.600018430848806,0.107116029399277,-0.0503626685045423,0.635949937297563,-0.166265298667602,-0.0182716054320519,-0.171462334238154,6,"MA",60000,2015,"donor_1","MI"
0.600018430848806,0.107116029399277,-0.0503626685045423,0.635949937297563,-0.166265298667602,-0.0182716054320519,-0.171462334238154,6,"MA",60000,2015,"donor_2","AL"
0.600018430848806,0.107116029399277,-0.0503626685045423,0.635949937297563,-0.166265298667602,-0.0182716054320519,-0.171462334238154,6,"MA",60000,2015,"donor_3","IN"
0.600018430848806,0.107116029399277,-0.0503626685045423,0.635949937297563,-0.166265298667602,-0.0182716054320519,-0.171462334238154,6,"MA",60000,2015,"donor_4","IA"
0.600018430848806,0.107116029399277,-0.0503626685045423,0.635949937297563,-0.166265298667602,-0.0182716054320519,-0.171462334238154,6,"MA",60000,2015,"donor_5","CO"
0.600018430848806,0.107116029399277,-0.0503626685045423,0.635949937297563,-0.166265298667602,-0.0182716054320519,-0.171462334238154,6,"MA",60000,2015,"donor_6","OR"
-0.574742258677026,0.107232006628214,0.201519505695461,0.502631708064032,-0.178694318222123,0.258154775272388,-0.184350753114633,6,"MA",60000,2015,"donor_1","IN"
-0.574742258677026,0.107232006628214,0.201519505695461,0.502631708064032,-0.178694318222123,0.258154775272388,-0.184350753114633,6,"MA",60000,2015,"donor_2","MD"
-0.574742258677026,0.107232006628214,0.201519505695461,0.502631708064032,-0.178694318222123,0.258154775272388,-0.184350753114633,6,"MA",60000,2015,"donor_3","CO"
-0.574742258677026,0.107232006628214,0.201519505695461,0.502631708064032,-0.178694318222123,0.258154775272388,-0.184350753114633,6,"MA",60000,2015,"donor_4","MI"
-0.574742258677026,0.107232006628214,0.201519505695461,0.502631708064032,-0.178694318222123,0.258154775272388,-0.184350753114633,6,"MA",60000,2015,"donor_5","MN"
-0.574742258677026,0.107232006628214,0.201519505695461,0.502631708064032,-0.178694318222123,0.258154775272388,-0.184350753114633,6,"MA",60000,2015,"donor_6","UT"
0.688935267946325,0.107235833650345,-0.113762318289493,0.681444508491612,-0.196375227365414,-0.0846136406216097,-0.201800042287296,6,"MA",60000,2015,"donor_1","MN"
0.688935267946325,0.107235833650345,-0.113762318289493,0.681444508491612,-0.196375227365414,-0.0846136406216097,-0.201800042287296,6,"MA",60000,2015,"donor_2","IA"
0.688935267946325,0.107235833650345,-0.113762318289493,0.681444508491612,-0.196375227365414,-0.0846136406216097,-0.201800042287296,6,"MA",60000,2015,"donor_3","AL"
0.688935267946325,0.107235833650345,-0.113762318289493,0.681444508491612,-0.196375227365414,-0.0846136406216097,-0.201800042287296,6,"MA",60000,2015,"donor_4","CO"
0.688935267946325,0.107235833650345,-0.113762318289493,0.681444508491612,-0.196375227365414,-0.0846136406216097,-0.201800042287296,6,"MA",60000,2015,"donor_5","NC"
0.688935267946325,0.107235833650345,-0.113762318289493,0.681444508491612,-0.196375227365414,-0.0846136406216097,-0.201800042287296,6,"MA",60000,2015,"donor_6","OR"
-2.38501537635294,0.107237265446722,0.0125270090892007,0.596450066021654,-0.108767234618048,0.0492040752891781,-0.113979766448528,6,"MA",60000,2015,"donor_1","WA"
-2.38501537635294,0.107237265446722,0.0125270090892007,0.596450066021654,-0.108767234618048,0.0492040752891781,-0.113979766448528,6,"MA",60000,2015,"donor_2","TX"
-2.38501537635294,0.107237265446722,0.0125270090892007,0.596450066021654,-0.108767234618048,0.0492040752891781,-0.113979766448528,6,"MA",60000,2015,"donor_3","IL"
-2.38501537635294,0.107237265446722,0.0125270090892007,0.596450066021654,-0.108767234618048,0.0492040752891781,-0.113979766448528,6,"MA",60000,2015,"donor_4","MO"
-2.38501537635294,0.107237265446722,0.0125270090892007,0.596450066021654,-0.108767234618048,0.0492040752891781,-0.113979766448528,6,"MA",60000,2015,"donor_5","CO"
-2.38501537635294,0.107237265446722,0.0125270090892007,0.596450066021654,-0.108767234618048,0.0492040752891781,-0.113979766448528,6,"MA",60000,2015,"donor_6","UT"
-2.14382355123424,0.107348766872385,0.0760456436792498,0.561241806950691,-0.0983062933236718,0.130930987395391,-0.105115716229596,6,"MA",60000,2015,"donor_1","IN"
-2.14382355123424,0.107348766872385,0.0760456436792498,0.561241806950691,-0.0983062933236718,0.130930987395391,-0.105115716229596,6,"MA",60000,2015,"donor_2","MI"
-2.14382355123424,0.107348766872385,0.0760456436792498,0.561241806950691,-0.0983062933236718,0.130930987395391,-0.105115716229596,6,"MA",60000,2015,"donor_3","IL"
-2.14382355123424,0.107348766872385,0.0760456436792498,0.561241806950691,-0.0983062933236718,0.130930987395391,-0.105115716229596,6,"MA",60000,2015,"donor_4","WI"
-2.14382355123424,0.107348766872385,0.0760456436792498,0.561241806950691,-0.0983062933236718,0.130930987395391,-0.105115716229596,6,"MA",60000,2015,"donor_5","CO"
-2.14382355123424,0.107348766872385,0.0760456436792498,0.561241806950691,-0.0983062933236718,0.130930987395391,-0.105115716229596,6,"MA",60000,2015,"donor_6","MO"
0.801928357019604,0.107399498404454,-0.0993901721875462,0.670569854747049,-0.19624623048895,-0.0646228526401166,-0.202477384543939,6,"MA",60000,2015,"donor_1","IA"
0.801928357019604,0.107399498404454,-0.0993901721875462,0.670569854747049,-0.19624623048895,-0.0646228526401166,-0.202477384543939,6,"MA",60000,2015,"donor_2","PA"
0.801928357019604,0.107399498404454,-0.0993901721875462,0.670569854747049,-0.19624623048895,-0.0646228526401166,-0.202477384543939,6,"MA",60000,2015,"donor_3","MN"
0.801928357019604,0.107399498404454,-0.0993901721875462,0.670569854747049,-0.19624623048895,-0.0646228526401166,-0.202477384543939,6,"MA",60000,2015,"donor_4","CO"
0.801928357019604,0.107399498404454,-0.0993901721875462,0.670569854747049,-0.19624623048895,-0.0646228526401166,-0.202477384543939,6,"MA",60000,2015,"donor_5","NC"
0.801928357019604,0.107399498404454,-0.0993901721875462,0.670569854747049,-0.19624623048895,-0.0646228526401166,-0.202477384543939,6,"MA",60000,2015,"donor_6","AL"
-0.663757868167519,0.107404315382781,-0.0434254866234414,0.631337959536693,-0.0833115102353484,-0.00252361483286509,-0.0897835692889487,6,"MA",60000,2015,"donor_1","UT"
-0.663757868167519,0.107404315382781,-0.0434254866234414,0.631337959536693,-0.0833115102353484,-0.00252361483286509,-0.0897835692889487,6,"MA",60000,2015,"donor_2","OR"
-0.663757868167519,0.107404315382781,-0.0434254866234414,0.631337959536693,-0.0833115102353484,-0.00252361483286509,-0.0897835692889487,6,"MA",60000,2015,"donor_3","TX"
-0.663757868167519,0.107404315382781,-0.0434254866234414,0.631337959536693,-0.0833115102353484,-0.00252361483286509,-0.0897835692889487,6,"MA",60000,2015,"donor_4","MI"
-0.663757868167519,0.107404315382781,-0.0434254866234414,0.631337959536693,-0.0833115102353484,-0.00252361483286509,-0.0897835692889487,6,"MA",60000,2015,"donor_5","PA"
-0.663757868167519,0.107404315382781,-0.0434254866234414,0.631337959536693,-0.0833115102353484,-0.00252361483286509,-0.0897835692889487,6,"MA",60000,2015,"donor_6","CO"
-0.347596561819799,0.107663877467648,0.0316687600536708,0.585383433912008,-0.151888197807487,0.050950176596846,-0.15457315425882,6,"MA",60000,2015,"donor_1","MI"
-0.347596561819799,0.107663877467648,0.0316687600536708,0.585383433912008,-0.151888197807487,0.050950176596846,-0.15457315425882,6,"MA",60000,2015,"donor_2","MO"
-0.347596561819799,0.107663877467648,0.0316687600536708,0.585383433912008,-0.151888197807487,0.050950176596846,-0.15457315425882,6,"MA",60000,2015,"donor_3","OR"
-0.347596561819799,0.107663877467648,0.0316687600536708,0.585383433912008,-0.151888197807487,0.050950176596846,-0.15457315425882,6,"MA",60000,2015,"donor_4","TX"
-0.347596561819799,0.107663877467648,0.0316687600536708,0.585383433912008,-0.151888197807487,0.050950176596846,-0.15457315425882,6,"MA",60000,2015,"donor_5","CO"
-0.347596561819799,0.107663877467648,0.0316687600536708,0.585383433912008,-0.151888197807487,0.050950176596846,-0.15457315425882,6,"MA",60000,2015,"donor_6","IA"
0.412791502129015,0.107704276807668,-0.0288382375305311,0.62185500372699,-0.154017495493998,0.0141718630744487,-0.160610570900105,6,"MA",60000,2015,"donor_1","CO"
0.412791502129015,0.107704276807668,-0.0288382375305311,0.62185500372699,-0.154017495493998,0.0141718630744487,-0.160610570900105,6,"MA",60000,2015,"donor_2","MI"
0.412791502129015,0.107704276807668,-0.0288382375305311,0.62185500372699,-0.154017495493998,0.0141718630744487,-0.160610570900105,6,"MA",60000,2015,"donor_3","NC"
0.412791502129015,0.107704276807668,-0.0288382375305311,0.62185500372699,-0.154017495493998,0.0141718630744487,-0.160610570900105,6,"MA",60000,2015,"donor_4","TX"
0.412791502129015,0.107704276807668,-0.0288382375305311,0.62185500372699,-0.154017495493998,0.0141718630744487,-0.160610570900105,6,"MA",60000,2015,"donor_5","PA"
0.412791502129015,0.107704276807668,-0.0288382375305311,0.62185500372699,-0.154017495493998,0.0141718630744487,-0.160610570900105,6,"MA",60000,2015,"donor_6","IA"
0.412791502129019,0.107704276807668,-0.0288382375305306,0.62185500372699,-0.154017495493998,0.0141718630744489,-0.160610570900105,6,"MA",60000,2015,"donor_1","TX"
0.412791502129019,0.107704276807668,-0.0288382375305306,0.62185500372699,-0.154017495493998,0.0141718630744489,-0.160610570900105,6,"MA",60000,2015,"donor_2","MI"
0.412791502129019,0.107704276807668,-0.0288382375305306,0.62185500372699,-0.154017495493998,0.0141718630744489,-0.160610570900105,6,"MA",60000,2015,"donor_3","IA"
0.412791502129019,0.107704276807668,-0.0288382375305306,0.62185500372699,-0.154017495493998,0.0141718630744489,-0.160610570900105,6,"MA",60000,2015,"donor_4","CO"
0.412791502129019,0.107704276807668,-0.0288382375305306,0.62185500372699,-0.154017495493998,0.0141718630744489,-0.160610570900105,6,"MA",60000,2015,"donor_5","PA"
0.412791502129019,0.107704276807668,-0.0288382375305306,0.62185500372699,-0.154017495493998,0.0141718630744489,-0.160610570900105,6,"MA",60000,2015,"donor_6","NC"
0.867816012507352,0.107727361216924,0.00397618911363513,0.60153000436508,-0.141862526118497,0.0509693120238048,-0.14858674087574,6,"MA",60000,2015,"donor_1","MO"
0.867816012507352,0.107727361216924,0.00397618911363513,0.60153000436508,-0.141862526118497,0.0509693120238048,-0.14858674087574,6,"MA",60000,2015,"donor_2","MN"
0.867816012507352,0.107727361216924,0.00397618911363513,0.60153000436508,-0.141862526118497,0.0509693120238048,-0.14858674087574,6,"MA",60000,2015,"donor_3","IA"
0.867816012507352,0.107727361216924,0.00397618911363513,0.60153000436508,-0.141862526118497,0.0509693120238048,-0.14858674087574,6,"MA",60000,2015,"donor_4","CO"
0.867816012507352,0.107727361216924,0.00397618911363513,0.60153000436508,-0.141862526118497,0.0509693120238048,-0.14858674087574,6,"MA",60000,2015,"donor_5","WA"
0.867816012507352,0.107727361216924,0.00397618911363513,0.60153000436508,-0.141862526118497,0.0509693120238048,-0.14858674087574,6,"MA",60000,2015,"donor_6","NY"
-2.52673122376467,0.107851154359365,0.0770497593349896,0.560718570507685,-0.107903732442399,0.131992730044806,-0.11470756235627,6,"MA",60000,2015,"donor_1","CO"
-2.52673122376467,0.107851154359365,0.0770497593349896,0.560718570507685,-0.107903732442399,0.131992730044806,-0.11470756235627,6,"MA",60000,2015,"donor_2","IN"
-2.52673122376467,0.107851154359365,0.0770497593349896,0.560718570507685,-0.107903732442399,0.131992730044806,-0.11470756235627,6,"MA",60000,2015,"donor_3","MI"
-2.52673122376467,0.107851154359365,0.0770497593349896,0.560718570507685,-0.107903732442399,0.131992730044806,-0.11470756235627,6,"MA",60000,2015,"donor_4","NY"
-2.52673122376467,0.107851154359365,0.0770497593349896,0.560718570507685,-0.107903732442399,0.131992730044806,-0.11470756235627,6,"MA",60000,2015,"donor_5","MO"
-2.52673122376467,0.107851154359365,0.0770497593349896,0.560718570507685,-0.107903732442399,0.131992730044806,-0.11470756235627,6,"MA",60000,2015,"donor_6","UT"
-2.96110948440876,0.107857248690771,0.0625871608932886,0.56835036564178,-0.150155567524869,0.118420164237161,-0.15724876668205,6,"MA",60000,2015,"donor_1","UT"
-2.96110948440876,0.107857248690771,0.0625871608932886,0.56835036564178,-0.150155567524869,0.118420164237161,-0.15724876668205,6,"MA",60000,2015,"donor_2","IN"
-2.96110948440876,0.107857248690771,0.0625871608932886,0.56835036564178,-0.150155567524869,0.118420164237161,-0.15724876668205,6,"MA",60000,2015,"donor_3","CO"
-2.96110948440876,0.107857248690771,0.0625871608932886,0.56835036564178,-0.150155567524869,0.118420164237161,-0.15724876668205,6,"MA",60000,2015,"donor_4","NC"
-2.96110948440876,0.107857248690771,0.0625871608932886,0.56835036564178,-0.150155567524869,0.118420164237161,-0.15724876668205,6,"MA",60000,2015,"donor_5","TX"
-2.96110948440876,0.107857248690771,0.0625871608932886,0.56835036564178,-0.150155567524869,0.118420164237161,-0.15724876668205,6,"MA",60000,2015,"donor_6","MO"
0.312756741850306,0.107906588722561,-0.0280952722020851,0.621379631302229,-0.154666751157684,0.0170773791757247,-0.161566266876152,6,"MA",60000,2015,"donor_1","WI"
0.312756741850306,0.107906588722561,-0.0280952722020851,0.621379631302229,-0.154666751157684,0.0170773791757247,-0.161566266876152,6,"MA",60000,2015,"donor_2","MI"
0.312756741850306,0.107906588722561,-0.0280952722020851,0.621379631302229,-0.154666751157684,0.0170773791757247,-0.161566266876152,6,"MA",60000,2015,"donor_3","CO"
0.312756741850306,0.107906588722561,-0.0280952722020851,0.621379631302229,-0.154666751157684,0.0170773791757247,-0.161566266876152,6,"MA",60000,2015,"donor_4","IA"
0.312756741850306,0.107906588722561,-0.0280952722020851,0.621379631302229,-0.154666751157684,0.0170773791757247,-0.161566266876152,6,"MA",60000,2015,"donor_5","TX"
0.312756741850306,0.107906588722561,-0.0280952722020851,0.621379631302229,-0.154666751157684,0.0170773791757247,-0.161566266876152,6,"MA",60000,2015,"donor_6","NC"
0.696455434756818,4.66250553144643e-05,-0.0158230289119849,1.60248215367156,0.0138461836166949,-0.0158327387043454,0.0138493456338815,9,"CT",90000,2014,"donor_1","AL"
0.696455434756818,4.66250553144643e-05,-0.0158230289119849,1.60248215367156,0.0138461836166949,-0.0158327387043454,0.0138493456338815,9,"CT",90000,2014,"donor_2","NY"
0.696455434756818,4.66250553144643e-05,-0.0158230289119849,1.60248215367156,0.0138461836166949,-0.0158327387043454,0.0138493456338815,9,"CT",90000,2014,"donor_3","DE"
0.696455434756818,4.66250553144643e-05,-0.0158230289119849,1.60248215367156,0.0138461836166949,-0.0158327387043454,0.0138493456338815,9,"CT",90000,2014,"donor_4","MO"
0.696455434756818,4.66250553144643e-05,-0.0158230289119849,1.60248215367156,0.0138461836166949,-0.0158327387043454,0.0138493456338815,9,"CT",90000,2014,"donor_5","AZ"
0.696455434756818,4.66250553144643e-05,-0.0158230289119849,1.60248215367156,0.0138461836166949,-0.0158327387043454,0.0138493456338815,9,"CT",90000,2014,"donor_6","OK"
0.696455434756818,4.66250553144643e-05,-0.0158230289119849,1.60248215367156,0.0138461836166949,-0.0158327387043454,0.0138493456338815,9,"CT",90000,2014,"donor_7","WA"
0.696455434756818,4.66250553144643e-05,-0.0158230289119849,1.60248215367156,0.0138461836166949,-0.0158327387043454,0.0138493456338815,9,"CT",90000,2014,"donor_8","MI"
0.696455434756818,4.66250553144643e-05,-0.0158230289119849,1.60248215367156,0.0138461836166949,-0.0158327387043454,0.0138493456338815,9,"CT",90000,2014,"donor_9","SC"
0.624060792824181,0.000220581053084729,0.0309422320788737,1.52979088754841,0.00926687375219823,0.030986958297986,0.00925360069149035,9,"CT",90000,2014,"donor_1","TX"
0.624060792824181,0.000220581053084729,0.0309422320788737,1.52979088754841,0.00926687375219823,0.030986958297986,0.00925360069149035,9,"CT",90000,2014,"donor_2","OH"
0.624060792824181,0.000220581053084729,0.0309422320788737,1.52979088754841,0.00926687375219823,0.030986958297986,0.00925360069149035,9,"CT",90000,2014,"donor_3","WI"
0.624060792824181,0.000220581053084729,0.0309422320788737,1.52979088754841,0.00926687375219823,0.030986958297986,0.00925360069149035,9,"CT",90000,2014,"donor_4","NY"
0.624060792824181,0.000220581053084729,0.0309422320788737,1.52979088754841,0.00926687375219823,0.030986958297986,0.00925360069149035,9,"CT",90000,2014,"donor_5","AL"
0.624060792824181,0.000220581053084729,0.0309422320788737,1.52979088754841,0.00926687375219823,0.030986958297986,0.00925360069149035,9,"CT",90000,2014,"donor_6","WA"
0.624060792824181,0.000220581053084729,0.0309422320788737,1.52979088754841,0.00926687375219823,0.030986958297986,0.00925360069149035,9,"CT",90000,2014,"donor_7","NJ"
0.624060792824181,0.000220581053084729,0.0309422320788737,1.52979088754841,0.00926687375219823,0.030986958297986,0.00925360069149035,9,"CT",90000,2014,"donor_8","GA"
0.624060792824181,0.000220581053084729,0.0309422320788737,1.52979088754841,0.00926687375219823,0.030986958297986,0.00925360069149035,9,"CT",90000,2014,"donor_9","IL"
0.500701878313073,0.000224226423683809,-0.0180562763579964,1.60612669978026,-0.0376177445065274,-0.0179424342689952,-0.0376549815942672,9,"CT",90000,2014,"donor_1","MN"
0.500701878313073,0.000224226423683809,-0.0180562763579964,1.60612669978026,-0.0376177445065274,-0.0179424342689952,-0.0376549815942672,9,"CT",90000,2014,"donor_2","OK"
0.500701878313073,0.000224226423683809,-0.0180562763579964,1.60612669978026,-0.0376177445065274,-0.0179424342689952,-0.0376549815942672,9,"CT",90000,2014,"donor_3","AL"
0.500701878313073,0.000224226423683809,-0.0180562763579964,1.60612669978026,-0.0376177445065274,-0.0179424342689952,-0.0376549815942672,9,"CT",90000,2014,"donor_4","OH"
0.500701878313073,0.000224226423683809,-0.0180562763579964,1.60612669978026,-0.0376177445065274,-0.0179424342689952,-0.0376549815942672,9,"CT",90000,2014,"donor_5","WA"
0.500701878313073,0.000224226423683809,-0.0180562763579964,1.60612669978026,-0.0376177445065274,-0.0179424342689952,-0.0376549815942672,9,"CT",90000,2014,"donor_6","KY"
0.500701878313073,0.000224226423683809,-0.0180562763579964,1.60612669978026,-0.0376177445065274,-0.0179424342689952,-0.0376549815942672,9,"CT",90000,2014,"donor_7","NJ"
0.500701878313073,0.000224226423683809,-0.0180562763579964,1.60612669978026,-0.0376177445065274,-0.0179424342689952,-0.0376549815942672,9,"CT",90000,2014,"donor_8","GA"
0.500701878313073,0.000224226423683809,-0.0180562763579964,1.60612669978026,-0.0376177445065274,-0.0179424342689952,-0.0376549815942672,9,"CT",90000,2014,"donor_9","TX"
0.294805078364605,0.000227305590055261,-0.00700239996387182,1.58824757699887,-0.0127919480423972,-0.00712089528915436,-0.0127540381070642,9,"CT",90000,2014,"donor_1","NY"
0.294805078364605,0.000227305590055261,-0.00700239996387182,1.58824757699887,-0.0127919480423972,-0.00712089528915436,-0.0127540381070642,9,"CT",90000,2014,"donor_2","SC"
0.294805078364605,0.000227305590055261,-0.00700239996387182,1.58824757699887,-0.0127919480423972,-0.00712089528915436,-0.0127540381070642,9,"CT",90000,2014,"donor_3","KY"
0.294805078364605,0.000227305590055261,-0.00700239996387182,1.58824757699887,-0.0127919480423972,-0.00712089528915436,-0.0127540381070642,9,"CT",90000,2014,"donor_4","OH"
0.294805078364605,0.000227305590055261,-0.00700239996387182,1.58824757699887,-0.0127919480423972,-0.00712089528915436,-0.0127540381070642,9,"CT",90000,2014,"donor_5","NC"
0.294805078364605,0.000227305590055261,-0.00700239996387182,1.58824757699887,-0.0127919480423972,-0.00712089528915436,-0.0127540381070642,9,"CT",90000,2014,"donor_6","WA"
0.294805078364605,0.000227305590055261,-0.00700239996387182,1.58824757699887,-0.0127919480423972,-0.00712089528915436,-0.0127540381070642,9,"CT",90000,2014,"donor_7","MS"
0.294805078364605,0.000227305590055261,-0.00700239996387182,1.58824757699887,-0.0127919480423972,-0.00712089528915436,-0.0127540381070642,9,"CT",90000,2014,"donor_8","NM"
0.294805078364605,0.000227305590055261,-0.00700239996387182,1.58824757699887,-0.0127919480423972,-0.00712089528915436,-0.0127540381070642,9,"CT",90000,2014,"donor_9","CO"
0.827581940069695,0.000288532529442705,0.0895994212547833,1.4474365546256,-0.0106007413014386,0.0897771037753258,-0.0106479407102829,9,"CT",90000,2014,"donor_1","IN"
0.827581940069695,0.000288532529442705,0.0895994212547833,1.4474365546256,-0.0106007413014386,0.0897771037753258,-0.0106479407102829,9,"CT",90000,2014,"donor_2","NJ"
0.827581940069695,0.000288532529442705,0.0895994212547833,1.4474365546256,-0.0106007413014386,0.0897771037753258,-0.0106479407102829,9,"CT",90000,2014,"donor_3","CO"
0.827581940069695,0.000288532529442705,0.0895994212547833,1.4474365546256,-0.0106007413014386,0.0897771037753258,-0.0106479407102829,9,"CT",90000,2014,"donor_4","AZ"
0.827581940069695,0.000288532529442705,0.0895994212547833,1.4474365546256,-0.0106007413014386,0.0897771037753258,-0.0106479407102829,9,"CT",90000,2014,"donor_5","IL"
0.827581940069695,0.000288532529442705,0.0895994212547833,1.4474365546256,-0.0106007413014386,0.0897771037753258,-0.0106479407102829,9,"CT",90000,2014,"donor_6","DE"
0.827581940069695,0.000288532529442705,0.0895994212547833,1.4474365546256,-0.0106007413014386,0.0897771037753258,-0.0106479407102829,9,"CT",90000,2014,"donor_7","PA"
0.827581940069695,0.000288532529442705,0.0895994212547833,1.4474365546256,-0.0106007413014386,0.0897771037753258,-0.0106479407102829,9,"CT",90000,2014,"donor_8","MO"
0.827581940069695,0.000288532529442705,0.0895994212547833,1.4474365546256,-0.0106007413014386,0.0897771037753258,-0.0106479407102829,9,"CT",90000,2014,"donor_9","MD"
0.250013260880083,0.000386135667807188,0.0116420876698962,1.55897629353841,-0.0085657278267949,0.0114392230446033,-0.00850319097150522,9,"CT",90000,2014,"donor_1","KY"
0.250013260880083,0.000386135667807188,0.0116420876698962,1.55897629353841,-0.0085657278267949,0.0114392230446033,-0.00850319097150522,9,"CT",90000,2014,"donor_2","NC"
0.250013260880083,0.000386135667807188,0.0116420876698962,1.55897629353841,-0.0085657278267949,0.0114392230446033,-0.00850319097150522,9,"CT",90000,2014,"donor_3","WI"
0.250013260880083,0.000386135667807188,0.0116420876698962,1.55897629353841,-0.0085657278267949,0.0114392230446033,-0.00850319097150522,9,"CT",90000,2014,"donor_4","MI"
0.250013260880083,0.000386135667807188,0.0116420876698962,1.55897629353841,-0.0085657278267949,0.0114392230446033,-0.00850319097150522,9,"CT",90000,2014,"donor_5","WA"
0.250013260880083,0.000386135667807188,0.0116420876698962,1.55897629353841,-0.0085657278267949,0.0114392230446033,-0.00850319097150522,9,"CT",90000,2014,"donor_6","MS"
0.250013260880083,0.000386135667807188,0.0116420876698962,1.55897629353841,-0.0085657278267949,0.0114392230446033,-0.00850319097150522,9,"CT",90000,2014,"donor_7","NM"
0.250013260880083,0.000386135667807188,0.0116420876698962,1.55897629353841,-0.0085657278267949,0.0114392230446033,-0.00850319097150522,9,"CT",90000,2014,"donor_8","OH"
0.250013260880083,0.000386135667807188,0.0116420876698962,1.55897629353841,-0.0085657278267949,0.0114392230446033,-0.00850319097150522,9,"CT",90000,2014,"donor_9","CO"
0.626844738497382,0.000395301968985776,0.0708670356945785,1.47275616827642,-0.0057569008027277,0.0709046448323021,-0.00576724515781726,9,"CT",90000,2014,"donor_1","NY"
0.626844738497382,0.000395301968985776,0.0708670356945785,1.47275616827642,-0.0057569008027277,0.0709046448323021,-0.00576724515781726,9,"CT",90000,2014,"donor_2","NC"
0.626844738497382,0.000395301968985776,0.0708670356945785,1.47275616827642,-0.0057569008027277,0.0709046448323021,-0.00576724515781726,9,"CT",90000,2014,"donor_3","MI"
0.626844738497382,0.000395301968985776,0.0708670356945785,1.47275616827642,-0.0057569008027277,0.0709046448323021,-0.00576724515781726,9,"CT",90000,2014,"donor_4","UT"
0.626844738497382,0.000395301968985776,0.0708670356945785,1.47275616827642,-0.0057569008027277,0.0709046448323021,-0.00576724515781726,9,"CT",90000,2014,"donor_5","IN"
0.626844738497382,0.000395301968985776,0.0708670356945785,1.47275616827642,-0.0057569008027277,0.0709046448323021,-0.00576724515781726,9,"CT",90000,2014,"donor_6","OK"
0.626844738497382,0.000395301968985776,0.0708670356945785,1.47275616827642,-0.0057569008027277,0.0709046448323021,-0.00576724515781726,9,"CT",90000,2014,"donor_7","TN"
0.626844738497382,0.000395301968985776,0.0708670356945785,1.47275616827642,-0.0057569008027277,0.0709046448323021,-0.00576724515781726,9,"CT",90000,2014,"donor_8","MO"
0.626844738497382,0.000395301968985776,0.0708670356945785,1.47275616827642,-0.0057569008027277,0.0709046448323021,-0.00576724515781726,9,"CT",90000,2014,"donor_9","OH"
0.592675990950557,0.000415616986904265,0.000147279128623552,1.57689378867995,-0.0038820894558606,0.000361247722448667,-0.00394954623656729,9,"CT",90000,2014,"donor_1","NJ"
0.592675990950557,0.000415616986904265,0.000147279128623552,1.57689378867995,-0.0038820894558606,0.000361247722448667,-0.00394954623656729,9,"CT",90000,2014,"donor_2","IL"
0.592675990950557,0.000415616986904265,0.000147279128623552,1.57689378867995,-0.0038820894558606,0.000361247722448667,-0.00394954623656729,9,"CT",90000,2014,"donor_3","IA"
0.592675990950557,0.000415616986904265,0.000147279128623552,1.57689378867995,-0.0038820894558606,0.000361247722448667,-0.00394954623656729,9,"CT",90000,2014,"donor_4","AZ"
0.592675990950557,0.000415616986904265,0.000147279128623552,1.57689378867995,-0.0038820894558606,0.000361247722448667,-0.00394954623656729,9,"CT",90000,2014,"donor_5","KY"
0.592675990950557,0.000415616986904265,0.000147279128623552,1.57689378867995,-0.0038820894558606,0.000361247722448667,-0.00394954623656729,9,"CT",90000,2014,"donor_6","TX"
0.592675990950557,0.000415616986904265,0.000147279128623552,1.57689378867995,-0.0038820894558606,0.000361247722448667,-0.00394954623656729,9,"CT",90000,2014,"donor_7","GA"
0.592675990950557,0.000415616986904265,0.000147279128623552,1.57689378867995,-0.0038820894558606,0.000361247722448667,-0.00394954623656729,9,"CT",90000,2014,"donor_8","NY"
0.592675990950557,0.000415616986904265,0.000147279128623552,1.57689378867995,-0.0038820894558606,0.000361247722448667,-0.00394954623656729,9,"CT",90000,2014,"donor_9","MO"
0.373798152528339,0.000459872246074537,-0.0220454654356513,1.61267827540228,-0.00486270428373034,-0.0220035636753109,-0.00487652315997412,9,"CT",90000,2014,"donor_1","IN"
0.373798152528339,0.000459872246074537,-0.0220454654356513,1.61267827540228,-0.00486270428373034,-0.0220035636753109,-0.00487652315997412,9,"CT",90000,2014,"donor_2","NM"
0.373798152528339,0.000459872246074537,-0.0220454654356513,1.61267827540228,-0.00486270428373034,-0.0220035636753109,-0.00487652315997412,9,"CT",90000,2014,"donor_3","FL"
0.373798152528339,0.000459872246074537,-0.0220454654356513,1.61267827540228,-0.00486270428373034,-0.0220035636753109,-0.00487652315997412,9,"CT",90000,2014,"donor_4","CO"
0.373798152528339,0.000459872246074537,-0.0220454654356513,1.61267827540228,-0.00486270428373034,-0.0220035636753109,-0.00487652315997412,9,"CT",90000,2014,"donor_5","NY"
0.373798152528339,0.000459872246074537,-0.0220454654356513,1.61267827540228,-0.00486270428373034,-0.0220035636753109,-0.00487652315997412,9,"CT",90000,2014,"donor_6","SC"
0.373798152528339,0.000459872246074537,-0.0220454654356513,1.61267827540228,-0.00486270428373034,-0.0220035636753109,-0.00487652315997412,9,"CT",90000,2014,"donor_7","KY"
0.373798152528339,0.000459872246074537,-0.0220454654356513,1.61267827540228,-0.00486270428373034,-0.0220035636753109,-0.00487652315997412,9,"CT",90000,2014,"donor_8","MS"
0.373798152528339,0.000459872246074537,-0.0220454654356513,1.61267827540228,-0.00486270428373034,-0.0220035636753109,-0.00487652315997412,9,"CT",90000,2014,"donor_9","WA"
0.510293794688136,0.000463036764708496,-0.0212346367663498,1.61134230068436,-0.0610092056206674,-0.0210062925275261,-0.0610843727495929,9,"CT",90000,2014,"donor_1","OH"
0.510293794688136,0.000463036764708496,-0.0212346367663498,1.61134230068436,-0.0610092056206674,-0.0210062925275261,-0.0610843727495929,9,"CT",90000,2014,"donor_2","AL"
0.510293794688136,0.000463036764708496,-0.0212346367663498,1.61134230068436,-0.0610092056206674,-0.0210062925275261,-0.0610843727495929,9,"CT",90000,2014,"donor_3","OK"
0.510293794688136,0.000463036764708496,-0.0212346367663498,1.61134230068436,-0.0610092056206674,-0.0210062925275261,-0.0610843727495929,9,"CT",90000,2014,"donor_4","NJ"
0.510293794688136,0.000463036764708496,-0.0212346367663498,1.61134230068436,-0.0610092056206674,-0.0210062925275261,-0.0610843727495929,9,"CT",90000,2014,"donor_5","MS"
0.510293794688136,0.000463036764708496,-0.0212346367663498,1.61134230068436,-0.0610092056206674,-0.0210062925275261,-0.0610843727495929,9,"CT",90000,2014,"donor_6","SC"
0.510293794688136,0.000463036764708496,-0.0212346367663498,1.61134230068436,-0.0610092056206674,-0.0210062925275261,-0.0610843727495929,9,"CT",90000,2014,"donor_7","IN"
0.510293794688136,0.000463036764708496,-0.0212346367663498,1.61134230068436,-0.0610092056206674,-0.0210062925275261,-0.0610843727495929,9,"CT",90000,2014,"donor_8","WA"
0.510293794688136,0.000463036764708496,-0.0212346367663498,1.61134230068436,-0.0610092056206674,-0.0210062925275261,-0.0610843727495929,9,"CT",90000,2014,"donor_9","IA"
0.600760372628646,0.000465485465461891,0.0127176954988365,1.55732050425586,0.027713641790381,0.0129670136725295,0.0276369821758555,9,"CT",90000,2014,"donor_1","AZ"
0.600760372628646,0.000465485465461891,0.0127176954988365,1.55732050425586,0.027713641790381,0.0129670136725295,0.0276369821758555,9,"CT",90000,2014,"donor_2","OR"
0.600760372628646,0.000465485465461891,0.0127176954988365,1.55732050425586,0.027713641790381,0.0129670136725295,0.0276369821758555,9,"CT",90000,2014,"donor_3","IA"
0.600760372628646,0.000465485465461891,0.0127176954988365,1.55732050425586,0.027713641790381,0.0129670136725295,0.0276369821758555,9,"CT",90000,2014,"donor_4","NY"
0.600760372628646,0.000465485465461891,0.0127176954988365,1.55732050425586,0.027713641790381,0.0129670136725295,0.0276369821758555,9,"CT",90000,2014,"donor_5","KY"
0.600760372628646,0.000465485465461891,0.0127176954988365,1.55732050425586,0.027713641790381,0.0129670136725295,0.0276369821758555,9,"CT",90000,2014,"donor_6","NJ"
0.600760372628646,0.000465485465461891,0.0127176954988365,1.55732050425586,0.027713641790381,0.0129670136725295,0.0276369821758555,9,"CT",90000,2014,"donor_7","WA"
0.600760372628646,0.000465485465461891,0.0127176954988365,1.55732050425586,0.027713641790381,0.0129670136725295,0.0276369821758555,9,"CT",90000,2014,"donor_8","IN"
0.600760372628646,0.000465485465461891,0.0127176954988365,1.55732050425586,0.027713641790381,0.0129670136725295,0.0276369821758555,9,"CT",90000,2014,"donor_9","MO"
0.857352788699107,0.000495412299617269,-0.0294715016756644,1.62501774543052,-0.027890882734587,-0.0294177500956435,-0.0279088816772603,9,"CT",90000,2014,"donor_1","FL"
0.857352788699107,0.000495412299617269,-0.0294715016756644,1.62501774543052,-0.027890882734587,-0.0294177500956435,-0.0279088816772603,9,"CT",90000,2014,"donor_2","UT"
0.857352788699107,0.000495412299617269,-0.0294715016756644,1.62501774543052,-0.027890882734587,-0.0294177500956435,-0.0279088816772603,9,"CT",90000,2014,"donor_3","AZ"
0.857352788699107,0.000495412299617269,-0.0294715016756644,1.62501774543052,-0.027890882734587,-0.0294177500956435,-0.0279088816772603,9,"CT",90000,2014,"donor_4","GA"
0.857352788699107,0.000495412299617269,-0.0294715016756644,1.62501774543052,-0.027890882734587,-0.0294177500956435,-0.0279088816772603,9,"CT",90000,2014,"donor_5","SC"
0.857352788699107,0.000495412299617269,-0.0294715016756644,1.62501774543052,-0.027890882734587,-0.0294177500956435,-0.0279088816772603,9,"CT",90000,2014,"donor_6","MO"
0.857352788699107,0.000495412299617269,-0.0294715016756644,1.62501774543052,-0.027890882734587,-0.0294177500956435,-0.0279088816772603,9,"CT",90000,2014,"donor_7","NJ"
0.857352788699107,0.000495412299617269,-0.0294715016756644,1.62501774543052,-0.027890882734587,-0.0294177500956435,-0.0279088816772603,9,"CT",90000,2014,"donor_8","AL"
0.857352788699107,0.000495412299617269,-0.0294715016756644,1.62501774543052,-0.027890882734587,-0.0294177500956435,-0.0279088816772603,9,"CT",90000,2014,"donor_9","MN"
0.520904528007379,0.000506672277202311,-0.019557404834963,1.60858579584417,-0.0364325976784081,-0.0196597882250479,-0.0363989986349245,9,"CT",90000,2014,"donor_1","GA"
0.520904528007379,0.000506672277202311,-0.019557404834963,1.60858579584417,-0.0364325976784081,-0.0196597882250479,-0.0363989986349245,9,"CT",90000,2014,"donor_2","MO"
0.520904528007379,0.000506672277202311,-0.019557404834963,1.60858579584417,-0.0364325976784081,-0.0196597882250479,-0.0363989986349245,9,"CT",90000,2014,"donor_3","TN"
0.520904528007379,0.000506672277202311,-0.019557404834963,1.60858579584417,-0.0364325976784081,-0.0196597882250479,-0.0363989986349245,9,"CT",90000,2014,"donor_4","IL"
0.520904528007379,0.000506672277202311,-0.019557404834963,1.60858579584417,-0.0364325976784081,-0.0196597882250479,-0.0363989986349245,9,"CT",90000,2014,"donor_5","AL"
0.520904528007379,0.000506672277202311,-0.019557404834963,1.60858579584417,-0.0364325976784081,-0.0196597882250479,-0.0363989986349245,9,"CT",90000,2014,"donor_6","IA"
0.520904528007379,0.000506672277202311,-0.019557404834963,1.60858579584417,-0.0364325976784081,-0.0196597882250479,-0.0363989986349245,9,"CT",90000,2014,"donor_7","NM"
0.520904528007379,0.000506672277202311,-0.019557404834963,1.60858579584417,-0.0364325976784081,-0.0196597882250479,-0.0363989986349245,9,"CT",90000,2014,"donor_8","SC"
0.520904528007379,0.000506672277202311,-0.019557404834963,1.60858579584417,-0.0364325976784081,-0.0196597882250479,-0.0363989986349245,9,"CT",90000,2014,"donor_9","AZ"
0.296891794306029,0.00050688435706861,-0.0102255936114682,1.59341969447125,-0.0481998467609666,-0.0104015545991745,-0.0481431814125976,9,"CT",90000,2014,"donor_1","WI"
0.296891794306029,0.00050688435706861,-0.0102255936114682,1.59341969447125,-0.0481998467609666,-0.0104015545991745,-0.0481431814125976,9,"CT",90000,2014,"donor_2","UT"
0.296891794306029,0.00050688435706861,-0.0102255936114682,1.59341969447125,-0.0481998467609666,-0.0104015545991745,-0.0481431814125976,9,"CT",90000,2014,"donor_3","IA"
0.296891794306029,0.00050688435706861,-0.0102255936114682,1.59341969447125,-0.0481998467609666,-0.0104015545991745,-0.0481431814125976,9,"CT",90000,2014,"donor_4","KY"
0.296891794306029,0.00050688435706861,-0.0102255936114682,1.59341969447125,-0.0481998467609666,-0.0104015545991745,-0.0481431814125976,9,"CT",90000,2014,"donor_5","MD"
0.296891794306029,0.00050688435706861,-0.0102255936114682,1.59341969447125,-0.0481998467609666,-0.0104015545991745,-0.0481431814125976,9,"CT",90000,2014,"donor_6","IL"
0.296891794306029,0.00050688435706861,-0.0102255936114682,1.59341969447125,-0.0481998467609666,-0.0104015545991745,-0.0481431814125976,9,"CT",90000,2014,"donor_7","SC"
0.296891794306029,0.00050688435706861,-0.0102255936114682,1.59341969447125,-0.0481998467609666,-0.0104015545991745,-0.0481431814125976,9,"CT",90000,2014,"donor_8","MS"
0.296891794306029,0.00050688435706861,-0.0102255936114682,1.59341969447125,-0.0481998467609666,-0.0104015545991745,-0.0481431814125976,9,"CT",90000,2014,"donor_9","FL"
0.503173674760933,0.000586711609953381,-0.0138317990350051,1.59924648825607,-0.0573309135432122,-0.0135348814073509,-0.0574271854669482,9,"CT",90000,2014,"donor_1","MI"
0.503173674760933,0.000586711609953381,-0.0138317990350051,1.59924648825607,-0.0573309135432122,-0.0135348814073509,-0.0574271854669482,9,"CT",90000,2014,"donor_2","TX"
0.503173674760933,0.000586711609953381,-0.0138317990350051,1.59924648825607,-0.0573309135432122,-0.0135348814073509,-0.0574271854669482,9,"CT",90000,2014,"donor_3","KY"
0.503173674760933,0.000586711609953381,-0.0138317990350051,1.59924648825607,-0.0573309135432122,-0.0135348814073509,-0.0574271854669482,9,"CT",90000,2014,"donor_4","TN"
0.503173674760933,0.000586711609953381,-0.0138317990350051,1.59924648825607,-0.0573309135432122,-0.0135348814073509,-0.0574271854669482,9,"CT",90000,2014,"donor_5","DE"
0.503173674760933,0.000586711609953381,-0.0138317990350051,1.59924648825607,-0.0573309135432122,-0.0135348814073509,-0.0574271854669482,9,"CT",90000,2014,"donor_6","MD"
0.503173674760933,0.000586711609953381,-0.0138317990350051,1.59924648825607,-0.0573309135432122,-0.0135348814073509,-0.0574271854669482,9,"CT",90000,2014,"donor_7","OK"
0.503173674760933,0.000586711609953381,-0.0138317990350051,1.59924648825607,-0.0573309135432122,-0.0135348814073509,-0.0574271854669482,9,"CT",90000,2014,"donor_8","NJ"
0.503173674760933,0.000586711609953381,-0.0138317990350051,1.59924648825607,-0.0573309135432122,-0.0135348814073509,-0.0574271854669482,9,"CT",90000,2014,"donor_9","FL"
0.515371875596027,0.000594971200573346,0.0265599843485954,1.53632136092256,-0.0172496807729897,0.0268845909135143,-0.0173468095066358,9,"CT",90000,2014,"donor_1","NY"
0.515371875596027,0.000594971200573346,0.0265599843485954,1.53632136092256,-0.0172496807729897,0.0268845909135143,-0.0173468095066358,9,"CT",90000,2014,"donor_2","IA"
0.515371875596027,0.000594971200573346,0.0265599843485954,1.53632136092256,-0.0172496807729897,0.0268845909135143,-0.0173468095066358,9,"CT",90000,2014,"donor_3","MI"
0.515371875596027,0.000594971200573346,0.0265599843485954,1.53632136092256,-0.0172496807729897,0.0268845909135143,-0.0173468095066358,9,"CT",90000,2014,"donor_4","UT"
0.515371875596027,0.000594971200573346,0.0265599843485954,1.53632136092256,-0.0172496807729897,0.0268845909135143,-0.0173468095066358,9,"CT",90000,2014,"donor_5","MS"
0.515371875596027,0.000594971200573346,0.0265599843485954,1.53632136092256,-0.0172496807729897,0.0268845909135143,-0.0173468095066358,9,"CT",90000,2014,"donor_6","OK"
0.515371875596027,0.000594971200573346,0.0265599843485954,1.53632136092256,-0.0172496807729897,0.0268845909135143,-0.0173468095066358,9,"CT",90000,2014,"donor_7","MO"
0.515371875596027,0.000594971200573346,0.0265599843485954,1.53632136092256,-0.0172496807729897,0.0268845909135143,-0.0173468095066358,9,"CT",90000,2014,"donor_8","IN"
0.515371875596027,0.000594971200573346,0.0265599843485954,1.53632136092256,-0.0172496807729897,0.0268845909135143,-0.0173468095066358,9,"CT",90000,2014,"donor_9","IL"
0.551084202849286,0.000605892608776721,-0.0320424475454318,1.62933387752775,0.0198544523439242,-0.0320680886120941,0.0198630847400829,9,"CT",90000,2014,"donor_1","NY"
0.551084202849286,0.000605892608776721,-0.0320424475454318,1.62933387752775,0.0198544523439242,-0.0320680886120941,0.0198630847400829,9,"CT",90000,2014,"donor_2","MN"
0.551084202849286,0.000605892608776721,-0.0320424475454318,1.62933387752775,0.0198544523439242,-0.0320680886120941,0.0198630847400829,9,"CT",90000,2014,"donor_3","MI"
0.551084202849286,0.000605892608776721,-0.0320424475454318,1.62933387752775,0.0198544523439242,-0.0320680886120941,0.0198630847400829,9,"CT",90000,2014,"donor_4","PA"
0.551084202849286,0.000605892608776721,-0.0320424475454318,1.62933387752775,0.0198544523439242,-0.0320680886120941,0.0198630847400829,9,"CT",90000,2014,"donor_5","MS"
0.551084202849286,0.000605892608776721,-0.0320424475454318,1.62933387752775,0.0198544523439242,-0.0320680886120941,0.0198630847400829,9,"CT",90000,2014,"donor_6","WA"
0.551084202849286,0.000605892608776721,-0.0320424475454318,1.62933387752775,0.0198544523439242,-0.0320680886120941,0.0198630847400829,9,"CT",90000,2014,"donor_7","KY"
0.551084202849286,0.000605892608776721,-0.0320424475454318,1.62933387752775,0.0198544523439242,-0.0320680886120941,0.0198630847400829,9,"CT",90000,2014,"donor_8","NJ"
0.551084202849286,0.000605892608776721,-0.0320424475454318,1.62933387752775,0.0198544523439242,-0.0320680886120941,0.0198630847400829,9,"CT",90000,2014,"donor_9","SC"
0.0680031612933455,0.00065570180796683,0.0246865214657616,1.53913026002048,0.0208756835739468,0.0243329534823462,0.0209819355851506,9,"CT",90000,2014,"donor_1","IL"
0.0680031612933455,0.00065570180796683,0.0246865214657616,1.53913026002048,0.0208756835739468,0.0243329534823462,0.0209819355851506,9,"CT",90000,2014,"donor_2","MN"
0.0680031612933455,0.00065570180796683,0.0246865214657616,1.53913026002048,0.0208756835739468,0.0243329534823462,0.0209819355851506,9,"CT",90000,2014,"donor_3","PA"
0.0680031612933455,0.00065570180796683,0.0246865214657616,1.53913026002048,0.0208756835739468,0.0243329534823462,0.0209819355851506,9,"CT",90000,2014,"donor_4","TX"
0.0680031612933455,0.00065570180796683,0.0246865214657616,1.53913026002048,0.0208756835739468,0.0243329534823462,0.0209819355851506,9,"CT",90000,2014,"donor_5","GA"
0.0680031612933455,0.00065570180796683,0.0246865214657616,1.53913026002048,0.0208756835739468,0.0243329534823462,0.0209819355851506,9,"CT",90000,2014,"donor_6","OR"
0.0680031612933455,0.00065570180796683,0.0246865214657616,1.53913026002048,0.0208756835739468,0.0243329534823462,0.0209819355851506,9,"CT",90000,2014,"donor_7","NC"
0.0680031612933455,0.00065570180796683,0.0246865214657616,1.53913026002048,0.0208756835739468,0.0243329534823462,0.0209819355851506,9,"CT",90000,2014,"donor_8","NY"
0.0680031612933455,0.00065570180796683,0.0246865214657616,1.53913026002048,0.0208756835739468,0.0243329534823462,0.0209819355851506,9,"CT",90000,2014,"donor_9","OK"
0.103049244500985,0.000658841827551549,0.0962984040331381,1.43859192572117,-0.00541180408465383,0.0962495210458751,-0.00539897440136883,9,"CT",90000,2014,"donor_1","NY"
0.103049244500985,0.000658841827551549,0.0962984040331381,1.43859192572117,-0.00541180408465383,0.0962495210458751,-0.00539897440136883,9,"CT",90000,2014,"donor_2","GA"
0.103049244500985,0.000658841827551549,0.0962984040331381,1.43859192572117,-0.00541180408465383,0.0962495210458751,-0.00539897440136883,9,"CT",90000,2014,"donor_3","IA"
0.103049244500985,0.000658841827551549,0.0962984040331381,1.43859192572117,-0.00541180408465383,0.0962495210458751,-0.00539897440136883,9,"CT",90000,2014,"donor_4","IL"
0.103049244500985,0.000658841827551549,0.0962984040331381,1.43859192572117,-0.00541180408465383,0.0962495210458751,-0.00539897440136883,9,"CT",90000,2014,"donor_5","WI"
0.103049244500985,0.000658841827551549,0.0962984040331381,1.43859192572117,-0.00541180408465383,0.0962495210458751,-0.00539897440136883,9,"CT",90000,2014,"donor_6","AZ"
0.103049244500985,0.000658841827551549,0.0962984040331381,1.43859192572117,-0.00541180408465383,0.0962495210458751,-0.00539897440136883,9,"CT",90000,2014,"donor_7","PA"
0.103049244500985,0.000658841827551549,0.0962984040331381,1.43859192572117,-0.00541180408465383,0.0962495210458751,-0.00539897440136883,9,"CT",90000,2014,"donor_8","OH"
0.103049244500985,0.000658841827551549,0.0962984040331381,1.43859192572117,-0.00541180408465383,0.0962495210458751,-0.00539897440136883,9,"CT",90000,2014,"donor_9","MD"
0.803987543091878,0.000718101740744003,-0.0160953027321431,1.60292560509417,0.0101640895851482,-0.0160437883317016,0.0101473055554282,9,"CT",90000,2014,"donor_1","OR"
0.803987543091878,0.000718101740744003,-0.0160953027321431,1.60292560509417,0.0101640895851482,-0.0160437883317016,0.0101473055554282,9,"CT",90000,2014,"donor_2","MO"
0.803987543091878,0.000718101740744003,-0.0160953027321431,1.60292560509417,0.0101640895851482,-0.0160437883317016,0.0101473055554282,9,"CT",90000,2014,"donor_3","OK"
0.803987543091878,0.000718101740744003,-0.0160953027321431,1.60292560509417,0.0101640895851482,-0.0160437883317016,0.0101473055554282,9,"CT",90000,2014,"donor_4","MI"
0.803987543091878,0.000718101740744003,-0.0160953027321431,1.60292560509417,0.0101640895851482,-0.0160437883317016,0.0101473055554282,9,"CT",90000,2014,"donor_5","NY"
0.803987543091878,0.000718101740744003,-0.0160953027321431,1.60292560509417,0.0101640895851482,-0.0160437883317016,0.0101473055554282,9,"CT",90000,2014,"donor_6","NJ"
0.803987543091878,0.000718101740744003,-0.0160953027321431,1.60292560509417,0.0101640895851482,-0.0160437883317016,0.0101473055554282,9,"CT",90000,2014,"donor_7","AL"
0.803987543091878,0.000718101740744003,-0.0160953027321431,1.60292560509417,0.0101640895851482,-0.0160437883317016,0.0101473055554282,9,"CT",90000,2014,"donor_8","DE"
0.803987543091878,0.000718101740744003,-0.0160953027321431,1.60292560509417,0.0101640895851482,-0.0160437883317016,0.0101473055554282,9,"CT",90000,2014,"donor_9","WA"
-0.0435369310351885,0.00073384952925255,-0.0584490533742942,1.67502994699875,-0.0481034214745283,-0.0581182974171027,-0.0482210638773745,9,"CT",90000,2014,"donor_1","WI"
-0.0435369310351885,0.00073384952925255,-0.0584490533742942,1.67502994699875,-0.0481034214745283,-0.0581182974171027,-0.0482210638773745,9,"CT",90000,2014,"donor_2","IA"
-0.0435369310351885,0.00073384952925255,-0.0584490533742942,1.67502994699875,-0.0481034214745283,-0.0581182974171027,-0.0482210638773745,9,"CT",90000,2014,"donor_3","WA"
-0.0435369310351885,0.00073384952925255,-0.0584490533742942,1.67502994699875,-0.0481034214745283,-0.0581182974171027,-0.0482210638773745,9,"CT",90000,2014,"donor_4","MN"
-0.0435369310351885,0.00073384952925255,-0.0584490533742942,1.67502994699875,-0.0481034214745283,-0.0581182974171027,-0.0482210638773745,9,"CT",90000,2014,"donor_5","MS"
-0.0435369310351885,0.00073384952925255,-0.0584490533742942,1.67502994699875,-0.0481034214745283,-0.0581182974171027,-0.0482210638773745,9,"CT",90000,2014,"donor_6","KY"
-0.0435369310351885,0.00073384952925255,-0.0584490533742942,1.67502994699875,-0.0481034214745283,-0.0581182974171027,-0.0482210638773745,9,"CT",90000,2014,"donor_7","NM"
-0.0435369310351885,0.00073384952925255,-0.0584490533742942,1.67502994699875,-0.0481034214745283,-0.0581182974171027,-0.0482210638773745,9,"CT",90000,2014,"donor_8","AL"
-0.0435369310351885,0.00073384952925255,-0.0584490533742942,1.67502994699875,-0.0481034214745283,-0.0581182974171027,-0.0482210638773745,9,"CT",90000,2014,"donor_9","OK"
0.48439625920663,0.000748080091669152,0.0182226768982035,1.54890091136789,0.00815322356539458,0.0179537427566231,0.00823506467850134,9,"CT",90000,2014,"donor_1","IL"
0.48439625920663,0.000748080091669152,0.0182226768982035,1.54890091136789,0.00815322356539458,0.0179537427566231,0.00823506467850134,9,"CT",90000,2014,"donor_2","AL"
0.48439625920663,0.000748080091669152,0.0182226768982035,1.54890091136789,0.00815322356539458,0.0179537427566231,0.00823506467850134,9,"CT",90000,2014,"donor_3","IN"
0.48439625920663,0.000748080091669152,0.0182226768982035,1.54890091136789,0.00815322356539458,0.0179537427566231,0.00823506467850134,9,"CT",90000,2014,"donor_4","OH"
0.48439625920663,0.000748080091669152,0.0182226768982035,1.54890091136789,0.00815322356539458,0.0179537427566231,0.00823506467850134,9,"CT",90000,2014,"donor_5","MI"
0.48439625920663,0.000748080091669152,0.0182226768982035,1.54890091136789,0.00815322356539458,0.0179537427566231,0.00823506467850134,9,"CT",90000,2014,"donor_6","OR"
0.48439625920663,0.000748080091669152,0.0182226768982035,1.54890091136789,0.00815322356539458,0.0179537427566231,0.00823506467850134,9,"CT",90000,2014,"donor_7","PA"
0.48439625920663,0.000748080091669152,0.0182226768982035,1.54890091136789,0.00815322356539458,0.0179537427566231,0.00823506467850134,9,"CT",90000,2014,"donor_8","OK"
0.48439625920663,0.000748080091669152,0.0182226768982035,1.54890091136789,0.00815322356539458,0.0179537427566231,0.00823506467850134,9,"CT",90000,2014,"donor_9","FL"
0.741388413310153,0.000784199628037049,0.0166071831615241,1.55136227477599,-0.00212106130064052,0.0161962167830608,-0.00199558204275319,9,"CT",90000,2014,"donor_1","MO"
0.741388413310153,0.000784199628037049,0.0166071831615241,1.55136227477599,-0.00212106130064052,0.0161962167830608,-0.00199558204275319,9,"CT",90000,2014,"donor_2","UT"
0.741388413310153,0.000784199628037049,0.0166071831615241,1.55136227477599,-0.00212106130064052,0.0161962167830608,-0.00199558204275319,9,"CT",90000,2014,"donor_3","PA"
0.741388413310153,0.000784199628037049,0.0166071831615241,1.55136227477599,-0.00212106130064052,0.0161962167830608,-0.00199558204275319,9,"CT",90000,2014,"donor_4","SC"
0.741388413310153,0.000784199628037049,0.0166071831615241,1.55136227477599,-0.00212106130064052,0.0161962167830608,-0.00199558204275319,9,"CT",90000,2014,"donor_5","AL"
0.741388413310153,0.000784199628037049,0.0166071831615241,1.55136227477599,-0.00212106130064052,0.0161962167830608,-0.00199558204275319,9,"CT",90000,2014,"donor_6","OK"
0.741388413310153,0.000784199628037049,0.0166071831615241,1.55136227477599,-0.00212106130064052,0.0161962167830608,-0.00199558204275319,9,"CT",90000,2014,"donor_7","WA"
0.741388413310153,0.000784199628037049,0.0166071831615241,1.55136227477599,-0.00212106130064052,0.0161962167830608,-0.00199558204275319,9,"CT",90000,2014,"donor_8","MN"
0.741388413310153,0.000784199628037049,0.0166071831615241,1.55136227477599,-0.00212106130064052,0.0161962167830608,-0.00199558204275319,9,"CT",90000,2014,"donor_9","OH"
0.51172521545141,0.000795016236819263,-0.0317397908920102,1.62882458391635,-0.0327895957271636,-0.0321188990294467,-0.0326619972745024,9,"CT",90000,2014,"donor_1","MN"
0.51172521545141,0.000795016236819263,-0.0317397908920102,1.62882458391635,-0.0327895957271636,-0.0321188990294467,-0.0326619972745024,9,"CT",90000,2014,"donor_2","TX"
0.51172521545141,0.000795016236819263,-0.0317397908920102,1.62882458391635,-0.0327895957271636,-0.0321188990294467,-0.0326619972745024,9,"CT",90000,2014,"donor_3","WI"
0.51172521545141,0.000795016236819263,-0.0317397908920102,1.62882458391635,-0.0327895957271636,-0.0321188990294467,-0.0326619972745024,9,"CT",90000,2014,"donor_4","SC"
0.51172521545141,0.000795016236819263,-0.0317397908920102,1.62882458391635,-0.0327895957271636,-0.0321188990294467,-0.0326619972745024,9,"CT",90000,2014,"donor_5","AL"
0.51172521545141,0.000795016236819263,-0.0317397908920102,1.62882458391635,-0.0327895957271636,-0.0321188990294467,-0.0326619972745024,9,"CT",90000,2014,"donor_6","UT"
0.51172521545141,0.000795016236819263,-0.0317397908920102,1.62882458391635,-0.0327895957271636,-0.0321188990294467,-0.0326619972745024,9,"CT",90000,2014,"donor_7","MS"
0.51172521545141,0.000795016236819263,-0.0317397908920102,1.62882458391635,-0.0327895957271636,-0.0321188990294467,-0.0326619972745024,9,"CT",90000,2014,"donor_8","NC"
0.51172521545141,0.000795016236819263,-0.0317397908920102,1.62882458391635,-0.0327895957271636,-0.0321188990294467,-0.0326619972745024,9,"CT",90000,2014,"donor_9","KY"
0.571282457444506,0.000800361636225269,0.0205146530027495,1.54542223140311,-0.00748829225605818,0.0209552388669768,-0.0076216754179242,9,"CT",90000,2014,"donor_1","MN"
0.571282457444506,0.000800361636225269,0.0205146530027495,1.54542223140311,-0.00748829225605818,0.0209552388669768,-0.0076216754179242,9,"CT",90000,2014,"donor_2","UT"
0.571282457444506,0.000800361636225269,0.0205146530027495,1.54542223140311,-0.00748829225605818,0.0209552388669768,-0.0076216754179242,9,"CT",90000,2014,"donor_3","WA"
0.571282457444506,0.000800361636225269,0.0205146530027495,1.54542223140311,-0.00748829225605818,0.0209552388669768,-0.0076216754179242,9,"CT",90000,2014,"donor_4","NC"
0.571282457444506,0.000800361636225269,0.0205146530027495,1.54542223140311,-0.00748829225605818,0.0209552388669768,-0.0076216754179242,9,"CT",90000,2014,"donor_5","AZ"
0.571282457444506,0.000800361636225269,0.0205146530027495,1.54542223140311,-0.00748829225605818,0.0209552388669768,-0.0076216754179242,9,"CT",90000,2014,"donor_6","AL"
0.571282457444506,0.000800361636225269,0.0205146530027495,1.54542223140311,-0.00748829225605818,0.0209552388669768,-0.0076216754179242,9,"CT",90000,2014,"donor_7","TX"
0.571282457444506,0.000800361636225269,0.0205146530027495,1.54542223140311,-0.00748829225605818,0.0209552388669768,-0.0076216754179242,9,"CT",90000,2014,"donor_8","NJ"
0.571282457444506,0.000800361636225269,0.0205146530027495,1.54542223140311,-0.00748829225605818,0.0209552388669768,-0.0076216754179242,9,"CT",90000,2014,"donor_9","IN"
0.519141322054081,0.000815516789567964,0.0418270120042135,1.5138079681665,0.00348387058788549,0.0422788940223933,0.00335260771693704,9,"CT",90000,2014,"donor_1","PA"
0.519141322054081,0.000815516789567964,0.0418270120042135,1.5138079681665,0.00348387058788549,0.0422788940223933,0.00335260771693704,9,"CT",90000,2014,"donor_2","TX"
0.519141322054081,0.000815516789567964,0.0418270120042135,1.5138079681665,0.00348387058788549,0.0422788940223933,0.00335260771693704,9,"CT",90000,2014,"donor_3","GA"
0.519141322054081,0.000815516789567964,0.0418270120042135,1.5138079681665,0.00348387058788549,0.0422788940223933,0.00335260771693704,9,"CT",90000,2014,"donor_4","OR"
0.519141322054081,0.000815516789567964,0.0418270120042135,1.5138079681665,0.00348387058788549,0.0422788940223933,0.00335260771693704,9,"CT",90000,2014,"donor_5","NC"
0.519141322054081,0.000815516789567964,0.0418270120042135,1.5138079681665,0.00348387058788549,0.0422788940223933,0.00335260771693704,9,"CT",90000,2014,"donor_6","IL"
0.519141322054081,0.000815516789567964,0.0418270120042135,1.5138079681665,0.00348387058788549,0.0422788940223933,0.00335260771693704,9,"CT",90000,2014,"donor_7","AL"
0.519141322054081,0.000815516789567964,0.0418270120042135,1.5138079681665,0.00348387058788549,0.0422788940223933,0.00335260771693704,9,"CT",90000,2014,"donor_8","OH"
0.519141322054081,0.000815516789567964,0.0418270120042135,1.5138079681665,0.00348387058788549,0.0422788940223933,0.00335260771693704,9,"CT",90000,2014,"donor_9","MI"
0.244062261403744,0.000817989277323403,0.0411297114186732,1.51482184681296,0.0385510337899789,0.0406641272007124,0.0386865774541572,9,"CT",90000,2014,"donor_1","MI"
0.244062261403744,0.000817989277323403,0.0411297114186732,1.51482184681296,0.0385510337899789,0.0406641272007124,0.0386865774541572,9,"CT",90000,2014,"donor_2","IN"
0.244062261403744,0.000817989277323403,0.0411297114186732,1.51482184681296,0.0385510337899789,0.0406641272007124,0.0386865774541572,9,"CT",90000,2014,"donor_3","OK"
0.244062261403744,0.000817989277323403,0.0411297114186732,1.51482184681296,0.0385510337899789,0.0406641272007124,0.0386865774541572,9,"CT",90000,2014,"donor_4","WA"
0.244062261403744,0.000817989277323403,0.0411297114186732,1.51482184681296,0.0385510337899789,0.0406641272007124,0.0386865774541572,9,"CT",90000,2014,"donor_5","MN"
0.244062261403744,0.000817989277323403,0.0411297114186732,1.51482184681296,0.0385510337899789,0.0406641272007124,0.0386865774541572,9,"CT",90000,2014,"donor_6","SC"
0.244062261403744,0.000817989277323403,0.0411297114186732,1.51482184681296,0.0385510337899789,0.0406641272007124,0.0386865774541572,9,"CT",90000,2014,"donor_7","PA"
0.244062261403744,0.000817989277323403,0.0411297114186732,1.51482184681296,0.0385510337899789,0.0406641272007124,0.0386865774541572,9,"CT",90000,2014,"donor_8","NY"
0.244062261403744,0.000817989277323403,0.0411297114186732,1.51482184681296,0.0385510337899789,0.0406641272007124,0.0386865774541572,9,"CT",90000,2014,"donor_9","TX"
0.356268696023523,0.000833677259683749,-0.0257893179634073,1.61887573325113,-0.0125218279150723,-0.0262036787460569,-0.0123840581163574,9,"CT",90000,2014,"donor_1","OK"
0.356268696023523,0.000833677259683749,-0.0257893179634073,1.61887573325113,-0.0125218279150723,-0.0262036787460569,-0.0123840581163574,9,"CT",90000,2014,"donor_2","MS"
0.356268696023523,0.000833677259683749,-0.0257893179634073,1.61887573325113,-0.0125218279150723,-0.0262036787460569,-0.0123840581163574,9,"CT",90000,2014,"donor_3","NY"
0.356268696023523,0.000833677259683749,-0.0257893179634073,1.61887573325113,-0.0125218279150723,-0.0262036787460569,-0.0123840581163574,9,"CT",90000,2014,"donor_4","IN"
0.356268696023523,0.000833677259683749,-0.0257893179634073,1.61887573325113,-0.0125218279150723,-0.0262036787460569,-0.0123840581163574,9,"CT",90000,2014,"donor_5","KY"
0.356268696023523,0.000833677259683749,-0.0257893179634073,1.61887573325113,-0.0125218279150723,-0.0262036787460569,-0.0123840581163574,9,"CT",90000,2014,"donor_6","WI"
0.356268696023523,0.000833677259683749,-0.0257893179634073,1.61887573325113,-0.0125218279150723,-0.0262036787460569,-0.0123840581163574,9,"CT",90000,2014,"donor_7","TN"
0.356268696023523,0.000833677259683749,-0.0257893179634073,1.61887573325113,-0.0125218279150723,-0.0262036787460569,-0.0123840581163574,9,"CT",90000,2014,"donor_8","UT"
0.356268696023523,0.000833677259683749,-0.0257893179634073,1.61887573325113,-0.0125218279150723,-0.0262036787460569,-0.0123840581163574,9,"CT",90000,2014,"donor_9","FL"
0.68858826927565,0.000851659169363237,-0.0236106441394603,1.61526344255676,0.000661200652765925,-0.0238899757443916,0.000753648044675509,9,"CT",90000,2014,"donor_1","UT"
0.68858826927565,0.000851659169363237,-0.0236106441394603,1.61526344255676,0.000661200652765925,-0.0238899757443916,0.000753648044675509,9,"CT",90000,2014,"donor_2","OR"
0.68858826927565,0.000851659169363237,-0.0236106441394603,1.61526344255676,0.000661200652765925,-0.0238899757443916,0.000753648044675509,9,"CT",90000,2014,"donor_3","AZ"
0.68858826927565,0.000851659169363237,-0.0236106441394603,1.61526344255676,0.000661200652765925,-0.0238899757443916,0.000753648044675509,9,"CT",90000,2014,"donor_4","MO"
0.68858826927565,0.000851659169363237,-0.0236106441394603,1.61526344255676,0.000661200652765925,-0.0238899757443916,0.000753648044675509,9,"CT",90000,2014,"donor_5","KY"
0.68858826927565,0.000851659169363237,-0.0236106441394603,1.61526344255676,0.000661200652765925,-0.0238899757443916,0.000753648044675509,9,"CT",90000,2014,"donor_6","MN"
0.68858826927565,0.000851659169363237,-0.0236106441394603,1.61526344255676,0.000661200652765925,-0.0238899757443916,0.000753648044675509,9,"CT",90000,2014,"donor_7","MI"
0.68858826927565,0.000851659169363237,-0.0236106441394603,1.61526344255676,0.000661200652765925,-0.0238899757443916,0.000753648044675509,9,"CT",90000,2014,"donor_8","FL"
0.68858826927565,0.000851659169363237,-0.0236106441394603,1.61526344255676,0.000661200652765925,-0.0238899757443916,0.000753648044675509,9,"CT",90000,2014,"donor_9","MS"
0.315571125376666,0.000878705266658277,0.0147502329034954,1.5542012025072,0.0116465181440127,0.015214854525217,0.0115042594920688,9,"CT",90000,2014,"donor_1","TX"
0.315571125376666,0.000878705266658277,0.0147502329034954,1.5542012025072,0.0116465181440127,0.015214854525217,0.0115042594920688,9,"CT",90000,2014,"donor_2","MI"
0.315571125376666,0.000878705266658277,0.0147502329034954,1.5542012025072,0.0116465181440127,0.015214854525217,0.0115042594920688,9,"CT",90000,2014,"donor_3","GA"
0.315571125376666,0.000878705266658277,0.0147502329034954,1.5542012025072,0.0116465181440127,0.015214854525217,0.0115042594920688,9,"CT",90000,2014,"donor_4","PA"
0.315571125376666,0.000878705266658277,0.0147502329034954,1.5542012025072,0.0116465181440127,0.015214854525217,0.0115042594920688,9,"CT",90000,2014,"donor_5","UT"
0.315571125376666,0.000878705266658277,0.0147502329034954,1.5542012025072,0.0116465181440127,0.015214854525217,0.0115042594920688,9,"CT",90000,2014,"donor_6","AZ"
0.315571125376666,0.000878705266658277,0.0147502329034954,1.5542012025072,0.0116465181440127,0.015214854525217,0.0115042594920688,9,"CT",90000,2014,"donor_7","FL"
0.315571125376666,0.000878705266658277,0.0147502329034954,1.5542012025072,0.0116465181440127,0.015214854525217,0.0115042594920688,9,"CT",90000,2014,"donor_8","NM"
0.315571125376666,0.000878705266658277,0.0147502329034954,1.5542012025072,0.0116465181440127,0.015214854525217,0.0115042594920688,9,"CT",90000,2014,"donor_9","CO"
0.59395274805146,0.000891231428845178,0.0472851777336505,1.50591841243854,0.013103136948233,0.0471872192296545,0.0131313109962186,9,"CT",90000,2014,"donor_1","FL"
0.59395274805146,0.000891231428845178,0.0472851777336505,1.50591841243854,0.013103136948233,0.0471872192296545,0.0131313109962186,9,"CT",90000,2014,"donor_2","WI"
0.59395274805146,0.000891231428845178,0.0472851777336505,1.50591841243854,0.013103136948233,0.0471872192296545,0.0131313109962186,9,"CT",90000,2014,"donor_3","OH"
0.59395274805146,0.000891231428845178,0.0472851777336505,1.50591841243854,0.013103136948233,0.0471872192296545,0.0131313109962186,9,"CT",90000,2014,"donor_4","PA"
0.59395274805146,0.000891231428845178,0.0472851777336505,1.50591841243854,0.013103136948233,0.0471872192296545,0.0131313109962186,9,"CT",90000,2014,"donor_5","MO"
0.59395274805146,0.000891231428845178,0.0472851777336505,1.50591841243854,0.013103136948233,0.0471872192296545,0.0131313109962186,9,"CT",90000,2014,"donor_6","NC"
0.59395274805146,0.000891231428845178,0.0472851777336505,1.50591841243854,0.013103136948233,0.0471872192296545,0.0131313109962186,9,"CT",90000,2014,"donor_7","NM"
0.59395274805146,0.000891231428845178,0.0472851777336505,1.50591841243854,0.013103136948233,0.0471872192296545,0.0131313109962186,9,"CT",90000,2014,"donor_8","CO"
0.59395274805146,0.000891231428845178,0.0472851777336505,1.50591841243854,0.013103136948233,0.0471872192296545,0.0131313109962186,9,"CT",90000,2014,"donor_9","OR"
0.421164562262315,0.000909324647515008,-0.0388533321421591,1.64087967525092,-0.0192394729570997,-0.0392967458646024,-0.0190880029663918,9,"CT",90000,2014,"donor_1","OR"
0.421164562262315,0.000909324647515008,-0.0388533321421591,1.64087967525092,-0.0192394729570997,-0.0392967458646024,-0.0190880029663918,9,"CT",90000,2014,"donor_2","CO"
0.421164562262315,0.000909324647515008,-0.0388533321421591,1.64087967525092,-0.0192394729570997,-0.0392967458646024,-0.0190880029663918,9,"CT",90000,2014,"donor_3","AL"
0.421164562262315,0.000909324647515008,-0.0388533321421591,1.64087967525092,-0.0192394729570997,-0.0392967458646024,-0.0190880029663918,9,"CT",90000,2014,"donor_4","NJ"
0.421164562262315,0.000909324647515008,-0.0388533321421591,1.64087967525092,-0.0192394729570997,-0.0392967458646024,-0.0190880029663918,9,"CT",90000,2014,"donor_5","AZ"
0.421164562262315,0.000909324647515008,-0.0388533321421591,1.64087967525092,-0.0192394729570997,-0.0392967458646024,-0.0190880029663918,9,"CT",90000,2014,"donor_6","DE"
0.421164562262315,0.000909324647515008,-0.0388533321421591,1.64087967525092,-0.0192394729570997,-0.0392967458646024,-0.0190880029663918,9,"CT",90000,2014,"donor_7","NM"
0.421164562262315,0.000909324647515008,-0.0388533321421591,1.64087967525092,-0.0192394729570997,-0.0392967458646024,-0.0190880029663918,9,"CT",90000,2014,"donor_8","OK"
0.421164562262315,0.000909324647515008,-0.0388533321421591,1.64087967525092,-0.0192394729570997,-0.0392967458646024,-0.0190880029663918,9,"CT",90000,2014,"donor_9","TX"
0.47237138872648,0.000913243421140169,0.0501418820052776,1.50182185783459,0.01105386068921,0.0503658671724755,0.0109898095180055,9,"CT",90000,2014,"donor_1","IA"
0.47237138872648,0.000913243421140169,0.0501418820052776,1.50182185783459,0.01105386068921,0.0503658671724755,0.0109898095180055,9,"CT",90000,2014,"donor_2","MO"
0.47237138872648,0.000913243421140169,0.0501418820052776,1.50182185783459,0.01105386068921,0.0503658671724755,0.0109898095180055,9,"CT",90000,2014,"donor_3","TX"
0.47237138872648,0.000913243421140169,0.0501418820052776,1.50182185783459,0.01105386068921,0.0503658671724755,0.0109898095180055,9,"CT",90000,2014,"donor_4","OR"
0.47237138872648,0.000913243421140169,0.0501418820052776,1.50182185783459,0.01105386068921,0.0503658671724755,0.0109898095180055,9,"CT",90000,2014,"donor_5","UT"
0.47237138872648,0.000913243421140169,0.0501418820052776,1.50182185783459,0.01105386068921,0.0503658671724755,0.0109898095180055,9,"CT",90000,2014,"donor_6","WA"
0.47237138872648,0.000913243421140169,0.0501418820052776,1.50182185783459,0.01105386068921,0.0503658671724755,0.0109898095180055,9,"CT",90000,2014,"donor_7","MI"
0.47237138872648,0.000913243421140169,0.0501418820052776,1.50182185783459,0.01105386068921,0.0503658671724755,0.0109898095180055,9,"CT",90000,2014,"donor_8","IN"
0.47237138872648,0.000913243421140169,0.0501418820052776,1.50182185783459,0.01105386068921,0.0503658671724755,0.0109898095180055,9,"CT",90000,2014,"donor_9","OK"
0.642878026837373,0.000915335037824949,0.058517455072292,1.48993861618972,-0.0425564148474446,0.0579772542502402,-0.0424042629817898,9,"CT",90000,2014,"donor_1","OK"
0.642878026837373,0.000915335037824949,0.058517455072292,1.48993861618972,-0.0425564148474446,0.0579772542502402,-0.0424042629817898,9,"CT",90000,2014,"donor_2","MO"
0.642878026837373,0.000915335037824949,0.058517455072292,1.48993861618972,-0.0425564148474446,0.0579772542502402,-0.0424042629817898,9,"CT",90000,2014,"donor_3","NC"
0.642878026837373,0.000915335037824949,0.058517455072292,1.48993861618972,-0.0425564148474446,0.0579772542502402,-0.0424042629817898,9,"CT",90000,2014,"donor_4","MN"
0.642878026837373,0.000915335037824949,0.058517455072292,1.48993861618972,-0.0425564148474446,0.0579772542502402,-0.0424042629817898,9,"CT",90000,2014,"donor_5","GA"
0.642878026837373,0.000915335037824949,0.058517455072292,1.48993861618972,-0.0425564148474446,0.0579772542502402,-0.0424042629817898,9,"CT",90000,2014,"donor_6","OH"
0.642878026837373,0.000915335037824949,0.058517455072292,1.48993861618972,-0.0425564148474446,0.0579772542502402,-0.0424042629817898,9,"CT",90000,2014,"donor_7","IN"
0.642878026837373,0.000915335037824949,0.058517455072292,1.48993861618972,-0.0425564148474446,0.0579772542502402,-0.0424042629817898,9,"CT",90000,2014,"donor_8","NY"
0.642878026837373,0.000915335037824949,0.058517455072292,1.48993861618972,-0.0425564148474446,0.0579772542502402,-0.0424042629817898,9,"CT",90000,2014,"donor_9","AL"
0.817578146644417,0.000952413085432715,-0.00272866025233936,1.58144124809817,0.0103022601103027,-0.0022434088357144,0.0101484356980674,9,"CT",90000,2014,"donor_1","OR"
0.817578146644417,0.000952413085432715,-0.00272866025233936,1.58144124809817,0.0103022601103027,-0.0022434088357144,0.0101484356980674,9,"CT",90000,2014,"donor_2","IL"
0.817578146644417,0.000952413085432715,-0.00272866025233936,1.58144124809817,0.0103022601103027,-0.0022434088357144,0.0101484356980674,9,"CT",90000,2014,"donor_3","OH"
0.817578146644417,0.000952413085432715,-0.00272866025233936,1.58144124809817,0.0103022601103027,-0.0022434088357144,0.0101484356980674,9,"CT",90000,2014,"donor_4","AL"
0.817578146644417,0.000952413085432715,-0.00272866025233936,1.58144124809817,0.0103022601103027,-0.0022434088357144,0.0101484356980674,9,"CT",90000,2014,"donor_5","UT"
0.817578146644417,0.000952413085432715,-0.00272866025233936,1.58144124809817,0.0103022601103027,-0.0022434088357144,0.0101484356980674,9,"CT",90000,2014,"donor_6","FL"
0.817578146644417,0.000952413085432715,-0.00272866025233936,1.58144124809817,0.0103022601103027,-0.0022434088357144,0.0101484356980674,9,"CT",90000,2014,"donor_7","SC"
0.817578146644417,0.000952413085432715,-0.00272866025233936,1.58144124809817,0.0103022601103027,-0.0022434088357144,0.0101484356980674,9,"CT",90000,2014,"donor_8","AZ"
0.817578146644417,0.000952413085432715,-0.00272866025233936,1.58144124809817,0.0103022601103027,-0.0022434088357144,0.0101484356980674,9,"CT",90000,2014,"donor_9","MO"
0.302176155501142,0.000955290787593805,0.0104977486264342,1.56074175758121,0.0366684386867707,0.0105360079412273,0.0366566206199735,9,"CT",90000,2014,"donor_1","NC"
0.302176155501142,0.000955290787593805,0.0104977486264342,1.56074175758121,0.0366684386867707,0.0105360079412273,0.0366566206199735,9,"CT",90000,2014,"donor_2","NM"
0.302176155501142,0.000955290787593805,0.0104977486264342,1.56074175758121,0.0366684386867707,0.0105360079412273,0.0366566206199735,9,"CT",90000,2014,"donor_3","OR"
0.302176155501142,0.000955290787593805,0.0104977486264342,1.56074175758121,0.0366684386867707,0.0105360079412273,0.0366566206199735,9,"CT",90000,2014,"donor_4","UT"
0.302176155501142,0.000955290787593805,0.0104977486264342,1.56074175758121,0.0366684386867707,0.0105360079412273,0.0366566206199735,9,"CT",90000,2014,"donor_5","NJ"
0.302176155501142,0.000955290787593805,0.0104977486264342,1.56074175758121,0.0366684386867707,0.0105360079412273,0.0366566206199735,9,"CT",90000,2014,"donor_6","NY"
0.302176155501142,0.000955290787593805,0.0104977486264342,1.56074175758121,0.0366684386867707,0.0105360079412273,0.0366566206199735,9,"CT",90000,2014,"donor_7","IL"
0.302176155501142,0.000955290787593805,0.0104977486264342,1.56074175758121,0.0366684386867707,0.0105360079412273,0.0366566206199735,9,"CT",90000,2014,"donor_8","CO"
0.302176155501142,0.000955290787593805,0.0104977486264342,1.56074175758121,0.0366684386867707,0.0105360079412273,0.0366566206199735,9,"CT",90000,2014,"donor_9","WI"
0.708383100966502,0.000962587642924576,-0.0391815929442978,1.64144027699882,0.010473243617836,-0.0389950708933601,0.010409525982747,9,"CT",90000,2014,"donor_1","OH"
0.708383100966502,0.000962587642924576,-0.0391815929442978,1.64144027699882,0.010473243617836,-0.0389950708933601,0.010409525982747,9,"CT",90000,2014,"donor_2","NJ"
0.708383100966502,0.000962587642924576,-0.0391815929442978,1.64144027699882,0.010473243617836,-0.0389950708933601,0.010409525982747,9,"CT",90000,2014,"donor_3","AL"
0.708383100966502,0.000962587642924576,-0.0391815929442978,1.64144027699882,0.010473243617836,-0.0389950708933601,0.010409525982747,9,"CT",90000,2014,"donor_4","PA"
0.708383100966502,0.000962587642924576,-0.0391815929442978,1.64144027699882,0.010473243617836,-0.0389950708933601,0.010409525982747,9,"CT",90000,2014,"donor_5","NY"
0.708383100966502,0.000962587642924576,-0.0391815929442978,1.64144027699882,0.010473243617836,-0.0389950708933601,0.010409525982747,9,"CT",90000,2014,"donor_6","SC"
0.708383100966502,0.000962587642924576,-0.0391815929442978,1.64144027699882,0.010473243617836,-0.0389950708933601,0.010409525982747,9,"CT",90000,2014,"donor_7","OR"
0.708383100966502,0.000962587642924576,-0.0391815929442978,1.64144027699882,0.010473243617836,-0.0389950708933601,0.010409525982747,9,"CT",90000,2014,"donor_8","FL"
0.708383100966502,0.000962587642924576,-0.0391815929442978,1.64144027699882,0.010473243617836,-0.0389950708933601,0.010409525982747,9,"CT",90000,2014,"donor_9","KY"
0.50683160801189,0.000997850067671807,0.00866390403855371,1.56357933094312,0.0225183752296148,0.00911699275258447,0.022377967298041,9,"CT",90000,2014,"donor_1","IN"
0.50683160801189,0.000997850067671807,0.00866390403855371,1.56357933094312,0.0225183752296148,0.00911699275258447,0.022377967298041,9,"CT",90000,2014,"donor_2","FL"
0.50683160801189,0.000997850067671807,0.00866390403855371,1.56357933094312,0.0225183752296148,0.00911699275258447,0.022377967298041,9,"CT",90000,2014,"donor_3","WI"
0.50683160801189,0.000997850067671807,0.00866390403855371,1.56357933094312,0.0225183752296148,0.00911699275258447,0.022377967298041,9,"CT",90000,2014,"donor_4","NY"
0.50683160801189,0.000997850067671807,0.00866390403855371,1.56357933094312,0.0225183752296148,0.00911699275258447,0.022377967298041,9,"CT",90000,2014,"donor_5","OK"
0.50683160801189,0.000997850067671807,0.00866390403855371,1.56357933094312,0.0225183752296148,0.00911699275258447,0.022377967298041,9,"CT",90000,2014,"donor_6","KY"
0.50683160801189,0.000997850067671807,0.00866390403855371,1.56357933094312,0.0225183752296148,0.00911699275258447,0.022377967298041,9,"CT",90000,2014,"donor_7","OR"
0.50683160801189,0.000997850067671807,0.00866390403855371,1.56357933094312,0.0225183752296148,0.00911699275258447,0.022377967298041,9,"CT",90000,2014,"donor_8","MO"
0.50683160801189,0.000997850067671807,0.00866390403855371,1.56357933094312,0.0225183752296148,0.00911699275258447,0.022377967298041,9,"CT",90000,2014,"donor_9","MN"
0.321910385687594,0.00101974049318539,-0.0220152696641833,1.61262848314772,-0.00547816429187106,-0.0221195804233819,-0.00544376039175919,9,"CT",90000,2014,"donor_1","MN"
0.321910385687594,0.00101974049318539,-0.0220152696641833,1.61262848314772,-0.00547816429187106,-0.0221195804233819,-0.00544376039175919,9,"CT",90000,2014,"donor_2","OK"
0.321910385687594,0.00101974049318539,-0.0220152696641833,1.61262848314772,-0.00547816429187106,-0.0221195804233819,-0.00544376039175919,9,"CT",90000,2014,"donor_3","KY"
0.321910385687594,0.00101974049318539,-0.0220152696641833,1.61262848314772,-0.00547816429187106,-0.0221195804233819,-0.00544376039175919,9,"CT",90000,2014,"donor_4","SC"
0.321910385687594,0.00101974049318539,-0.0220152696641833,1.61262848314772,-0.00547816429187106,-0.0221195804233819,-0.00544376039175919,9,"CT",90000,2014,"donor_5","NY"
0.321910385687594,0.00101974049318539,-0.0220152696641833,1.61262848314772,-0.00547816429187106,-0.0221195804233819,-0.00544376039175919,9,"CT",90000,2014,"donor_6","GA"
0.321910385687594,0.00101974049318539,-0.0220152696641833,1.61262848314772,-0.00547816429187106,-0.0221195804233819,-0.00544376039175919,9,"CT",90000,2014,"donor_7","AL"
0.321910385687594,0.00101974049318539,-0.0220152696641833,1.61262848314772,-0.00547816429187106,-0.0221195804233819,-0.00544376039175919,9,"CT",90000,2014,"donor_8","IN"
0.321910385687594,0.00101974049318539,-0.0220152696641833,1.61262848314772,-0.00547816429187106,-0.0221195804233819,-0.00544376039175919,9,"CT",90000,2014,"donor_9","OR"
0.067954518634777,0.00105660620154608,0.0245395186079769,1.53935109732603,0.0256070622319688,0.0244866418943179,0.0256229523029303,9,"CT",90000,2014,"donor_1","WA"
0.067954518634777,0.00105660620154608,0.0245395186079769,1.53935109732603,0.0256070622319688,0.0244866418943179,0.0256229523029303,9,"CT",90000,2014,"donor_2","PA"
0.067954518634777,0.00105660620154608,0.0245395186079769,1.53935109732603,0.0256070622319688,0.0244866418943179,0.0256229523029303,9,"CT",90000,2014,"donor_3","NC"
0.067954518634777,0.00105660620154608,0.0245395186079769,1.53935109732603,0.0256070622319688,0.0244866418943179,0.0256229523029303,9,"CT",90000,2014,"donor_4","TN"
0.067954518634777,0.00105660620154608,0.0245395186079769,1.53935109732603,0.0256070622319688,0.0244866418943179,0.0256229523029303,9,"CT",90000,2014,"donor_5","NM"
0.067954518634777,0.00105660620154608,0.0245395186079769,1.53935109732603,0.0256070622319688,0.0244866418943179,0.0256229523029303,9,"CT",90000,2014,"donor_6","NY"
0.067954518634777,0.00105660620154608,0.0245395186079769,1.53935109732603,0.0256070622319688,0.0244866418943179,0.0256229523029303,9,"CT",90000,2014,"donor_7","TX"
0.067954518634777,0.00105660620154608,0.0245395186079769,1.53935109732603,0.0256070622319688,0.0244866418943179,0.0256229523029303,9,"CT",90000,2014,"donor_8","AZ"
0.067954518634777,0.00105660620154608,0.0245395186079769,1.53935109732603,0.0256070622319688,0.0244866418943179,0.0256229523029303,9,"CT",90000,2014,"donor_9","MN"
0.347100358192227,0.00106820248624141,0.0368194122379477,1.52111931316842,0.00837113461064426,0.0362282330982683,0.00854469753398207,9,"CT",90000,2014,"donor_1","GA"
0.347100358192227,0.00106820248624141,0.0368194122379477,1.52111931316842,0.00837113461064426,0.0362282330982683,0.00854469753398207,9,"CT",90000,2014,"donor_2","WI"
0.347100358192227,0.00106820248624141,0.0368194122379477,1.52111931316842,0.00837113461064426,0.0362282330982683,0.00854469753398207,9,"CT",90000,2014,"donor_3","OR"
0.347100358192227,0.00106820248624141,0.0368194122379477,1.52111931316842,0.00837113461064426,0.0362282330982683,0.00854469753398207,9,"CT",90000,2014,"donor_4","WA"
0.347100358192227,0.00106820248624141,0.0368194122379477,1.52111931316842,0.00837113461064426,0.0362282330982683,0.00854469753398207,9,"CT",90000,2014,"donor_5","MS"
0.347100358192227,0.00106820248624141,0.0368194122379477,1.52111931316842,0.00837113461064426,0.0362282330982683,0.00854469753398207,9,"CT",90000,2014,"donor_6","TN"
0.347100358192227,0.00106820248624141,0.0368194122379477,1.52111931316842,0.00837113461064426,0.0362282330982683,0.00854469753398207,9,"CT",90000,2014,"donor_7","IN"
0.347100358192227,0.00106820248624141,0.0368194122379477,1.52111931316842,0.00837113461064426,0.0362282330982683,0.00854469753398207,9,"CT",90000,2014,"donor_8","NC"
0.347100358192227,0.00106820248624141,0.0368194122379477,1.52111931316842,0.00837113461064426,0.0362282330982683,0.00854469753398207,9,"CT",90000,2014,"donor_9","NY"
0.552452014994482,0.00108121574350268,0.0154542934031827,1.55312360435004,-0.0180869024007098,0.0148941307825939,-0.017915455594206,9,"CT",90000,2014,"donor_1","AZ"
0.552452014994482,0.00108121574350268,0.0154542934031827,1.55312360435004,-0.0180869024007098,0.0148941307825939,-0.017915455594206,9,"CT",90000,2014,"donor_2","MO"
0.552452014994482,0.00108121574350268,0.0154542934031827,1.55312360435004,-0.0180869024007098,0.0148941307825939,-0.017915455594206,9,"CT",90000,2014,"donor_3","MN"
0.552452014994482,0.00108121574350268,0.0154542934031827,1.55312360435004,-0.0180869024007098,0.0148941307825939,-0.017915455594206,9,"CT",90000,2014,"donor_4","WI"
0.552452014994482,0.00108121574350268,0.0154542934031827,1.55312360435004,-0.0180869024007098,0.0148941307825939,-0.017915455594206,9,"CT",90000,2014,"donor_5","OH"
0.552452014994482,0.00108121574350268,0.0154542934031827,1.55312360435004,-0.0180869024007098,0.0148941307825939,-0.017915455594206,9,"CT",90000,2014,"donor_6","CO"
0.552452014994482,0.00108121574350268,0.0154542934031827,1.55312360435004,-0.0180869024007098,0.0148941307825939,-0.017915455594206,9,"CT",90000,2014,"donor_7","NM"
0.552452014994482,0.00108121574350268,0.0154542934031827,1.55312360435004,-0.0180869024007098,0.0148941307825939,-0.017915455594206,9,"CT",90000,2014,"donor_8","KY"
0.552452014994482,0.00108121574350268,0.0154542934031827,1.55312360435004,-0.0180869024007098,0.0148941307825939,-0.017915455594206,9,"CT",90000,2014,"donor_9","MS"
0.656553065609239,0.00109840022318465,-0.010757094977318,1.59427580851532,-0.0199730509626973,-0.010543066547248,-0.0200420222007288,9,"CT",90000,2014,"donor_1","OH"
0.656553065609239,0.00109840022318465,-0.010757094977318,1.59427580851532,-0.0199730509626973,-0.010543066547248,-0.0200420222007288,9,"CT",90000,2014,"donor_2","NY"
0.656553065609239,0.00109840022318465,-0.010757094977318,1.59427580851532,-0.0199730509626973,-0.010543066547248,-0.0200420222007288,9,"CT",90000,2014,"donor_3","GA"
0.656553065609239,0.00109840022318465,-0.010757094977318,1.59427580851532,-0.0199730509626973,-0.010543066547248,-0.0200420222007288,9,"CT",90000,2014,"donor_4","FL"
0.656553065609239,0.00109840022318465,-0.010757094977318,1.59427580851532,-0.0199730509626973,-0.010543066547248,-0.0200420222007288,9,"CT",90000,2014,"donor_5","PA"
0.656553065609239,0.00109840022318465,-0.010757094977318,1.59427580851532,-0.0199730509626973,-0.010543066547248,-0.0200420222007288,9,"CT",90000,2014,"donor_6","AL"
0.656553065609239,0.00109840022318465,-0.010757094977318,1.59427580851532,-0.0199730509626973,-0.010543066547248,-0.0200420222007288,9,"CT",90000,2014,"donor_7","MS"
0.656553065609239,0.00109840022318465,-0.010757094977318,1.59427580851532,-0.0199730509626973,-0.010543066547248,-0.0200420222007288,9,"CT",90000,2014,"donor_8","WA"
0.656553065609239,0.00109840022318465,-0.010757094977318,1.59427580851532,-0.0199730509626973,-0.010543066547248,-0.0200420222007288,9,"CT",90000,2014,"donor_9","SC"
0.829593196748245,0.00110517807493771,0.00678349712098301,1.56649968611231,-0.0137478415632537,0.00620884064350029,-0.0135689126659438,9,"CT",90000,2014,"donor_1","AL"
0.829593196748245,0.00110517807493771,0.00678349712098301,1.56649968611231,-0.0137478415632537,0.00620884064350029,-0.0135689126659438,9,"CT",90000,2014,"donor_2","GA"
0.829593196748245,0.00110517807493771,0.00678349712098301,1.56649968611231,-0.0137478415632537,0.00620884064350029,-0.0135689126659438,9,"CT",90000,2014,"donor_3","SC"
0.829593196748245,0.00110517807493771,0.00678349712098301,1.56649968611231,-0.0137478415632537,0.00620884064350029,-0.0135689126659438,9,"CT",90000,2014,"donor_4","TN"
0.829593196748245,0.00110517807493771,0.00678349712098301,1.56649968611231,-0.0137478415632537,0.00620884064350029,-0.0135689126659438,9,"CT",90000,2014,"donor_5","UT"
0.829593196748245,0.00110517807493771,0.00678349712098301,1.56649968611231,-0.0137478415632537,0.00620884064350029,-0.0135689126659438,9,"CT",90000,2014,"donor_6","MO"
0.829593196748245,0.00110517807493771,0.00678349712098301,1.56649968611231,-0.0137478415632537,0.00620884064350029,-0.0135689126659438,9,"CT",90000,2014,"donor_7","IN"
0.829593196748245,0.00110517807493771,0.00678349712098301,1.56649968611231,-0.0137478415632537,0.00620884064350029,-0.0135689126659438,9,"CT",90000,2014,"donor_8","NY"
0.829593196748245,0.00110517807493771,0.00678349712098301,1.56649968611231,-0.0137478415632537,0.00620884064350029,-0.0135689126659438,9,"CT",90000,2014,"donor_9","KY"
0.704089473875254,0.00111198894421087,0.0982906218191709,1.43598242659195,-0.035319519862492,0.0975953892530429,-0.0351376055146131,9,"CT",90000,2014,"donor_1","MN"
0.704089473875254,0.00111198894421087,0.0982906218191709,1.43598242659195,-0.035319519862492,0.0975953892530429,-0.0351376055146131,9,"CT",90000,2014,"donor_2","NJ"
0.704089473875254,0.00111198894421087,0.0982906218191709,1.43598242659195,-0.035319519862492,0.0975953892530429,-0.0351376055146131,9,"CT",90000,2014,"donor_3","IN"
0.704089473875254,0.00111198894421087,0.0982906218191709,1.43598242659195,-0.035319519862492,0.0975953892530429,-0.0351376055146131,9,"CT",90000,2014,"donor_4","MO"
0.704089473875254,0.00111198894421087,0.0982906218191709,1.43598242659195,-0.035319519862492,0.0975953892530429,-0.0351376055146131,9,"CT",90000,2014,"donor_5","IA"
0.704089473875254,0.00111198894421087,0.0982906218191709,1.43598242659195,-0.035319519862492,0.0975953892530429,-0.0351376055146131,9,"CT",90000,2014,"donor_6","MI"
0.704089473875254,0.00111198894421087,0.0982906218191709,1.43598242659195,-0.035319519862492,0.0975953892530429,-0.0351376055146131,9,"CT",90000,2014,"donor_7","UT"
0.704089473875254,0.00111198894421087,0.0982906218191709,1.43598242659195,-0.035319519862492,0.0975953892530429,-0.0351376055146131,9,"CT",90000,2014,"donor_8","PA"
0.704089473875254,0.00111198894421087,0.0982906218191709,1.43598242659195,-0.035319519862492,0.0975953892530429,-0.0351376055146131,9,"CT",90000,2014,"donor_9","MD"
0.341052243917898,0.00111795921060541,-0.00882581242733008,1.59116939484206,0.0211655434772231,-0.00886926245969766,0.0211794944847118,9,"CT",90000,2014,"donor_1","CO"
0.341052243917898,0.00111795921060541,-0.00882581242733008,1.59116939484206,0.0211655434772231,-0.00886926245969766,0.0211794944847118,9,"CT",90000,2014,"donor_2","MI"
0.341052243917898,0.00111795921060541,-0.00882581242733008,1.59116939484206,0.0211655434772231,-0.00886926245969766,0.0211794944847118,9,"CT",90000,2014,"donor_3","KY"
0.341052243917898,0.00111795921060541,-0.00882581242733008,1.59116939484206,0.0211655434772231,-0.00886926245969766,0.0211794944847118,9,"CT",90000,2014,"donor_4","WA"
0.341052243917898,0.00111795921060541,-0.00882581242733008,1.59116939484206,0.0211655434772231,-0.00886926245969766,0.0211794944847118,9,"CT",90000,2014,"donor_5","WI"
0.341052243917898,0.00111795921060541,-0.00882581242733008,1.59116939484206,0.0211655434772231,-0.00886926245969766,0.0211794944847118,9,"CT",90000,2014,"donor_6","UT"
0.341052243917898,0.00111795921060541,-0.00882581242733008,1.59116939484206,0.0211655434772231,-0.00886926245969766,0.0211794944847118,9,"CT",90000,2014,"donor_7","NM"
0.341052243917898,0.00111795921060541,-0.00882581242733008,1.59116939484206,0.0211655434772231,-0.00886926245969766,0.0211794944847118,9,"CT",90000,2014,"donor_8","NJ"
0.341052243917898,0.00111795921060541,-0.00882581242733008,1.59116939484206,0.0211655434772231,-0.00886926245969766,0.0211794944847118,9,"CT",90000,2014,"donor_9","NC"
0.765587190946893,0.0011282413779396,0.0663373693422855,1.47901225031234,-0.0337468215717698,0.0656790523559612,-0.0335640913425869,9,"CT",90000,2014,"donor_1","MD"
0.765587190946893,0.0011282413779396,0.0663373693422855,1.47901225031234,-0.0337468215717698,0.0656790523559612,-0.0335640913425869,9,"CT",90000,2014,"donor_2","OR"
0.765587190946893,0.0011282413779396,0.0663373693422855,1.47901225031234,-0.0337468215717698,0.0656790523559612,-0.0335640913425869,9,"CT",90000,2014,"donor_3","DE"
0.765587190946893,0.0011282413779396,0.0663373693422855,1.47901225031234,-0.0337468215717698,0.0656790523559612,-0.0335640913425869,9,"CT",90000,2014,"donor_4","KY"
0.765587190946893,0.0011282413779396,0.0663373693422855,1.47901225031234,-0.0337468215717698,0.0656790523559612,-0.0335640913425869,9,"CT",90000,2014,"donor_5","CO"
0.765587190946893,0.0011282413779396,0.0663373693422855,1.47901225031234,-0.0337468215717698,0.0656790523559612,-0.0335640913425869,9,"CT",90000,2014,"donor_6","WI"
0.765587190946893,0.0011282413779396,0.0663373693422855,1.47901225031234,-0.0337468215717698,0.0656790523559612,-0.0335640913425869,9,"CT",90000,2014,"donor_7","MS"
0.765587190946893,0.0011282413779396,0.0663373693422855,1.47901225031234,-0.0337468215717698,0.0656790523559612,-0.0335640913425869,9,"CT",90000,2014,"donor_8","MO"
0.765587190946893,0.0011282413779396,0.0663373693422855,1.47901225031234,-0.0337468215717698,0.0656790523559612,-0.0335640913425869,9,"CT",90000,2014,"donor_9","IN"
0.586304253390422,0.00114735791965852,-0.00562941104836231,1.5860545854296,-0.0648577044741058,-0.00510912106362339,-0.065023593685379,9,"CT",90000,2014,"donor_1","DE"
0.586304253390422,0.00114735791965852,-0.00562941104836231,1.5860545854296,-0.0648577044741058,-0.00510912106362339,-0.065023593685379,9,"CT",90000,2014,"donor_2","MD"
0.586304253390422,0.00114735791965852,-0.00562941104836231,1.5860545854296,-0.0648577044741058,-0.00510912106362339,-0.065023593685379,9,"CT",90000,2014,"donor_3","SC"
0.586304253390422,0.00114735791965852,-0.00562941104836231,1.5860545854296,-0.0648577044741058,-0.00510912106362339,-0.065023593685379,9,"CT",90000,2014,"donor_4","AL"
0.586304253390422,0.00114735791965852,-0.00562941104836231,1.5860545854296,-0.0648577044741058,-0.00510912106362339,-0.065023593685379,9,"CT",90000,2014,"donor_5","IA"
0.586304253390422,0.00114735791965852,-0.00562941104836231,1.5860545854296,-0.0648577044741058,-0.00510912106362339,-0.065023593685379,9,"CT",90000,2014,"donor_6","MO"
0.586304253390422,0.00114735791965852,-0.00562941104836231,1.5860545854296,-0.0648577044741058,-0.00510912106362339,-0.065023593685379,9,"CT",90000,2014,"donor_7","WI"
0.586304253390422,0.00114735791965852,-0.00562941104836231,1.5860545854296,-0.0648577044741058,-0.00510912106362339,-0.065023593685379,9,"CT",90000,2014,"donor_8","OK"
0.586304253390422,0.00114735791965852,-0.00562941104836231,1.5860545854296,-0.0648577044741058,-0.00510912106362339,-0.065023593685379,9,"CT",90000,2014,"donor_9","KY"
0.861225763664573,0.00115130387346999,0.0118798513392452,1.55860997739575,-0.0329522571178106,0.0112816556341302,-0.0327678665893691,9,"CT",90000,2014,"donor_1","GA"
0.861225763664573,0.00115130387346999,0.0118798513392452,1.55860997739575,-0.0329522571178106,0.0112816556341302,-0.0327678665893691,9,"CT",90000,2014,"donor_2","MO"
0.861225763664573,0.00115130387346999,0.0118798513392452,1.55860997739575,-0.0329522571178106,0.0112816556341302,-0.0327678665893691,9,"CT",90000,2014,"donor_3","WA"
0.861225763664573,0.00115130387346999,0.0118798513392452,1.55860997739575,-0.0329522571178106,0.0112816556341302,-0.0327678665893691,9,"CT",90000,2014,"donor_4","AL"
0.861225763664573,0.00115130387346999,0.0118798513392452,1.55860997739575,-0.0329522571178106,0.0112816556341302,-0.0327678665893691,9,"CT",90000,2014,"donor_5","NC"
0.861225763664573,0.00115130387346999,0.0118798513392452,1.55860997739575,-0.0329522571178106,0.0112816556341302,-0.0327678665893691,9,"CT",90000,2014,"donor_6","FL"
0.861225763664573,0.00115130387346999,0.0118798513392452,1.55860997739575,-0.0329522571178106,0.0112816556341302,-0.0327678665893691,9,"CT",90000,2014,"donor_7","OH"
0.861225763664573,0.00115130387346999,0.0118798513392452,1.55860997739575,-0.0329522571178106,0.0112816556341302,-0.0327678665893691,9,"CT",90000,2014,"donor_8","NJ"
0.861225763664573,0.00115130387346999,0.0118798513392452,1.55860997739575,-0.0329522571178106,0.0112816556341302,-0.0327678665893691,9,"CT",90000,2014,"donor_9","IL"
0.307207252287326,0.00115137679029191,0.0675647757002901,1.4773117923346,-0.0170704827374877,0.0670517991760214,-0.0169284415977646,9,"CT",90000,2014,"donor_1","MD"
0.307207252287326,0.00115137679029191,0.0675647757002901,1.4773117923346,-0.0170704827374877,0.0670517991760214,-0.0169284415977646,9,"CT",90000,2014,"donor_2","NY"
0.307207252287326,0.00115137679029191,0.0675647757002901,1.4773117923346,-0.0170704827374877,0.0670517991760214,-0.0169284415977646,9,"CT",90000,2014,"donor_3","MI"
0.307207252287326,0.00115137679029191,0.0675647757002901,1.4773117923346,-0.0170704827374877,0.0670517991760214,-0.0169284415977646,9,"CT",90000,2014,"donor_4","FL"
0.307207252287326,0.00115137679029191,0.0675647757002901,1.4773117923346,-0.0170704827374877,0.0670517991760214,-0.0169284415977646,9,"CT",90000,2014,"donor_5","MN"
0.307207252287326,0.00115137679029191,0.0675647757002901,1.4773117923346,-0.0170704827374877,0.0670517991760214,-0.0169284415977646,9,"CT",90000,2014,"donor_6","KY"
0.307207252287326,0.00115137679029191,0.0675647757002901,1.4773117923346,-0.0170704827374877,0.0670517991760214,-0.0169284415977646,9,"CT",90000,2014,"donor_7","IN"
0.307207252287326,0.00115137679029191,0.0675647757002901,1.4773117923346,-0.0170704827374877,0.0670517991760214,-0.0169284415977646,9,"CT",90000,2014,"donor_8","GA"
0.307207252287326,0.00115137679029191,0.0675647757002901,1.4773117923346,-0.0170704827374877,0.0670517991760214,-0.0169284415977646,9,"CT",90000,2014,"donor_9","WI"
0.368471393948961,0.377530513352936,-0.190789272790977,0.403292496269816,-0.210087542376449,-0.024836510907522,-0.232964904087743,3,"RI",30000,2016,"donor_1","CO"
0.368471393948961,0.377530513352936,-0.190789272790977,0.403292496269816,-0.210087542376449,-0.024836510907522,-0.232964904087743,3,"RI",30000,2016,"donor_2","MO"
0.368471393948961,0.377530513352936,-0.190789272790977,0.403292496269816,-0.210087542376449,-0.024836510907522,-0.232964904087743,3,"RI",30000,2016,"donor_3","MD"
0.368471393948961,0.377530513352936,-0.190789272790977,0.403292496269816,-0.210087542376449,-0.024836510907522,-0.232964904087743,3,"RI",30000,2016,"donor_1","CO"
0.368471393948961,0.377530513352936,-0.190789272790977,0.403292496269816,-0.210087542376449,-0.024836510907522,-0.232964904087743,3,"RI",30000,2016,"donor_2","MO"
0.368471393948961,0.377530513352936,-0.190789272790977,0.403292496269816,-0.210087542376449,-0.024836510907522,-0.232964904087743,3,"RI",30000,2016,"donor_3","MD"
0.368471393948961,0.377530513352936,-0.190789272790977,0.403292496269816,-0.210087542376449,-0.024836510907522,-0.232964904087743,3,"RI",30000,2016,"donor_1","MO"
0.368471393948961,0.377530513352936,-0.190789272790977,0.403292496269816,-0.210087542376449,-0.024836510907522,-0.232964904087743,3,"RI",30000,2016,"donor_2","CO"
0.368471393948961,0.377530513352936,-0.190789272790977,0.403292496269816,-0.210087542376449,-0.024836510907522,-0.232964904087743,3,"RI",30000,2016,"donor_3","MD"
0.368471393948961,0.377530513352936,-0.190789272790977,0.403292496269816,-0.210087542376449,-0.024836510907522,-0.232964904087743,3,"RI",30000,2016,"donor_1","MO"
0.368471393948961,0.377530513352936,-0.190789272790977,0.403292496269816,-0.210087542376449,-0.024836510907522,-0.232964904087743,3,"RI",30000,2016,"donor_2","CO"
0.368471393948961,0.377530513352936,-0.190789272790977,0.403292496269816,-0.210087542376449,-0.024836510907522,-0.232964904087743,3,"RI",30000,2016,"donor_3","MD"
0.368471393948961,0.377530513352936,-0.190789272790977,0.403292496269816,-0.210087542376449,-0.024836510907522,-0.232964904087743,3,"RI",30000,2016,"donor_1","CO"
0.368471393948961,0.377530513352936,-0.190789272790977,0.403292496269816,-0.210087542376449,-0.024836510907522,-0.232964904087743,3,"RI",30000,2016,"donor_2","MD"
0.368471393948961,0.377530513352936,-0.190789272790977,0.403292496269816,-0.210087542376449,-0.024836510907522,-0.232964904087743,3,"RI",30000,2016,"donor_3","MO"
0.368471393948961,0.377530513352936,-0.190789272790977,0.403292496269816,-0.210087542376449,-0.024836510907522,-0.232964904087743,3,"RI",30000,2016,"donor_1","CO"
0.368471393948961,0.377530513352936,-0.190789272790977,0.403292496269816,-0.210087542376449,-0.024836510907522,-0.232964904087743,3,"RI",30000,2016,"donor_2","MD"
0.368471393948961,0.377530513352936,-0.190789272790977,0.403292496269816,-0.210087542376449,-0.024836510907522,-0.232964904087743,3,"RI",30000,2016,"donor_3","MO"
0.368471393948961,0.377530513352936,-0.190789272790977,0.403292496269816,-0.210087542376449,-0.024836510907522,-0.232964904087743,3,"RI",30000,2016,"donor_1","CO"
0.368471393948961,0.377530513352936,-0.190789272790977,0.403292496269816,-0.210087542376449,-0.024836510907522,-0.232964904087743,3,"RI",30000,2016,"donor_2","MD"
0.368471393948961,0.377530513352936,-0.190789272790977,0.403292496269816,-0.210087542376449,-0.024836510907522,-0.232964904087743,3,"RI",30000,2016,"donor_3","MO"
0.368471393948961,0.377530513352936,-0.190789272790977,0.403292496269816,-0.210087542376449,-0.024836510907522,-0.232964904087743,3,"RI",30000,2016,"donor_1","MD"
0.368471393948961,0.377530513352936,-0.190789272790977,0.403292496269816,-0.210087542376449,-0.024836510907522,-0.232964904087743,3,"RI",30000,2016,"donor_2","CO"
0.368471393948961,0.377530513352936,-0.190789272790977,0.403292496269816,-0.210087542376449,-0.024836510907522,-0.232964904087743,3,"RI",30000,2016,"donor_3","MO"
0.219822773834927,0.393206473524959,-0.244663941495552,0.432057506734955,-0.205489020604851,-0.0911867472951064,-0.229810472663185,3,"RI",30000,2016,"donor_1","MD"
0.219822773834927,0.393206473524959,-0.244663941495552,0.432057506734955,-0.205489020604851,-0.0911867472951064,-0.229810472663185,3,"RI",30000,2016,"donor_2","CO"
0.219822773834927,0.393206473524959,-0.244663941495552,0.432057506734955,-0.205489020604851,-0.0911867472951064,-0.229810472663185,3,"RI",30000,2016,"donor_3","TX"
0.219822773834927,0.393206473524959,-0.244663941495552,0.432057506734955,-0.205489020604851,-0.0911867472951064,-0.229810472663185,3,"RI",30000,2016,"donor_1","MD"
0.219822773834927,0.393206473524959,-0.244663941495552,0.432057506734955,-0.205489020604851,-0.0911867472951064,-0.229810472663185,3,"RI",30000,2016,"donor_2","TX"
0.219822773834927,0.393206473524959,-0.244663941495552,0.432057506734955,-0.205489020604851,-0.0911867472951064,-0.229810472663185,3,"RI",30000,2016,"donor_3","CO"
0.219822773834927,0.393206473524959,-0.244663941495552,0.432057506734955,-0.205489020604851,-0.0911867472951064,-0.229810472663185,3,"RI",30000,2016,"donor_1","MD"
0.219822773834927,0.393206473524959,-0.244663941495552,0.432057506734955,-0.205489020604851,-0.0911867472951064,-0.229810472663185,3,"RI",30000,2016,"donor_2","TX"
0.219822773834927,0.393206473524959,-0.244663941495552,0.432057506734955,-0.205489020604851,-0.0911867472951064,-0.229810472663185,3,"RI",30000,2016,"donor_3","CO"
0.219822773834927,0.393206473524959,-0.244663941495552,0.432057506734955,-0.205489020604851,-0.0911867472951064,-0.229810472663185,3,"RI",30000,2016,"donor_1","CO"
0.219822773834927,0.393206473524959,-0.244663941495552,0.432057506734955,-0.205489020604851,-0.0911867472951064,-0.229810472663185,3,"RI",30000,2016,"donor_2","TX"
0.219822773834927,0.393206473524959,-0.244663941495552,0.432057506734955,-0.205489020604851,-0.0911867472951064,-0.229810472663185,3,"RI",30000,2016,"donor_3","MD"
0.219822773834927,0.393206473524959,-0.244663941495552,0.432057506734955,-0.205489020604851,-0.0911867472951064,-0.229810472663185,3,"RI",30000,2016,"donor_1","TX"
0.219822773834927,0.393206473524959,-0.244663941495552,0.432057506734955,-0.205489020604851,-0.0911867472951064,-0.229810472663185,3,"RI",30000,2016,"donor_2","MD"
0.219822773834927,0.393206473524959,-0.244663941495552,0.432057506734955,-0.205489020604851,-0.0911867472951064,-0.229810472663185,3,"RI",30000,2016,"donor_3","CO"
0.219822773834927,0.393206473524959,-0.244663941495552,0.432057506734955,-0.205489020604851,-0.0911867472951064,-0.229810472663185,3,"RI",30000,2016,"donor_1","CO"
0.219822773834927,0.393206473524959,-0.244663941495552,0.432057506734955,-0.205489020604851,-0.0911867472951064,-0.229810472663185,3,"RI",30000,2016,"donor_2","MD"
0.219822773834927,0.393206473524959,-0.244663941495552,0.432057506734955,-0.205489020604851,-0.0911867472951064,-0.229810472663185,3,"RI",30000,2016,"donor_3","TX"
0.219822773834927,0.393206473524959,-0.244663941495552,0.432057506734955,-0.205489020604851,-0.0911867472951064,-0.229810472663185,3,"RI",30000,2016,"donor_1","TX"
0.219822773834927,0.393206473524959,-0.244663941495552,0.432057506734955,-0.205489020604851,-0.0911867472951064,-0.229810472663185,3,"RI",30000,2016,"donor_2","MD"
0.219822773834927,0.393206473524959,-0.244663941495552,0.432057506734955,-0.205489020604851,-0.0911867472951064,-0.229810472663185,3,"RI",30000,2016,"donor_3","CO"
0.126434440009388,0.408620176687301,-0.295950667542979,0.463530890719738,-0.195519109537803,-0.150815485208233,-0.221926656688649,3,"RI",30000,2016,"donor_1","MD"
0.126434440009388,0.408620176687301,-0.295950667542979,0.463530890719738,-0.195519109537803,-0.150815485208233,-0.221926656688649,3,"RI",30000,2016,"donor_2","TX"
0.126434440009388,0.408620176687301,-0.295950667542979,0.463530890719738,-0.195519109537803,-0.150815485208233,-0.221926656688649,3,"RI",30000,2016,"donor_3","MO"
0.126434440009388,0.408620176687301,-0.29595066754298,0.463530890719738,-0.195519109537803,-0.150815485208233,-0.221926656688649,3,"RI",30000,2016,"donor_1","TX"
0.126434440009388,0.408620176687301,-0.29595066754298,0.463530890719738,-0.195519109537803,-0.150815485208233,-0.221926656688649,3,"RI",30000,2016,"donor_2","MO"
0.126434440009388,0.408620176687301,-0.29595066754298,0.463530890719738,-0.195519109537803,-0.150815485208233,-0.221926656688649,3,"RI",30000,2016,"donor_3","MD"
0.126434440009388,0.408620176687301,-0.29595066754298,0.463530890719738,-0.195519109537803,-0.150815485208233,-0.221926656688649,3,"RI",30000,2016,"donor_1","MO"
0.126434440009388,0.408620176687301,-0.29595066754298,0.463530890719738,-0.195519109537803,-0.150815485208233,-0.221926656688649,3,"RI",30000,2016,"donor_2","TX"
0.126434440009388,0.408620176687301,-0.29595066754298,0.463530890719738,-0.195519109537803,-0.150815485208233,-0.221926656688649,3,"RI",30000,2016,"donor_3","MD"
0.126434440009388,0.408620176687301,-0.29595066754298,0.463530890719738,-0.195519109537803,-0.150815485208234,-0.221926656688649,3,"RI",30000,2016,"donor_1","MO"
0.126434440009388,0.408620176687301,-0.29595066754298,0.463530890719738,-0.195519109537803,-0.150815485208234,-0.221926656688649,3,"RI",30000,2016,"donor_2","MD"
0.126434440009388,0.408620176687301,-0.29595066754298,0.463530890719738,-0.195519109537803,-0.150815485208234,-0.221926656688649,3,"RI",30000,2016,"donor_3","TX"
0.126434440009388,0.408620176687301,-0.29595066754298,0.463530890719738,-0.195519109537803,-0.150815485208234,-0.221926656688649,3,"RI",30000,2016,"donor_1","MD"
0.126434440009388,0.408620176687301,-0.29595066754298,0.463530890719738,-0.195519109537803,-0.150815485208234,-0.221926656688649,3,"RI",30000,2016,"donor_2","MO"
0.126434440009388,0.408620176687301,-0.29595066754298,0.463530890719738,-0.195519109537803,-0.150815485208234,-0.221926656688649,3,"RI",30000,2016,"donor_3","TX"
0.192453628214912,0.412954103696294,-0.291020385893625,0.460307472445145,-0.221425488374371,-0.143670049250625,-0.247827484849649,3,"RI",30000,2016,"donor_1","NC"
0.192453628214912,0.412954103696294,-0.291020385893625,0.460307472445145,-0.221425488374371,-0.143670049250625,-0.247827484849649,3,"RI",30000,2016,"donor_2","CO"
0.192453628214912,0.412954103696294,-0.291020385893625,0.460307472445145,-0.221425488374371,-0.143670049250625,-0.247827484849649,3,"RI",30000,2016,"donor_3","MD"
0.192453628214912,0.412954103696294,-0.291020385893625,0.460307472445145,-0.221425488374371,-0.143670049250625,-0.247827484849649,3,"RI",30000,2016,"donor_1","CO"
0.192453628214912,0.412954103696294,-0.291020385893625,0.460307472445145,-0.221425488374371,-0.143670049250625,-0.247827484849649,3,"RI",30000,2016,"donor_2","NC"
0.192453628214912,0.412954103696294,-0.291020385893625,0.460307472445145,-0.221425488374371,-0.143670049250625,-0.247827484849649,3,"RI",30000,2016,"donor_3","MD"
0.192453628214912,0.412954103696294,-0.291020385893625,0.460307472445145,-0.221425488374371,-0.143670049250625,-0.247827484849649,3,"RI",30000,2016,"donor_1","NC"
0.192453628214912,0.412954103696294,-0.291020385893625,0.460307472445145,-0.221425488374371,-0.143670049250625,-0.247827484849649,3,"RI",30000,2016,"donor_2","MD"
0.192453628214912,0.412954103696294,-0.291020385893625,0.460307472445145,-0.221425488374371,-0.143670049250625,-0.247827484849649,3,"RI",30000,2016,"donor_3","CO"
0.192453628214912,0.412954103696294,-0.291020385893625,0.460307472445145,-0.221425488374371,-0.143670049250625,-0.247827484849649,3,"RI",30000,2016,"donor_1","MD"
0.192453628214912,0.412954103696294,-0.291020385893625,0.460307472445145,-0.221425488374371,-0.143670049250625,-0.247827484849649,3,"RI",30000,2016,"donor_2","NC"
0.192453628214912,0.412954103696294,-0.291020385893625,0.460307472445145,-0.221425488374371,-0.143670049250625,-0.247827484849649,3,"RI",30000,2016,"donor_3","CO"
0.192453628214912,0.412954103696294,-0.291020385893625,0.460307472445145,-0.221425488374371,-0.143670049250625,-0.247827484849649,3,"RI",30000,2016,"donor_1","NC"
0.192453628214912,0.412954103696294,-0.291020385893625,0.460307472445145,-0.221425488374371,-0.143670049250625,-0.247827484849649,3,"RI",30000,2016,"donor_2","MD"
0.192453628214912,0.412954103696294,-0.291020385893625,0.460307472445145,-0.221425488374371,-0.143670049250625,-0.247827484849649,3,"RI",30000,2016,"donor_3","CO"
0.192453628214912,0.412954103696294,-0.291020385893625,0.460307472445145,-0.221425488374371,-0.143670049250625,-0.247827484849649,3,"RI",30000,2016,"donor_1","NC"
0.192453628214912,0.412954103696294,-0.291020385893625,0.460307472445145,-0.221425488374371,-0.143670049250625,-0.247827484849649,3,"RI",30000,2016,"donor_2","MD"
0.192453628214912,0.412954103696294,-0.291020385893625,0.460307472445145,-0.221425488374371,-0.143670049250625,-0.247827484849649,3,"RI",30000,2016,"donor_3","CO"
0.252923834367477,0.413647726602904,-0.261662865217557,0.44200487664839,-0.178336360246259,-0.101760692962537,-0.204564537737361,3,"RI",30000,2016,"donor_1","MD"
0.252923834367477,0.413647726602904,-0.261662865217557,0.44200487664839,-0.178336360246259,-0.101760692962537,-0.204564537737361,3,"RI",30000,2016,"donor_2","MI"
0.252923834367477,0.413647726602904,-0.261662865217557,0.44200487664839,-0.178336360246259,-0.101760692962537,-0.204564537737361,3,"RI",30000,2016,"donor_3","CO"
0.252923834367477,0.413647726602904,-0.261662865217557,0.44200487664839,-0.178336360246259,-0.101760692962537,-0.204564537737361,3,"RI",30000,2016,"donor_1","MI"
0.252923834367477,0.413647726602904,-0.261662865217557,0.44200487664839,-0.178336360246259,-0.101760692962537,-0.204564537737361,3,"RI",30000,2016,"donor_2","CO"
0.252923834367477,0.413647726602904,-0.261662865217557,0.44200487664839,-0.178336360246259,-0.101760692962537,-0.204564537737361,3,"RI",30000,2016,"donor_3","MD"
0.252923834367477,0.413647726602904,-0.261662865217557,0.44200487664839,-0.178336360246259,-0.101760692962537,-0.204564537737361,3,"RI",30000,2016,"donor_1","MI"
0.252923834367477,0.413647726602904,-0.261662865217557,0.44200487664839,-0.178336360246259,-0.101760692962537,-0.204564537737361,3,"RI",30000,2016,"donor_2","MD"
0.252923834367477,0.413647726602904,-0.261662865217557,0.44200487664839,-0.178336360246259,-0.101760692962537,-0.204564537737361,3,"RI",30000,2016,"donor_3","CO"
0.252923834367477,0.413647726602904,-0.261662865217556,0.44200487664839,-0.178336360246259,-0.101760692962537,-0.204564537737361,3,"RI",30000,2016,"donor_1","MD"
0.252923834367477,0.413647726602904,-0.261662865217556,0.44200487664839,-0.178336360246259,-0.101760692962537,-0.204564537737361,3,"RI",30000,2016,"donor_2","CO"
0.252923834367477,0.413647726602904,-0.261662865217556,0.44200487664839,-0.178336360246259,-0.101760692962537,-0.204564537737361,3,"RI",30000,2016,"donor_3","MI"
0.252923834367477,0.413647726602904,-0.261662865217556,0.44200487664839,-0.178336360246259,-0.101760692962537,-0.204564537737361,3,"RI",30000,2016,"donor_1","CO"
0.252923834367477,0.413647726602904,-0.261662865217556,0.44200487664839,-0.178336360246259,-0.101760692962537,-0.204564537737361,3,"RI",30000,2016,"donor_2","MD"
0.252923834367477,0.413647726602904,-0.261662865217556,0.44200487664839,-0.178336360246259,-0.101760692962537,-0.204564537737361,3,"RI",30000,2016,"donor_3","MI"
0.252923834367477,0.413647726602904,-0.261662865217556,0.44200487664839,-0.178336360246259,-0.101760692962537,-0.204564537737361,3,"RI",30000,2016,"donor_1","CO"
0.252923834367477,0.413647726602904,-0.261662865217556,0.44200487664839,-0.178336360246259,-0.101760692962537,-0.204564537737361,3,"RI",30000,2016,"donor_2","MD"
0.252923834367477,0.413647726602904,-0.261662865217556,0.44200487664839,-0.178336360246259,-0.101760692962537,-0.204564537737361,3,"RI",30000,2016,"donor_3","MI"
0.252923834367477,0.413647726602904,-0.261662865217557,0.44200487664839,-0.178336360246259,-0.101760692962537,-0.204564537737361,3,"RI",30000,2016,"donor_1","MI"
0.252923834367477,0.413647726602904,-0.261662865217557,0.44200487664839,-0.178336360246259,-0.101760692962537,-0.204564537737361,3,"RI",30000,2016,"donor_2","MD"
0.252923834367477,0.413647726602904,-0.261662865217557,0.44200487664839,-0.178336360246259,-0.101760692962537,-0.204564537737361,3,"RI",30000,2016,"donor_3","CO"
0.252923834367477,0.413647726602904,-0.261662865217557,0.44200487664839,-0.178336360246259,-0.101760692962537,-0.204564537737361,3,"RI",30000,2016,"donor_1","CO"
0.252923834367477,0.413647726602904,-0.261662865217557,0.44200487664839,-0.178336360246259,-0.101760692962537,-0.204564537737361,3,"RI",30000,2016,"donor_2","MI"
0.252923834367477,0.413647726602904,-0.261662865217557,0.44200487664839,-0.178336360246259,-0.101760692962537,-0.204564537737361,3,"RI",30000,2016,"donor_3","MD"
0.252923834367477,0.413647726602904,-0.261662865217557,0.44200487664839,-0.178336360246259,-0.101760692962537,-0.204564537737361,3,"RI",30000,2016,"donor_1","MI"
0.252923834367477,0.413647726602904,-0.261662865217557,0.44200487664839,-0.178336360246259,-0.101760692962537,-0.204564537737361,3,"RI",30000,2016,"donor_2","CO"
0.252923834367477,0.413647726602904,-0.261662865217557,0.44200487664839,-0.178336360246259,-0.101760692962537,-0.204564537737361,3,"RI",30000,2016,"donor_3","MD"
0.252923834367477,0.413647726602904,-0.261662865217556,0.44200487664839,-0.178336360246259,-0.101760692962537,-0.204564537737361,3,"RI",30000,2016,"donor_1","CO"
0.252923834367477,0.413647726602904,-0.261662865217556,0.44200487664839,-0.178336360246259,-0.101760692962537,-0.204564537737361,3,"RI",30000,2016,"donor_2","MD"
0.252923834367477,0.413647726602904,-0.261662865217556,0.44200487664839,-0.178336360246259,-0.101760692962537,-0.204564537737361,3,"RI",30000,2016,"donor_3","MI"
0.252923834367477,0.413647726602904,-0.261662865217557,0.44200487664839,-0.178336360246259,-0.101760692962537,-0.204564537737361,3,"RI",30000,2016,"donor_1","MI"
0.252923834367477,0.413647726602904,-0.261662865217557,0.44200487664839,-0.178336360246259,-0.101760692962537,-0.204564537737361,3,"RI",30000,2016,"donor_2","MD"
0.252923834367477,0.413647726602904,-0.261662865217557,0.44200487664839,-0.178336360246259,-0.101760692962537,-0.204564537737361,3,"RI",30000,2016,"donor_3","CO"
0.252923834367477,0.413647726602904,-0.261662865217557,0.44200487664839,-0.178336360246259,-0.101760692962537,-0.204564537737361,3,"RI",30000,2016,"donor_1","CO"
0.252923834367477,0.413647726602904,-0.261662865217557,0.44200487664839,-0.178336360246259,-0.101760692962537,-0.204564537737361,3,"RI",30000,2016,"donor_2","MI"
0.252923834367477,0.413647726602904,-0.261662865217557,0.44200487664839,-0.178336360246259,-0.101760692962537,-0.204564537737361,3,"RI",30000,2016,"donor_3","MD"
0.252923834367477,0.413647726602904,-0.261662865217556,0.44200487664839,-0.178336360246259,-0.101760692962537,-0.204564537737361,3,"RI",30000,2016,"donor_1","CO"
0.252923834367477,0.413647726602904,-0.261662865217556,0.44200487664839,-0.178336360246259,-0.101760692962537,-0.204564537737361,3,"RI",30000,2016,"donor_2","MD"
0.252923834367477,0.413647726602904,-0.261662865217556,0.44200487664839,-0.178336360246259,-0.101760692962537,-0.204564537737361,3,"RI",30000,2016,"donor_3","MI"
0.252923834367477,0.413647726602904,-0.261662865217556,0.44200487664839,-0.178336360246259,-0.101760692962537,-0.204564537737361,3,"RI",30000,2016,"donor_1","MD"
0.252923834367477,0.413647726602904,-0.261662865217556,0.44200487664839,-0.178336360246259,-0.101760692962537,-0.204564537737361,3,"RI",30000,2016,"donor_2","CO"
0.252923834367477,0.413647726602904,-0.261662865217556,0.44200487664839,-0.178336360246259,-0.101760692962537,-0.204564537737361,3,"RI",30000,2016,"donor_3","MI"
0.252923834367477,0.413647726602904,-0.261662865217557,0.44200487664839,-0.178336360246259,-0.101760692962537,-0.204564537737361,3,"RI",30000,2016,"donor_1","CO"
0.252923834367477,0.413647726602904,-0.261662865217557,0.44200487664839,-0.178336360246259,-0.101760692962537,-0.204564537737361,3,"RI",30000,2016,"donor_2","MI"
0.252923834367477,0.413647726602904,-0.261662865217557,0.44200487664839,-0.178336360246259,-0.101760692962537,-0.204564537737361,3,"RI",30000,2016,"donor_3","MD"
0.252923834367477,0.413647726602904,-0.261662865217557,0.44200487664839,-0.178336360246259,-0.101760692962537,-0.204564537737361,3,"RI",30000,2016,"donor_1","MD"
0.252923834367477,0.413647726602904,-0.261662865217557,0.44200487664839,-0.178336360246259,-0.101760692962537,-0.204564537737361,3,"RI",30000,2016,"donor_2","MI"
0.252923834367477,0.413647726602904,-0.261662865217557,0.44200487664839,-0.178336360246259,-0.101760692962537,-0.204564537737361,3,"RI",30000,2016,"donor_3","CO"
0.249726416053176,0.417986500603279,-0.279344352435437,0.452849589519386,-0.152635362496043,-0.122281127818822,-0.179647054983059,3,"RI",30000,2016,"donor_1","CO"
0.249726416053176,0.417986500603279,-0.279344352435437,0.452849589519386,-0.152635362496043,-0.122281127818822,-0.179647054983059,3,"RI",30000,2016,"donor_2","MD"
0.249726416053176,0.417986500603279,-0.279344352435437,0.452849589519386,-0.152635362496043,-0.122281127818822,-0.179647054983059,3,"RI",30000,2016,"donor_3","PA"
0.249726416053176,0.417986500603279,-0.279344352435437,0.452849589519386,-0.152635362496043,-0.122281127818822,-0.179647054983059,3,"RI",30000,2016,"donor_1","CO"
0.249726416053176,0.417986500603279,-0.279344352435437,0.452849589519386,-0.152635362496043,-0.122281127818822,-0.179647054983059,3,"RI",30000,2016,"donor_2","MD"
0.249726416053176,0.417986500603279,-0.279344352435437,0.452849589519386,-0.152635362496043,-0.122281127818822,-0.179647054983059,3,"RI",30000,2016,"donor_3","PA"
0.249726416053176,0.417986500603279,-0.279344352435437,0.452849589519386,-0.152635362496043,-0.122281127818822,-0.179647054983059,3,"RI",30000,2016,"donor_1","PA"
0.249726416053176,0.417986500603279,-0.279344352435437,0.452849589519386,-0.152635362496043,-0.122281127818822,-0.179647054983059,3,"RI",30000,2016,"donor_2","CO"
0.249726416053176,0.417986500603279,-0.279344352435437,0.452849589519386,-0.152635362496043,-0.122281127818822,-0.179647054983059,3,"RI",30000,2016,"donor_3","MD"
0.249726416053176,0.417986500603279,-0.279344352435437,0.452849589519386,-0.152635362496043,-0.122281127818822,-0.179647054983059,3,"RI",30000,2016,"donor_1","CO"
0.249726416053176,0.417986500603279,-0.279344352435437,0.452849589519386,-0.152635362496043,-0.122281127818822,-0.179647054983059,3,"RI",30000,2016,"donor_2","MD"
0.249726416053176,0.417986500603279,-0.279344352435437,0.452849589519386,-0.152635362496043,-0.122281127818822,-0.179647054983059,3,"RI",30000,2016,"donor_3","PA"
0.249726416053176,0.417986500603279,-0.279344352435437,0.452849589519386,-0.152635362496043,-0.122281127818822,-0.179647054983059,3,"RI",30000,2016,"donor_1","PA"
0.249726416053176,0.417986500603279,-0.279344352435437,0.452849589519386,-0.152635362496043,-0.122281127818822,-0.179647054983059,3,"RI",30000,2016,"donor_2","CO"
0.249726416053176,0.417986500603279,-0.279344352435437,0.452849589519386,-0.152635362496043,-0.122281127818822,-0.179647054983059,3,"RI",30000,2016,"donor_3","MD"
0.249726416053176,0.417986500603279,-0.279344352435437,0.452849589519386,-0.152635362496043,-0.122281127818822,-0.179647054983059,3,"RI",30000,2016,"donor_1","PA"
0.249726416053176,0.417986500603279,-0.279344352435437,0.452849589519386,-0.152635362496043,-0.122281127818822,-0.179647054983059,3,"RI",30000,2016,"donor_2","MD"
0.249726416053176,0.417986500603279,-0.279344352435437,0.452849589519386,-0.152635362496043,-0.122281127818822,-0.179647054983059,3,"RI",30000,2016,"donor_3","CO"
0.249726416053176,0.417986500603279,-0.279344352435437,0.452849589519386,-0.152635362496043,-0.122281127818822,-0.179647054983059,3,"RI",30000,2016,"donor_1","MD"
0.249726416053176,0.417986500603279,-0.279344352435437,0.452849589519386,-0.152635362496043,-0.122281127818822,-0.179647054983059,3,"RI",30000,2016,"donor_2","PA"
0.249726416053176,0.417986500603279,-0.279344352435437,0.452849589519386,-0.152635362496043,-0.122281127818822,-0.179647054983059,3,"RI",30000,2016,"donor_3","CO"
0.249726416053176,0.417986500603279,-0.279344352435437,0.452849589519386,-0.152635362496043,-0.122281127818822,-0.179647054983059,3,"RI",30000,2016,"donor_1","MD"
0.249726416053176,0.417986500603279,-0.279344352435437,0.452849589519386,-0.152635362496043,-0.122281127818822,-0.179647054983059,3,"RI",30000,2016,"donor_2","PA"
0.249726416053176,0.417986500603279,-0.279344352435437,0.452849589519386,-0.152635362496043,-0.122281127818822,-0.179647054983059,3,"RI",30000,2016,"donor_3","CO"
-5.25869831378598,0.00192015768445097,-0.0472074344413737,0.335660525760246,-0.127869870240939,-0.0477701964730243,-0.127770683574694,3,"CA",30000,2017,"donor_1","GA"
-5.25869831378598,0.00192015768445097,-0.0472074344413737,0.335660525760246,-0.127869870240939,-0.0477701964730243,-0.127770683574694,3,"CA",30000,2017,"donor_2","AZ"
-5.25869831378598,0.00192015768445097,-0.0472074344413737,0.335660525760246,-0.127869870240939,-0.0477701964730243,-0.127770683574694,3,"CA",30000,2017,"donor_3","MO"
-5.25869831378598,0.00192015768445097,-0.0472074344413737,0.335660525760246,-0.127869870240939,-0.0477701964730243,-0.127770683574694,3,"CA",30000,2017,"donor_1","GA"
-5.25869831378598,0.00192015768445097,-0.0472074344413737,0.335660525760246,-0.127869870240939,-0.0477701964730243,-0.127770683574694,3,"CA",30000,2017,"donor_2","AZ"
-5.25869831378598,0.00192015768445097,-0.0472074344413737,0.335660525760246,-0.127869870240939,-0.0477701964730243,-0.127770683574694,3,"CA",30000,2017,"donor_3","MO"
-5.25869831378597,0.00192015768445097,-0.0472074344413739,0.335660525760246,-0.127869870240939,-0.0477701964730245,-0.127770683574694,3,"CA",30000,2017,"donor_1","MO"
-5.25869831378597,0.00192015768445097,-0.0472074344413739,0.335660525760246,-0.127869870240939,-0.0477701964730245,-0.127770683574694,3,"CA",30000,2017,"donor_2","GA"
-5.25869831378597,0.00192015768445097,-0.0472074344413739,0.335660525760246,-0.127869870240939,-0.0477701964730245,-0.127770683574694,3,"CA",30000,2017,"donor_3","AZ"
-5.25869831378597,0.00192015768445097,-0.0472074344413736,0.335660525760246,-0.127869870240939,-0.0477701964730243,-0.127770683574694,3,"CA",30000,2017,"donor_1","AZ"
-5.25869831378597,0.00192015768445097,-0.0472074344413736,0.335660525760246,-0.127869870240939,-0.0477701964730243,-0.127770683574694,3,"CA",30000,2017,"donor_2","MO"
-5.25869831378597,0.00192015768445097,-0.0472074344413736,0.335660525760246,-0.127869870240939,-0.0477701964730243,-0.127770683574694,3,"CA",30000,2017,"donor_3","GA"
-5.25869831378597,0.00192015768445097,-0.0472074344413739,0.335660525760246,-0.127869870240939,-0.0477701964730245,-0.127770683574694,3,"CA",30000,2017,"donor_1","MO"
-5.25869831378597,0.00192015768445097,-0.0472074344413739,0.335660525760246,-0.127869870240939,-0.0477701964730245,-0.127770683574694,3,"CA",30000,2017,"donor_2","GA"
-5.25869831378597,0.00192015768445097,-0.0472074344413739,0.335660525760246,-0.127869870240939,-0.0477701964730245,-0.127770683574694,3,"CA",30000,2017,"donor_3","AZ"
0.644839996763453,0.00341374795069661,0.141502144932156,0.280170173061628,-0.110362143119265,0.142911779219972,-0.110534920007889,3,"CA",30000,2017,"donor_1","CO"
0.644839996763453,0.00341374795069661,0.141502144932156,0.280170173061628,-0.110362143119265,0.142911779219972,-0.110534920007889,3,"CA",30000,2017,"donor_2","IL"
0.644839996763453,0.00341374795069661,0.141502144932156,0.280170173061628,-0.110362143119265,0.142911779219972,-0.110534920007889,3,"CA",30000,2017,"donor_3","OH"
0.64483999676345,0.00341374795069661,0.141502144932156,0.280170173061628,-0.110362143119265,0.142911779219972,-0.110534920007889,3,"CA",30000,2017,"donor_1","OH"
0.64483999676345,0.00341374795069661,0.141502144932156,0.280170173061628,-0.110362143119265,0.142911779219972,-0.110534920007889,3,"CA",30000,2017,"donor_2","CO"
0.64483999676345,0.00341374795069661,0.141502144932156,0.280170173061628,-0.110362143119265,0.142911779219972,-0.110534920007889,3,"CA",30000,2017,"donor_3","IL"
-4.57393779602696,0.00511982618127827,0.00398492895460951,0.318545472419458,-0.111217827735882,0.00236925250829336,-0.110961102773708,3,"CA",30000,2017,"donor_1","MO"
-4.57393779602696,0.00511982618127827,0.00398492895460951,0.318545472419458,-0.111217827735882,0.00236925250829336,-0.110961102773708,3,"CA",30000,2017,"donor_2","GA"
-4.57393779602696,0.00511982618127827,0.00398492895460951,0.318545472419458,-0.111217827735882,0.00236925250829336,-0.110961102773708,3,"CA",30000,2017,"donor_3","WI"
-4.57393779602696,0.00511982618127827,0.00398492895460951,0.318545472419458,-0.111217827735882,0.00236925250829336,-0.110961102773708,3,"CA",30000,2017,"donor_1","MO"
-4.57393779602696,0.00511982618127827,0.00398492895460951,0.318545472419458,-0.111217827735882,0.00236925250829336,-0.110961102773708,3,"CA",30000,2017,"donor_2","WI"
-4.57393779602696,0.00511982618127827,0.00398492895460951,0.318545472419458,-0.111217827735882,0.00236925250829336,-0.110961102773708,3,"CA",30000,2017,"donor_3","GA"
-4.57393779602696,0.00511982618127827,0.00398492895460951,0.318545472419458,-0.111217827735882,0.00236925250829336,-0.110961102773708,3,"CA",30000,2017,"donor_1","GA"
-4.57393779602696,0.00511982618127827,0.00398492895460951,0.318545472419458,-0.111217827735882,0.00236925250829336,-0.110961102773708,3,"CA",30000,2017,"donor_2","MO"
-4.57393779602696,0.00511982618127827,0.00398492895460951,0.318545472419458,-0.111217827735882,0.00236925250829336,-0.110961102773708,3,"CA",30000,2017,"donor_3","WI"
-4.57393779602696,0.00511982618127827,0.00398492895460986,0.318545472419458,-0.111217827735882,0.00236925250829371,-0.110961102773708,3,"CA",30000,2017,"donor_1","GA"
-4.57393779602696,0.00511982618127827,0.00398492895460986,0.318545472419458,-0.111217827735882,0.00236925250829371,-0.110961102773708,3,"CA",30000,2017,"donor_2","WI"
-4.57393779602696,0.00511982618127827,0.00398492895460986,0.318545472419458,-0.111217827735882,0.00236925250829371,-0.110961102773708,3,"CA",30000,2017,"donor_3","MO"
-4.57393779602696,0.00511982618127827,0.00398492895460951,0.318545472419458,-0.111217827735882,0.00236925250829336,-0.110961102773708,3,"CA",30000,2017,"donor_1","WI"
-4.57393779602696,0.00511982618127827,0.00398492895460951,0.318545472419458,-0.111217827735882,0.00236925250829336,-0.110961102773708,3,"CA",30000,2017,"donor_2","MO"
-4.57393779602696,0.00511982618127827,0.00398492895460951,0.318545472419458,-0.111217827735882,0.00236925250829336,-0.110961102773708,3,"CA",30000,2017,"donor_3","GA"
-4.57393779602696,0.00511982618127827,0.00398492895460951,0.318545472419458,-0.111217827735882,0.00236925250829336,-0.110961102773708,3,"CA",30000,2017,"donor_1","MO"
-4.57393779602696,0.00511982618127827,0.00398492895460951,0.318545472419458,-0.111217827735882,0.00236925250829336,-0.110961102773708,3,"CA",30000,2017,"donor_2","GA"
-4.57393779602696,0.00511982618127827,0.00398492895460951,0.318545472419458,-0.111217827735882,0.00236925250829336,-0.110961102773708,3,"CA",30000,2017,"donor_3","WI"
-4.57393779602696,0.00511982618127827,0.00398492895460951,0.318545472419458,-0.111217827735882,0.00236925250829336,-0.110961102773708,3,"CA",30000,2017,"donor_1","MO"
-4.57393779602696,0.00511982618127827,0.00398492895460951,0.318545472419458,-0.111217827735882,0.00236925250829336,-0.110961102773708,3,"CA",30000,2017,"donor_2","WI"
-4.57393779602696,0.00511982618127827,0.00398492895460951,0.318545472419458,-0.111217827735882,0.00236925250829336,-0.110961102773708,3,"CA",30000,2017,"donor_3","GA"
-4.57393779602696,0.00511982618127827,0.00398492895460951,0.318545472419458,-0.111217827735882,0.00236925250829336,-0.110961102773708,3,"CA",30000,2017,"donor_1","MO"
-4.57393779602696,0.00511982618127827,0.00398492895460951,0.318545472419458,-0.111217827735882,0.00236925250829336,-0.110961102773708,3,"CA",30000,2017,"donor_2","WI"
-4.57393779602696,0.00511982618127827,0.00398492895460951,0.318545472419458,-0.111217827735882,0.00236925250829336,-0.110961102773708,3,"CA",30000,2017,"donor_3","GA"
-4.57393779602696,0.00511982618127827,0.00398492895460986,0.318545472419458,-0.111217827735882,0.00236925250829371,-0.110961102773708,3,"CA",30000,2017,"donor_1","GA"
-4.57393779602696,0.00511982618127827,0.00398492895460986,0.318545472419458,-0.111217827735882,0.00236925250829371,-0.110961102773708,3,"CA",30000,2017,"donor_2","WI"
-4.57393779602696,0.00511982618127827,0.00398492895460986,0.318545472419458,-0.111217827735882,0.00236925250829371,-0.110961102773708,3,"CA",30000,2017,"donor_3","MO"
-4.57393779602696,0.00511982618127827,0.00398492895460986,0.318545472419458,-0.111217827735882,0.00236925250829371,-0.110961102773708,3,"CA",30000,2017,"donor_1","GA"
-4.57393779602696,0.00511982618127827,0.00398492895460986,0.318545472419458,-0.111217827735882,0.00236925250829371,-0.110961102773708,3,"CA",30000,2017,"donor_2","WI"
-4.57393779602696,0.00511982618127827,0.00398492895460986,0.318545472419458,-0.111217827735882,0.00236925250829371,-0.110961102773708,3,"CA",30000,2017,"donor_3","MO"
-4.57393779602696,0.00511982618127827,0.00398492895460951,0.318545472419458,-0.111217827735882,0.00236925250829336,-0.110961102773708,3,"CA",30000,2017,"donor_1","WI"
-4.57393779602696,0.00511982618127827,0.00398492895460951,0.318545472419458,-0.111217827735882,0.00236925250829336,-0.110961102773708,3,"CA",30000,2017,"donor_2","MO"
-4.57393779602696,0.00511982618127827,0.00398492895460951,0.318545472419458,-0.111217827735882,0.00236925250829336,-0.110961102773708,3,"CA",30000,2017,"donor_3","GA"
-4.57393779602696,0.00511982618127827,0.00398492895460951,0.318545472419458,-0.111217827735882,0.00236925250829336,-0.110961102773708,3,"CA",30000,2017,"donor_1","WI"
-4.57393779602696,0.00511982618127827,0.00398492895460951,0.318545472419458,-0.111217827735882,0.00236925250829336,-0.110961102773708,3,"CA",30000,2017,"donor_2","MO"
-4.57393779602696,0.00511982618127827,0.00398492895460951,0.318545472419458,-0.111217827735882,0.00236925250829336,-0.110961102773708,3,"CA",30000,2017,"donor_3","GA"
-4.57393779602696,0.00511982618127827,0.00398492895460951,0.318545472419458,-0.111217827735882,0.00236925250829336,-0.110961102773708,3,"CA",30000,2017,"donor_1","GA"
-4.57393779602696,0.00511982618127827,0.00398492895460951,0.318545472419458,-0.111217827735882,0.00236925250829336,-0.110961102773708,3,"CA",30000,2017,"donor_2","MO"
-4.57393779602696,0.00511982618127827,0.00398492895460951,0.318545472419458,-0.111217827735882,0.00236925250829336,-0.110961102773708,3,"CA",30000,2017,"donor_3","WI"
-0.164023563329125,0.00599995269231461,0.109119615725584,0.288350191414332,-0.0766212135521201,0.111528902442775,-0.0769337192748895,3,"CA",30000,2017,"donor_1","TX"
-0.164023563329125,0.00599995269231461,0.109119615725584,0.288350191414332,-0.0766212135521201,0.111528902442775,-0.0769337192748895,3,"CA",30000,2017,"donor_2","NY"
-0.164023563329125,0.00599995269231461,0.109119615725584,0.288350191414332,-0.0766212135521201,0.111528902442775,-0.0769337192748895,3,"CA",30000,2017,"donor_3","IN"
-0.164023563329124,0.00599995269231476,0.109119615725584,0.288350191414332,-0.0766212135521201,0.111528902442775,-0.0769337192748895,3,"CA",30000,2017,"donor_1","IN"
-0.164023563329124,0.00599995269231476,0.109119615725584,0.288350191414332,-0.0766212135521201,0.111528902442775,-0.0769337192748895,3,"CA",30000,2017,"donor_2","NY"
-0.164023563329124,0.00599995269231476,0.109119615725584,0.288350191414332,-0.0766212135521201,0.111528902442775,-0.0769337192748895,3,"CA",30000,2017,"donor_3","TX"
-0.164023563329124,0.00599995269231476,0.109119615725584,0.288350191414332,-0.0766212135521201,0.111528902442775,-0.0769337192748895,3,"CA",30000,2017,"donor_1","NY"
-0.164023563329124,0.00599995269231476,0.109119615725584,0.288350191414332,-0.0766212135521201,0.111528902442775,-0.0769337192748895,3,"CA",30000,2017,"donor_2","IN"
-0.164023563329124,0.00599995269231476,0.109119615725584,0.288350191414332,-0.0766212135521201,0.111528902442775,-0.0769337192748895,3,"CA",30000,2017,"donor_3","TX"
-0.164023563329124,0.0059999526923149,0.109119615725584,0.288350191414332,-0.0766212135521201,0.111528902442775,-0.0769337192748895,3,"CA",30000,2017,"donor_1","IN"
-0.164023563329124,0.0059999526923149,0.109119615725584,0.288350191414332,-0.0766212135521201,0.111528902442775,-0.0769337192748895,3,"CA",30000,2017,"donor_2","TX"
-0.164023563329124,0.0059999526923149,0.109119615725584,0.288350191414332,-0.0766212135521201,0.111528902442775,-0.0769337192748895,3,"CA",30000,2017,"donor_3","NY"
-0.164023563329124,0.0059999526923149,0.109119615725584,0.288350191414332,-0.0766212135521201,0.111528902442775,-0.0769337192748895,3,"CA",30000,2017,"donor_1","IN"
-0.164023563329124,0.0059999526923149,0.109119615725584,0.288350191414332,-0.0766212135521201,0.111528902442775,-0.0769337192748895,3,"CA",30000,2017,"donor_2","TX"
-0.164023563329124,0.0059999526923149,0.109119615725584,0.288350191414332,-0.0766212135521201,0.111528902442775,-0.0769337192748895,3,"CA",30000,2017,"donor_3","NY"
-0.164023563329124,0.0059999526923149,0.109119615725584,0.288350191414332,-0.0766212135521201,0.111528902442775,-0.0769337192748895,3,"CA",30000,2017,"donor_1","TX"
-0.164023563329124,0.0059999526923149,0.109119615725584,0.288350191414332,-0.0766212135521201,0.111528902442775,-0.0769337192748895,3,"CA",30000,2017,"donor_2","IN"
-0.164023563329124,0.0059999526923149,0.109119615725584,0.288350191414332,-0.0766212135521201,0.111528902442775,-0.0769337192748895,3,"CA",30000,2017,"donor_3","NY"
-0.164023563329124,0.0059999526923149,0.109119615725584,0.288350191414332,-0.0766212135521201,0.111528902442775,-0.0769337192748895,3,"CA",30000,2017,"donor_1","TX"
-0.164023563329124,0.0059999526923149,0.109119615725584,0.288350191414332,-0.0766212135521201,0.111528902442775,-0.0769337192748895,3,"CA",30000,2017,"donor_2","IN"
-0.164023563329124,0.0059999526923149,0.109119615725584,0.288350191414332,-0.0766212135521201,0.111528902442775,-0.0769337192748895,3,"CA",30000,2017,"donor_3","NY"
-9.31576529034732,0.00662334895889193,-0.069355637278313,0.343648837629616,-0.158895269238418,-0.0691975429298906,-0.158924453163889,3,"CA",30000,2017,"donor_1","MO"
-9.31576529034732,0.00662334895889193,-0.069355637278313,0.343648837629616,-0.158895269238418,-0.0691975429298906,-0.158924453163889,3,"CA",30000,2017,"donor_2","NJ"
-9.31576529034732,0.00662334895889193,-0.069355637278313,0.343648837629616,-0.158895269238418,-0.0691975429298906,-0.158924453163889,3,"CA",30000,2017,"donor_3","OH"
-9.31576529034732,0.00662334895889193,-0.069355637278313,0.343648837629616,-0.158895269238418,-0.0691975429298906,-0.158924453163889,3,"CA",30000,2017,"donor_1","NJ"
-9.31576529034732,0.00662334895889193,-0.069355637278313,0.343648837629616,-0.158895269238418,-0.0691975429298906,-0.158924453163889,3,"CA",30000,2017,"donor_2","MO"
-9.31576529034732,0.00662334895889193,-0.069355637278313,0.343648837629616,-0.158895269238418,-0.0691975429298906,-0.158924453163889,3,"CA",30000,2017,"donor_3","OH"
-9.31576529034732,0.00662334895889193,-0.069355637278313,0.343648837629616,-0.158895269238418,-0.0691975429298906,-0.158924453163889,3,"CA",30000,2017,"donor_1","NJ"
-9.31576529034732,0.00662334895889193,-0.069355637278313,0.343648837629616,-0.158895269238418,-0.0691975429298906,-0.158924453163889,3,"CA",30000,2017,"donor_2","MO"
-9.31576529034732,0.00662334895889193,-0.069355637278313,0.343648837629616,-0.158895269238418,-0.0691975429298906,-0.158924453163889,3,"CA",30000,2017,"donor_3","OH"
-9.31576529034732,0.00662334895889193,-0.069355637278313,0.343648837629616,-0.158895269238418,-0.0691975429298906,-0.158924453163889,3,"CA",30000,2017,"donor_1","MO"
-9.31576529034732,0.00662334895889193,-0.069355637278313,0.343648837629616,-0.158895269238418,-0.0691975429298906,-0.158924453163889,3,"CA",30000,2017,"donor_2","NJ"
-9.31576529034732,0.00662334895889193,-0.069355637278313,0.343648837629616,-0.158895269238418,-0.0691975429298906,-0.158924453163889,3,"CA",30000,2017,"donor_3","OH"
-9.31576529034732,0.00662334895889207,-0.0693556372783129,0.343648837629616,-0.158895269238418,-0.0691975429298905,-0.158924453163889,3,"CA",30000,2017,"donor_1","OH"
-9.31576529034732,0.00662334895889207,-0.0693556372783129,0.343648837629616,-0.158895269238418,-0.0691975429298905,-0.158924453163889,3,"CA",30000,2017,"donor_2","NJ"
-9.31576529034732,0.00662334895889207,-0.0693556372783129,0.343648837629616,-0.158895269238418,-0.0691975429298905,-0.158924453163889,3,"CA",30000,2017,"donor_3","MO"
0.428140044660033,0.007168562155551,0.141385810941365,0.280198728974993,-0.117867421044132,0.138378244340356,-0.117497282057771,3,"CA",30000,2017,"donor_1","AZ"
0.428140044660033,0.007168562155551,0.141385810941365,0.280198728974993,-0.117867421044132,0.138378244340356,-0.117497282057771,3,"CA",30000,2017,"donor_2","OH"
0.428140044660033,0.007168562155551,0.141385810941365,0.280198728974993,-0.117867421044132,0.138378244340356,-0.117497282057771,3,"CA",30000,2017,"donor_3","CO"
0.428140044660033,0.007168562155551,0.141385810941365,0.280198728974993,-0.117867421044132,0.138378244340356,-0.117497282057771,3,"CA",30000,2017,"donor_1","AZ"
0.428140044660033,0.007168562155551,0.141385810941365,0.280198728974993,-0.117867421044132,0.138378244340356,-0.117497282057771,3,"CA",30000,2017,"donor_2","CO"
0.428140044660033,0.007168562155551,0.141385810941365,0.280198728974993,-0.117867421044132,0.138378244340356,-0.117497282057771,3,"CA",30000,2017,"donor_3","OH"
0.428140044660033,0.007168562155551,0.141385810941365,0.280198728974993,-0.117867421044132,0.138378244340356,-0.117497282057771,3,"CA",30000,2017,"donor_1","OH"
0.428140044660033,0.007168562155551,0.141385810941365,0.280198728974993,-0.117867421044132,0.138378244340356,-0.117497282057771,3,"CA",30000,2017,"donor_2","AZ"
0.428140044660033,0.007168562155551,0.141385810941365,0.280198728974993,-0.117867421044132,0.138378244340356,-0.117497282057771,3,"CA",30000,2017,"donor_3","CO"
0.428140044660033,0.007168562155551,0.141385810941365,0.280198728974993,-0.117867421044132,0.138378244340356,-0.117497282057771,3,"CA",30000,2017,"donor_1","CO"
0.428140044660033,0.007168562155551,0.141385810941365,0.280198728974993,-0.117867421044132,0.138378244340356,-0.117497282057771,3,"CA",30000,2017,"donor_2","OH"
0.428140044660033,0.007168562155551,0.141385810941365,0.280198728974993,-0.117867421044132,0.138378244340356,-0.117497282057771,3,"CA",30000,2017,"donor_3","AZ"
0.428140044660033,0.007168562155551,0.141385810941365,0.280198728974993,-0.117867421044132,0.138378244340356,-0.117497282057771,3,"CA",30000,2017,"donor_1","AZ"
0.428140044660033,0.007168562155551,0.141385810941365,0.280198728974993,-0.117867421044132,0.138378244340356,-0.117497282057771,3,"CA",30000,2017,"donor_2","CO"
0.428140044660033,0.007168562155551,0.141385810941365,0.280198728974993,-0.117867421044132,0.138378244340356,-0.117497282057771,3,"CA",30000,2017,"donor_3","OH"
0.428140044660033,0.007168562155551,0.141385810941365,0.280198728974993,-0.117867421044132,0.138378244340356,-0.117497282057771,3,"CA",30000,2017,"donor_1","OH"
0.428140044660033,0.007168562155551,0.141385810941365,0.280198728974993,-0.117867421044132,0.138378244340356,-0.117497282057771,3,"CA",30000,2017,"donor_2","CO"
0.428140044660033,0.007168562155551,0.141385810941365,0.280198728974993,-0.117867421044132,0.138378244340356,-0.117497282057771,3,"CA",30000,2017,"donor_3","AZ"
0.428140044660033,0.007168562155551,0.141385810941365,0.280198728974993,-0.117867421044132,0.138378244340356,-0.117497282057771,3,"CA",30000,2017,"donor_1","OH"
0.428140044660033,0.007168562155551,0.141385810941365,0.280198728974993,-0.117867421044132,0.138378244340356,-0.117497282057771,3,"CA",30000,2017,"donor_2","AZ"
0.428140044660033,0.007168562155551,0.141385810941365,0.280198728974993,-0.117867421044132,0.138378244340356,-0.117497282057771,3,"CA",30000,2017,"donor_3","CO"
0.428140044660033,0.007168562155551,0.141385810941365,0.280198728974993,-0.117867421044132,0.138378244340356,-0.117497282057771,3,"CA",30000,2017,"donor_1","OH"
0.428140044660033,0.007168562155551,0.141385810941365,0.280198728974993,-0.117867421044132,0.138378244340356,-0.117497282057771,3,"CA",30000,2017,"donor_2","AZ"
0.428140044660033,0.007168562155551,0.141385810941365,0.280198728974993,-0.117867421044132,0.138378244340356,-0.117497282057771,3,"CA",30000,2017,"donor_3","CO"
0.428140044660033,0.007168562155551,0.141385810941365,0.280198728974993,-0.117867421044132,0.138378244340356,-0.117497282057771,3,"CA",30000,2017,"donor_1","CO"
0.428140044660033,0.007168562155551,0.141385810941365,0.280198728974993,-0.117867421044132,0.138378244340356,-0.117497282057771,3,"CA",30000,2017,"donor_2","AZ"
0.428140044660033,0.007168562155551,0.141385810941365,0.280198728974993,-0.117867421044132,0.138378244340356,-0.117497282057771,3,"CA",30000,2017,"donor_3","OH"
0.428140044660033,0.007168562155551,0.141385810941365,0.280198728974993,-0.117867421044132,0.138378244340356,-0.117497282057771,3,"CA",30000,2017,"donor_1","AZ"
0.428140044660033,0.007168562155551,0.141385810941365,0.280198728974993,-0.117867421044132,0.138378244340356,-0.117497282057771,3,"CA",30000,2017,"donor_2","CO"
0.428140044660033,0.007168562155551,0.141385810941365,0.280198728974993,-0.117867421044132,0.138378244340356,-0.117497282057771,3,"CA",30000,2017,"donor_3","OH"
0.428140044660033,0.007168562155551,0.141385810941365,0.280198728974993,-0.117867421044132,0.138378244340356,-0.117497282057771,3,"CA",30000,2017,"donor_1","CO"
0.428140044660033,0.007168562155551,0.141385810941365,0.280198728974993,-0.117867421044132,0.138378244340356,-0.117497282057771,3,"CA",30000,2017,"donor_2","OH"
0.428140044660033,0.007168562155551,0.141385810941365,0.280198728974993,-0.117867421044132,0.138378244340356,-0.117497282057771,3,"CA",30000,2017,"donor_3","AZ"
-0.960524982772442,0.00769421326806374,0.0378227273777232,0.308159423627137,-0.0670556744928593,0.0385155614603953,-0.0671584670553921,3,"CA",30000,2017,"donor_1","IN"
-0.960524982772442,0.00769421326806374,0.0378227273777232,0.308159423627137,-0.0670556744928593,0.0385155614603953,-0.0671584670553921,3,"CA",30000,2017,"donor_2","TX"
-0.960524982772442,0.00769421326806374,0.0378227273777232,0.308159423627137,-0.0670556744928593,0.0385155614603953,-0.0671584670553921,3,"CA",30000,2017,"donor_3","PA"
-0.960524982772448,0.00769421326806375,0.037822727377723,0.308159423627137,-0.0670556744928593,0.0385155614603951,-0.0671584670553921,3,"CA",30000,2017,"donor_1","IN"
-0.960524982772448,0.00769421326806375,0.037822727377723,0.308159423627137,-0.0670556744928593,0.0385155614603951,-0.0671584670553921,3,"CA",30000,2017,"donor_2","PA"
-0.960524982772448,0.00769421326806375,0.037822727377723,0.308159423627137,-0.0670556744928593,0.0385155614603951,-0.0671584670553921,3,"CA",30000,2017,"donor_3","TX"
-0.960524982772448,0.00769421326806375,0.037822727377723,0.308159423627137,-0.0670556744928593,0.0385155614603951,-0.0671584670553921,3,"CA",30000,2017,"donor_1","PA"
-0.960524982772448,0.00769421326806375,0.037822727377723,0.308159423627137,-0.0670556744928593,0.0385155614603951,-0.0671584670553921,3,"CA",30000,2017,"donor_2","IN"
-0.960524982772448,0.00769421326806375,0.037822727377723,0.308159423627137,-0.0670556744928593,0.0385155614603951,-0.0671584670553921,3,"CA",30000,2017,"donor_3","TX"
-0.960524982772448,0.00769421326806375,0.037822727377723,0.308159423627137,-0.0670556744928593,0.0385155614603951,-0.0671584670553921,3,"CA",30000,2017,"donor_1","PA"
-0.960524982772448,0.00769421326806375,0.037822727377723,0.308159423627137,-0.0670556744928593,0.0385155614603951,-0.0671584670553921,3,"CA",30000,2017,"donor_2","IN"
-0.960524982772448,0.00769421326806375,0.037822727377723,0.308159423627137,-0.0670556744928593,0.0385155614603951,-0.0671584670553921,3,"CA",30000,2017,"donor_3","TX"
-4.97915975875356,0.00773447770582406,0.159580688516874,0.275802155609293,-0.146736098936983,0.156103805353865,-0.146321373258061,3,"CA",30000,2017,"donor_1","TN"
-4.97915975875356,0.00773447770582406,0.159580688516874,0.275802155609293,-0.146736098936983,0.156103805353865,-0.146321373258061,3,"CA",30000,2017,"donor_2","IN"
-4.97915975875356,0.00773447770582406,0.159580688516874,0.275802155609293,-0.146736098936983,0.156103805353865,-0.146321373258061,3,"CA",30000,2017,"donor_3","MO"
-4.97915975875356,0.00773447770582406,0.159580688516874,0.275802155609293,-0.146736098936983,0.156103805353865,-0.146321373258061,3,"CA",30000,2017,"donor_1","MO"
-4.97915975875356,0.00773447770582406,0.159580688516874,0.275802155609293,-0.146736098936983,0.156103805353865,-0.146321373258061,3,"CA",30000,2017,"donor_2","IN"
-4.97915975875356,0.00773447770582406,0.159580688516874,0.275802155609293,-0.146736098936983,0.156103805353865,-0.146321373258061,3,"CA",30000,2017,"donor_3","TN"
-4.97915975875356,0.00773447770582406,0.159580688516874,0.275802155609293,-0.146736098936983,0.156103805353865,-0.146321373258061,3,"CA",30000,2017,"donor_1","TN"
-4.97915975875356,0.00773447770582406,0.159580688516874,0.275802155609293,-0.146736098936983,0.156103805353865,-0.146321373258061,3,"CA",30000,2017,"donor_2","IN"
-4.97915975875356,0.00773447770582406,0.159580688516874,0.275802155609293,-0.146736098936983,0.156103805353865,-0.146321373258061,3,"CA",30000,2017,"donor_3","MO"
-2.9883858880914,0.00150490375060824,-0.143724366401848,0.711473490858828,-0.083733132553314,-0.143497672978125,-0.0837802095887297,3,"VT",30000,2015,"donor_1","CO"
-2.9883858880914,0.00150490375060824,-0.143724366401848,0.711473490858828,-0.083733132553314,-0.143497672978125,-0.0837802095887297,3,"VT",30000,2015,"donor_2","SC"
-2.9883858880914,0.00150490375060824,-0.143724366401848,0.711473490858828,-0.083733132553314,-0.143497672978125,-0.0837802095887297,3,"VT",30000,2015,"donor_3","WA"
-2.9883858880914,0.00150490375060824,-0.143724366401848,0.711473490858828,-0.083733132553314,-0.143497672978125,-0.0837802095887297,3,"VT",30000,2015,"donor_1","SC"
-2.9883858880914,0.00150490375060824,-0.143724366401848,0.711473490858828,-0.083733132553314,-0.143497672978125,-0.0837802095887297,3,"VT",30000,2015,"donor_2","CO"
-2.9883858880914,0.00150490375060824,-0.143724366401848,0.711473490858828,-0.083733132553314,-0.143497672978125,-0.0837802095887297,3,"VT",30000,2015,"donor_3","WA"
-4.52258463780211,0.00433758129789484,-0.194304005182895,0.75613806956025,-0.0866263247457037,-0.192831049527954,-0.0869712828380657,3,"VT",30000,2015,"donor_1","CO"
-4.52258463780211,0.00433758129789484,-0.194304005182895,0.75613806956025,-0.0866263247457037,-0.192831049527954,-0.0869712828380657,3,"VT",30000,2015,"donor_2","KY"
-4.52258463780211,0.00433758129789484,-0.194304005182895,0.75613806956025,-0.0866263247457037,-0.192831049527954,-0.0869712828380657,3,"VT",30000,2015,"donor_3","PA"
-4.52258463780211,0.00433758129789484,-0.194304005182895,0.75613806956025,-0.0866263247457037,-0.192831049527954,-0.0869712828380657,3,"VT",30000,2015,"donor_1","PA"
-4.52258463780211,0.00433758129789484,-0.194304005182895,0.75613806956025,-0.0866263247457037,-0.192831049527954,-0.0869712828380657,3,"VT",30000,2015,"donor_2","CO"
-4.52258463780211,0.00433758129789484,-0.194304005182895,0.75613806956025,-0.0866263247457037,-0.192831049527954,-0.0869712828380657,3,"VT",30000,2015,"donor_3","KY"
-4.52258463780211,0.00433758129789484,-0.194304005182895,0.75613806956025,-0.0866263247457037,-0.192831049527954,-0.0869712828380657,3,"VT",30000,2015,"donor_1","PA"
-4.52258463780211,0.00433758129789484,-0.194304005182895,0.75613806956025,-0.0866263247457037,-0.192831049527954,-0.0869712828380657,3,"VT",30000,2015,"donor_2","KY"
-4.52258463780211,0.00433758129789484,-0.194304005182895,0.75613806956025,-0.0866263247457037,-0.192831049527954,-0.0869712828380657,3,"VT",30000,2015,"donor_3","CO"
-4.52258463780211,0.00433758129789484,-0.194304005182895,0.75613806956025,-0.0866263247457037,-0.192831049527954,-0.0869712828380657,3,"VT",30000,2015,"donor_1","PA"
-4.52258463780211,0.00433758129789484,-0.194304005182895,0.75613806956025,-0.0866263247457037,-0.192831049527954,-0.0869712828380657,3,"VT",30000,2015,"donor_2","CO"
-4.52258463780211,0.00433758129789484,-0.194304005182895,0.75613806956025,-0.0866263247457037,-0.192831049527954,-0.0869712828380657,3,"VT",30000,2015,"donor_3","KY"
-4.52258463780211,0.00433758129789484,-0.194304005182895,0.75613806956025,-0.0866263247457037,-0.192831049527954,-0.0869712828380657,3,"VT",30000,2015,"donor_1","KY"
-4.52258463780211,0.00433758129789484,-0.194304005182895,0.75613806956025,-0.0866263247457037,-0.192831049527954,-0.0869712828380657,3,"VT",30000,2015,"donor_2","CO"
-4.52258463780211,0.00433758129789484,-0.194304005182895,0.75613806956025,-0.0866263247457037,-0.192831049527954,-0.0869712828380657,3,"VT",30000,2015,"donor_3","PA"
-4.52258463780211,0.00433758129789484,-0.194304005182895,0.75613806956025,-0.0866263247457037,-0.192831049527954,-0.0869712828380657,3,"VT",30000,2015,"donor_1","PA"
-4.52258463780211,0.00433758129789484,-0.194304005182895,0.75613806956025,-0.0866263247457037,-0.192831049527954,-0.0869712828380657,3,"VT",30000,2015,"donor_2","KY"
-4.52258463780211,0.00433758129789484,-0.194304005182895,0.75613806956025,-0.0866263247457037,-0.192831049527954,-0.0869712828380657,3,"VT",30000,2015,"donor_3","CO"
-4.52258463780211,0.00433758129789484,-0.194304005182895,0.75613806956025,-0.0866263247457037,-0.192831049527954,-0.0869712828380657,3,"VT",30000,2015,"donor_1","CO"
-4.52258463780211,0.00433758129789484,-0.194304005182895,0.75613806956025,-0.0866263247457037,-0.192831049527954,-0.0869712828380657,3,"VT",30000,2015,"donor_2","KY"
-4.52258463780211,0.00433758129789484,-0.194304005182895,0.75613806956025,-0.0866263247457037,-0.192831049527954,-0.0869712828380657,3,"VT",30000,2015,"donor_3","PA"
-2.94600642096537,0.00456278698935852,-0.0168649143097113,0.619668062955643,-0.098723417715169,-0.0145973705338851,-0.0990799025715151,3,"VT",30000,2015,"donor_1","AZ"
-2.94600642096537,0.00456278698935852,-0.0168649143097113,0.619668062955643,-0.098723417715169,-0.0145973705338851,-0.0990799025715151,3,"VT",30000,2015,"donor_2","IN"
-2.94600642096537,0.00456278698935852,-0.0168649143097113,0.619668062955643,-0.098723417715169,-0.0145973705338851,-0.0990799025715151,3,"VT",30000,2015,"donor_3","CO"
-2.94600642096537,0.00456278698935852,-0.0168649143097112,0.619668062955643,-0.098723417715169,-0.014597370533885,-0.0990799025715151,3,"VT",30000,2015,"donor_1","CO"
-2.94600642096537,0.00456278698935852,-0.0168649143097112,0.619668062955643,-0.098723417715169,-0.014597370533885,-0.0990799025715151,3,"VT",30000,2015,"donor_2","IN"
-2.94600642096537,0.00456278698935852,-0.0168649143097112,0.619668062955643,-0.098723417715169,-0.014597370533885,-0.0990799025715151,3,"VT",30000,2015,"donor_3","AZ"
-2.94600642096537,0.00456278698935852,-0.0168649143097113,0.619668062955643,-0.098723417715169,-0.0145973705338851,-0.0990799025715151,3,"VT",30000,2015,"donor_1","IN"
-2.94600642096537,0.00456278698935852,-0.0168649143097113,0.619668062955643,-0.098723417715169,-0.0145973705338851,-0.0990799025715151,3,"VT",30000,2015,"donor_2","AZ"
-2.94600642096537,0.00456278698935852,-0.0168649143097113,0.619668062955643,-0.098723417715169,-0.0145973705338851,-0.0990799025715151,3,"VT",30000,2015,"donor_3","CO"
-2.94600642096535,0.00456278698935852,-0.0168649143097113,0.619668062955643,-0.098723417715169,-0.0145973705338852,-0.0990799025715151,3,"VT",30000,2015,"donor_1","CO"
-2.94600642096535,0.00456278698935852,-0.0168649143097113,0.619668062955643,-0.098723417715169,-0.0145973705338852,-0.0990799025715151,3,"VT",30000,2015,"donor_2","AZ"
-2.94600642096535,0.00456278698935852,-0.0168649143097113,0.619668062955643,-0.098723417715169,-0.0145973705338852,-0.0990799025715151,3,"VT",30000,2015,"donor_3","IN"
-2.94600642096537,0.00456278698935852,-0.0168649143097112,0.619668062955643,-0.098723417715169,-0.014597370533885,-0.0990799025715151,3,"VT",30000,2015,"donor_1","CO"
-2.94600642096537,0.00456278698935852,-0.0168649143097112,0.619668062955643,-0.098723417715169,-0.014597370533885,-0.0990799025715151,3,"VT",30000,2015,"donor_2","IN"
-2.94600642096537,0.00456278698935852,-0.0168649143097112,0.619668062955643,-0.098723417715169,-0.014597370533885,-0.0990799025715151,3,"VT",30000,2015,"donor_3","AZ"
-2.94600642096537,0.00456278698935852,-0.0168649143097113,0.619668062955643,-0.098723417715169,-0.0145973705338851,-0.0990799025715151,3,"VT",30000,2015,"donor_1","AZ"
-2.94600642096537,0.00456278698935852,-0.0168649143097113,0.619668062955643,-0.098723417715169,-0.0145973705338851,-0.0990799025715151,3,"VT",30000,2015,"donor_2","IN"
-2.94600642096537,0.00456278698935852,-0.0168649143097113,0.619668062955643,-0.098723417715169,-0.0145973705338851,-0.0990799025715151,3,"VT",30000,2015,"donor_3","CO"
-2.94600642096537,0.00456278698935852,-0.0168649143097112,0.619668062955643,-0.098723417715169,-0.014597370533885,-0.0990799025715151,3,"VT",30000,2015,"donor_1","IN"
-2.94600642096537,0.00456278698935852,-0.0168649143097112,0.619668062955643,-0.098723417715169,-0.014597370533885,-0.0990799025715151,3,"VT",30000,2015,"donor_2","CO"
-2.94600642096537,0.00456278698935852,-0.0168649143097112,0.619668062955643,-0.098723417715169,-0.014597370533885,-0.0990799025715151,3,"VT",30000,2015,"donor_3","AZ"
-2.94600642096535,0.00456278698935852,-0.0168649143097113,0.619668062955643,-0.098723417715169,-0.0145973705338852,-0.0990799025715151,3,"VT",30000,2015,"donor_1","CO"
-2.94600642096535,0.00456278698935852,-0.0168649143097113,0.619668062955643,-0.098723417715169,-0.0145973705338852,-0.0990799025715151,3,"VT",30000,2015,"donor_2","AZ"
-2.94600642096535,0.00456278698935852,-0.0168649143097113,0.619668062955643,-0.098723417715169,-0.0145973705338852,-0.0990799025715151,3,"VT",30000,2015,"donor_3","IN"
-2.19667203059345,0.00516627227800203,-0.142934087999612,0.71081745947814,-0.0883474911781111,-0.14087175194219,-0.0887740702366628,3,"VT",30000,2015,"donor_1","UT"
-2.19667203059345,0.00516627227800203,-0.142934087999612,0.71081745947814,-0.0883474911781111,-0.14087175194219,-0.0887740702366628,3,"VT",30000,2015,"donor_2","CO"
-2.19667203059345,0.00516627227800203,-0.142934087999612,0.71081745947814,-0.0883474911781111,-0.14087175194219,-0.0887740702366628,3,"VT",30000,2015,"donor_3","AZ"
-2.19667203059345,0.00516627227800203,-0.142934087999612,0.71081745947814,-0.0883474911781111,-0.14087175194219,-0.0887740702366628,3,"VT",30000,2015,"donor_1","UT"
-2.19667203059345,0.00516627227800203,-0.142934087999612,0.71081745947814,-0.0883474911781111,-0.14087175194219,-0.0887740702366628,3,"VT",30000,2015,"donor_2","CO"
-2.19667203059345,0.00516627227800203,-0.142934087999612,0.71081745947814,-0.0883474911781111,-0.14087175194219,-0.0887740702366628,3,"VT",30000,2015,"donor_3","AZ"
-2.19667203059345,0.00516627227800218,-0.142934087999612,0.71081745947814,-0.0883474911781111,-0.14087175194219,-0.0887740702366629,3,"VT",30000,2015,"donor_1","CO"
-2.19667203059345,0.00516627227800218,-0.142934087999612,0.71081745947814,-0.0883474911781111,-0.14087175194219,-0.0887740702366629,3,"VT",30000,2015,"donor_2","AZ"
-2.19667203059345,0.00516627227800218,-0.142934087999612,0.71081745947814,-0.0883474911781111,-0.14087175194219,-0.0887740702366629,3,"VT",30000,2015,"donor_3","UT"
-2.19667203059345,0.00516627227800218,-0.142934087999612,0.71081745947814,-0.0883474911781111,-0.14087175194219,-0.0887740702366629,3,"VT",30000,2015,"donor_1","UT"
-2.19667203059345,0.00516627227800218,-0.142934087999612,0.71081745947814,-0.0883474911781111,-0.14087175194219,-0.0887740702366629,3,"VT",30000,2015,"donor_2","AZ"
-2.19667203059345,0.00516627227800218,-0.142934087999612,0.71081745947814,-0.0883474911781111,-0.14087175194219,-0.0887740702366629,3,"VT",30000,2015,"donor_3","CO"
-2.19667203059345,0.00516627227800218,-0.142934087999612,0.71081745947814,-0.0883474911781111,-0.14087175194219,-0.0887740702366629,3,"VT",30000,2015,"donor_1","AZ"
-2.19667203059345,0.00516627227800218,-0.142934087999612,0.71081745947814,-0.0883474911781111,-0.14087175194219,-0.0887740702366629,3,"VT",30000,2015,"donor_2","UT"
-2.19667203059345,0.00516627227800218,-0.142934087999612,0.71081745947814,-0.0883474911781111,-0.14087175194219,-0.0887740702366629,3,"VT",30000,2015,"donor_3","CO"
-1.37729294483031,0.00753386816800762,-0.15504798946488,0.721008301746753,-0.148501366998051,-0.153529617118656,-0.148824697586135,3,"VT",30000,2015,"donor_1","SC"
-1.37729294483031,0.00753386816800762,-0.15504798946488,0.721008301746753,-0.148501366998051,-0.153529617118656,-0.148824697586135,3,"VT",30000,2015,"donor_2","NC"
-1.37729294483031,0.00753386816800762,-0.15504798946488,0.721008301746753,-0.148501366998051,-0.153529617118656,-0.148824697586135,3,"VT",30000,2015,"donor_3","CO"
-1.37729294483031,0.00753386816800762,-0.15504798946488,0.721008301746753,-0.148501366998051,-0.153529617118656,-0.148824697586135,3,"VT",30000,2015,"donor_1","NC"
-1.37729294483031,0.00753386816800762,-0.15504798946488,0.721008301746753,-0.148501366998051,-0.153529617118656,-0.148824697586135,3,"VT",30000,2015,"donor_2","SC"
-1.37729294483031,0.00753386816800762,-0.15504798946488,0.721008301746753,-0.148501366998051,-0.153529617118656,-0.148824697586135,3,"VT",30000,2015,"donor_3","CO"
-1.37729294483031,0.00753386816800762,-0.15504798946488,0.721008301746753,-0.148501366998051,-0.153529617118656,-0.148824697586135,3,"VT",30000,2015,"donor_1","NC"
-1.37729294483031,0.00753386816800762,-0.15504798946488,0.721008301746753,-0.148501366998051,-0.153529617118656,-0.148824697586135,3,"VT",30000,2015,"donor_2","SC"
-1.37729294483031,0.00753386816800762,-0.15504798946488,0.721008301746753,-0.148501366998051,-0.153529617118656,-0.148824697586135,3,"VT",30000,2015,"donor_3","CO"
-1.37729294483031,0.00753386816800762,-0.15504798946488,0.721008301746753,-0.148501366998051,-0.153529617118656,-0.148824697586135,3,"VT",30000,2015,"donor_1","SC"
-1.37729294483031,0.00753386816800762,-0.15504798946488,0.721008301746753,-0.148501366998051,-0.153529617118656,-0.148824697586135,3,"VT",30000,2015,"donor_2","NC"
-1.37729294483031,0.00753386816800762,-0.15504798946488,0.721008301746753,-0.148501366998051,-0.153529617118656,-0.148824697586135,3,"VT",30000,2015,"donor_3","CO"
-1.37729294483035,0.00753386816800763,-0.15504798946488,0.721008301746753,-0.148501366998051,-0.153529617118656,-0.148824697586135,3,"VT",30000,2015,"donor_1","SC"
-1.37729294483035,0.00753386816800763,-0.15504798946488,0.721008301746753,-0.148501366998051,-0.153529617118656,-0.148824697586135,3,"VT",30000,2015,"donor_2","CO"
-1.37729294483035,0.00753386816800763,-0.15504798946488,0.721008301746753,-0.148501366998051,-0.153529617118656,-0.148824697586135,3,"VT",30000,2015,"donor_3","NC"
-1.37729294483035,0.00753386816800763,-0.15504798946488,0.721008301746753,-0.148501366998051,-0.153529617118656,-0.148824697586135,3,"VT",30000,2015,"donor_1","CO"
-1.37729294483035,0.00753386816800763,-0.15504798946488,0.721008301746753,-0.148501366998051,-0.153529617118656,-0.148824697586135,3,"VT",30000,2015,"donor_2","SC"
-1.37729294483035,0.00753386816800763,-0.15504798946488,0.721008301746753,-0.148501366998051,-0.153529617118656,-0.148824697586135,3,"VT",30000,2015,"donor_3","NC"
-1.37729294483035,0.00753386816800763,-0.15504798946488,0.721008301746753,-0.148501366998051,-0.153529617118656,-0.148824697586135,3,"VT",30000,2015,"donor_1","SC"
-1.37729294483035,0.00753386816800763,-0.15504798946488,0.721008301746753,-0.148501366998051,-0.153529617118656,-0.148824697586135,3,"VT",30000,2015,"donor_2","CO"
-1.37729294483035,0.00753386816800763,-0.15504798946488,0.721008301746753,-0.148501366998051,-0.153529617118656,-0.148824697586135,3,"VT",30000,2015,"donor_3","NC"
-1.37729294483035,0.00753386816800763,-0.15504798946488,0.721008301746753,-0.148501366998051,-0.153529617118656,-0.148824697586135,3,"VT",30000,2015,"donor_1","CO"
-1.37729294483035,0.00753386816800763,-0.15504798946488,0.721008301746753,-0.148501366998051,-0.153529617118656,-0.148824697586135,3,"VT",30000,2015,"donor_2","NC"
-1.37729294483035,0.00753386816800763,-0.15504798946488,0.721008301746753,-0.148501366998051,-0.153529617118656,-0.148824697586135,3,"VT",30000,2015,"donor_3","SC"
-1.37729294483035,0.00753386816800763,-0.15504798946488,0.721008301746753,-0.148501366998051,-0.153529617118656,-0.148824697586135,3,"VT",30000,2015,"donor_1","CO"
-1.37729294483035,0.00753386816800763,-0.15504798946488,0.721008301746753,-0.148501366998051,-0.153529617118656,-0.148824697586135,3,"VT",30000,2015,"donor_2","SC"
-1.37729294483035,0.00753386816800763,-0.15504798946488,0.721008301746753,-0.148501366998051,-0.153529617118656,-0.148824697586135,3,"VT",30000,2015,"donor_3","NC"
-1.37729294483035,0.00753386816800763,-0.15504798946488,0.721008301746753,-0.148501366998051,-0.153529617118656,-0.148824697586135,3,"VT",30000,2015,"donor_1","NC"
-1.37729294483035,0.00753386816800763,-0.15504798946488,0.721008301746753,-0.148501366998051,-0.153529617118656,-0.148824697586135,3,"VT",30000,2015,"donor_2","CO"
-1.37729294483035,0.00753386816800763,-0.15504798946488,0.721008301746753,-0.148501366998051,-0.153529617118656,-0.148824697586135,3,"VT",30000,2015,"donor_3","SC"
-1.37729294483035,0.00753386816800763,-0.15504798946488,0.721008301746753,-0.148501366998051,-0.153529617118656,-0.148824697586135,3,"VT",30000,2015,"donor_1","CO"
-1.37729294483035,0.00753386816800763,-0.15504798946488,0.721008301746753,-0.148501366998051,-0.153529617118656,-0.148824697586135,3,"VT",30000,2015,"donor_2","SC"
-1.37729294483035,0.00753386816800763,-0.15504798946488,0.721008301746753,-0.148501366998051,-0.153529617118656,-0.148824697586135,3,"VT",30000,2015,"donor_3","NC"
-1.37729294483035,0.00753386816800763,-0.15504798946488,0.721008301746753,-0.148501366998051,-0.153529617118656,-0.148824697586135,3,"VT",30000,2015,"donor_1","NC"
-1.37729294483035,0.00753386816800763,-0.15504798946488,0.721008301746753,-0.148501366998051,-0.153529617118656,-0.148824697586135,3,"VT",30000,2015,"donor_2","CO"
-1.37729294483035,0.00753386816800763,-0.15504798946488,0.721008301746753,-0.148501366998051,-0.153529617118656,-0.148824697586135,3,"VT",30000,2015,"donor_3","SC"
-1.37729294483035,0.00753386816800763,-0.15504798946488,0.721008301746753,-0.148501366998051,-0.153529617118656,-0.148824697586135,3,"VT",30000,2015,"donor_1","CO"
-1.37729294483035,0.00753386816800763,-0.15504798946488,0.721008301746753,-0.148501366998051,-0.153529617118656,-0.148824697586135,3,"VT",30000,2015,"donor_2","SC"
-1.37729294483035,0.00753386816800763,-0.15504798946488,0.721008301746753,-0.148501366998051,-0.153529617118656,-0.148824697586135,3,"VT",30000,2015,"donor_3","NC"
-1.37729294483035,0.00753386816800763,-0.15504798946488,0.721008301746753,-0.148501366998051,-0.153529617118656,-0.148824697586135,3,"VT",30000,2015,"donor_1","CO"
-1.37729294483035,0.00753386816800763,-0.15504798946488,0.721008301746753,-0.148501366998051,-0.153529617118656,-0.148824697586135,3,"VT",30000,2015,"donor_2","SC"
-1.37729294483035,0.00753386816800763,-0.15504798946488,0.721008301746753,-0.148501366998051,-0.153529617118656,-0.148824697586135,3,"VT",30000,2015,"donor_3","NC"
-3.61994967584795,0.0075579602717286,-0.172758476052992,0.736444431931656,-0.0798521259916737,-0.173506408340544,-0.0796855153324417,3,"VT",30000,2015,"donor_1","OR"
-3.61994967584795,0.0075579602717286,-0.172758476052992,0.736444431931656,-0.0798521259916737,-0.173506408340544,-0.0796855153324417,3,"VT",30000,2015,"donor_2","SC"
-3.61994967584795,0.0075579602717286,-0.172758476052992,0.736444431931656,-0.0798521259916737,-0.173506408340544,-0.0796855153324417,3,"VT",30000,2015,"donor_3","CO"
-3.61994967584795,0.0075579602717286,-0.172758476052992,0.736444431931656,-0.0798521259916737,-0.173506408340544,-0.0796855153324417,3,"VT",30000,2015,"donor_1","SC"
-3.61994967584795,0.0075579602717286,-0.172758476052992,0.736444431931656,-0.0798521259916737,-0.173506408340544,-0.0796855153324417,3,"VT",30000,2015,"donor_2","CO"
-3.61994967584795,0.0075579602717286,-0.172758476052992,0.736444431931656,-0.0798521259916737,-0.173506408340544,-0.0796855153324417,3,"VT",30000,2015,"donor_3","OR"
-3.61994967584795,0.0075579602717286,-0.172758476052992,0.736444431931656,-0.0798521259916737,-0.173506408340544,-0.0796855153324417,3,"VT",30000,2015,"donor_1","CO"
-3.61994967584795,0.0075579602717286,-0.172758476052992,0.736444431931656,-0.0798521259916737,-0.173506408340544,-0.0796855153324417,3,"VT",30000,2015,"donor_2","OR"
-3.61994967584795,0.0075579602717286,-0.172758476052992,0.736444431931656,-0.0798521259916737,-0.173506408340544,-0.0796855153324417,3,"VT",30000,2015,"donor_3","SC"
-3.61994967584795,0.0075579602717286,-0.172758476052992,0.736444431931656,-0.0798521259916737,-0.173506408340544,-0.0796855153324417,3,"VT",30000,2015,"donor_1","CO"
-3.61994967584795,0.0075579602717286,-0.172758476052992,0.736444431931656,-0.0798521259916737,-0.173506408340544,-0.0796855153324417,3,"VT",30000,2015,"donor_2","OR"
-3.61994967584795,0.0075579602717286,-0.172758476052992,0.736444431931656,-0.0798521259916737,-0.173506408340544,-0.0796855153324417,3,"VT",30000,2015,"donor_3","SC"
-3.61994967584795,0.0075579602717286,-0.172758476052992,0.736444431931656,-0.0798521259916737,-0.173506408340544,-0.0796855153324417,3,"VT",30000,2015,"donor_1","SC"
-3.61994967584795,0.0075579602717286,-0.172758476052992,0.736444431931656,-0.0798521259916737,-0.173506408340544,-0.0796855153324417,3,"VT",30000,2015,"donor_2","OR"
-3.61994967584795,0.0075579602717286,-0.172758476052992,0.736444431931656,-0.0798521259916737,-0.173506408340544,-0.0796855153324417,3,"VT",30000,2015,"donor_3","CO"
-3.61994967584795,0.0075579602717286,-0.172758476052992,0.736444431931656,-0.0798521259916737,-0.173506408340544,-0.0796855153324417,3,"VT",30000,2015,"donor_1","SC"
-3.61994967584795,0.0075579602717286,-0.172758476052992,0.736444431931656,-0.0798521259916737,-0.173506408340544,-0.0796855153324417,3,"VT",30000,2015,"donor_2","CO"
-3.61994967584795,0.0075579602717286,-0.172758476052992,0.736444431931656,-0.0798521259916737,-0.173506408340544,-0.0796855153324417,3,"VT",30000,2015,"donor_3","OR"
-3.61994967584795,0.0075579602717286,-0.172758476052992,0.736444431931656,-0.0798521259916737,-0.173506408340544,-0.0796855153324417,3,"VT",30000,2015,"donor_1","CO"
-3.61994967584795,0.0075579602717286,-0.172758476052992,0.736444431931656,-0.0798521259916737,-0.173506408340544,-0.0796855153324417,3,"VT",30000,2015,"donor_2","SC"
-3.61994967584795,0.0075579602717286,-0.172758476052992,0.736444431931656,-0.0798521259916737,-0.173506408340544,-0.0796855153324417,3,"VT",30000,2015,"donor_3","OR"
-3.61994967584795,0.0075579602717286,-0.172758476052992,0.736444431931656,-0.0798521259916737,-0.173506408340544,-0.0796855153324417,3,"VT",30000,2015,"donor_1","SC"
-3.61994967584795,0.0075579602717286,-0.172758476052992,0.736444431931656,-0.0798521259916737,-0.173506408340544,-0.0796855153324417,3,"VT",30000,2015,"donor_2","OR"
-3.61994967584795,0.0075579602717286,-0.172758476052992,0.736444431931656,-0.0798521259916737,-0.173506408340544,-0.0796855153324417,3,"VT",30000,2015,"donor_3","CO"
-3.61994967584795,0.0075579602717286,-0.172758476052992,0.736444431931656,-0.0798521259916737,-0.173506408340544,-0.0796855153324417,3,"VT",30000,2015,"donor_1","OR"
-3.61994967584795,0.0075579602717286,-0.172758476052992,0.736444431931656,-0.0798521259916737,-0.173506408340544,-0.0796855153324417,3,"VT",30000,2015,"donor_2","SC"
-3.61994967584795,0.0075579602717286,-0.172758476052992,0.736444431931656,-0.0798521259916737,-0.173506408340544,-0.0796855153324417,3,"VT",30000,2015,"donor_3","CO"
-3.61994967584795,0.0075579602717286,-0.172758476052992,0.736444431931656,-0.0798521259916737,-0.173506408340544,-0.0796855153324417,3,"VT",30000,2015,"donor_1","OR"
-3.61994967584795,0.0075579602717286,-0.172758476052992,0.736444431931656,-0.0798521259916737,-0.173506408340544,-0.0796855153324417,3,"VT",30000,2015,"donor_2","SC"
-3.61994967584795,0.0075579602717286,-0.172758476052992,0.736444431931656,-0.0798521259916737,-0.173506408340544,-0.0796855153324417,3,"VT",30000,2015,"donor_3","CO"
-3.61994967584795,0.0075579602717286,-0.172758476052992,0.736444431931656,-0.0798521259916737,-0.173506408340544,-0.0796855153324417,3,"VT",30000,2015,"donor_1","SC"
-3.61994967584795,0.0075579602717286,-0.172758476052992,0.736444431931656,-0.0798521259916737,-0.173506408340544,-0.0796855153324417,3,"VT",30000,2015,"donor_2","CO"
-3.61994967584795,0.0075579602717286,-0.172758476052992,0.736444431931656,-0.0798521259916737,-0.173506408340544,-0.0796855153324417,3,"VT",30000,2015,"donor_3","OR"
-3.61994967584795,0.0075579602717286,-0.172758476052992,0.736444431931656,-0.0798521259916737,-0.173506408340544,-0.0796855153324417,3,"VT",30000,2015,"donor_1","OR"
-3.61994967584795,0.0075579602717286,-0.172758476052992,0.736444431931656,-0.0798521259916737,-0.173506408340544,-0.0796855153324417,3,"VT",30000,2015,"donor_2","CO"
-3.61994967584795,0.0075579602717286,-0.172758476052992,0.736444431931656,-0.0798521259916737,-0.173506408340544,-0.0796855153324417,3,"VT",30000,2015,"donor_3","SC"
-0.878926079792299,0.00788889791698692,-0.10480236332455,0.680539569380365,-0.13311875541935,-0.105362183007687,-0.133012293497314,3,"VT",30000,2015,"donor_1","GA"
-0.878926079792299,0.00788889791698692,-0.10480236332455,0.680539569380365,-0.13311875541935,-0.105362183007687,-0.133012293497314,3,"VT",30000,2015,"donor_2","AZ"
-0.878926079792299,0.00788889791698692,-0.10480236332455,0.680539569380365,-0.13311875541935,-0.105362183007687,-0.133012293497314,3,"VT",30000,2015,"donor_3","CO"
-0.878926079792299,0.00788889791698692,-0.10480236332455,0.680539569380365,-0.13311875541935,-0.105362183007687,-0.133012293497314,3,"VT",30000,2015,"donor_1","AZ"
-0.878926079792299,0.00788889791698692,-0.10480236332455,0.680539569380365,-0.13311875541935,-0.105362183007687,-0.133012293497314,3,"VT",30000,2015,"donor_2","GA"
-0.878926079792299,0.00788889791698692,-0.10480236332455,0.680539569380365,-0.13311875541935,-0.105362183007687,-0.133012293497314,3,"VT",30000,2015,"donor_3","CO"
